en	phonetic	cn	example	exampleCn	synonym	root
environment	/ɪnˈvaɪrənmənt/	n. 环境	We should protect the environment.	我们应该保护环境。	同义：surroundings, atmosphere反义：chaos	en 在内 + viron 环绕 + ment；周围环绕
opportunity	/ˌɒpəˈtjuːnəti/	n. 机会	This is a great opportunity for you.	这对你来说是个好机会。		
knowledge	/ˈnɒlɪdʒ/	n. 知识	Knowledge is power.	知识就是力量。		
experience	/ɪkˈspɪəriəns/	n. 经验	Experience is the best teacher.	经验是最好的老师。		
improve	/ɪmˈpruːv/	v. 提高	I want to improve my English.	我想提高我的英语。		
achieve	/əˈtʃiːv/	v. 实现	Work hard to achieve your goal.	努力实现你的目标。	同义：accomplish, attain反义：fail	a 到 + chief 终点
influence	/ˈɪnfluəns/	n. 影响	Music has a great influence on me.	音乐对我有很大影响。		
communicate	/kəˈmjuːnɪkeɪt/	v. 交流	We should communicate with each other.	我们应该互相交流。	同义：talk, exchange反义：isolate	com 共同 + mun 交流 + icate
culture	/ˈkʌltʃə(r)/	n. 文化	Every country has its own culture.	每个国家都有自己的文化。		
develop	/dɪˈveləp/	v. 发展	The city is developing fast.	这座城市发展很快。	同义：grow, cultivate反义：weaken	de 去掉 + vel 包裹；打开包裹发展
education	/ˌedʒuˈkeɪʃn/	n. 教育	Education is very important.	教育非常重要。	同义：schooling, teaching反义：ignorance	educate + ion 名词后缀
effort	/ˈefət/	n. 努力	Success needs hard effort.	成功需要努力。	同义：attempt, struggle反义：laziness	ef 向外 + fort 力量；使出力量
future	/ˈfjuːtʃə(r)/	n. 未来	The future is in your hands.	未来掌握在你手中。		
health	/helθ/	n. 健康	Health is more important than wealth.	健康比财富更重要。		
independent	/ˌɪndɪˈpendənt/	adj. 独立的	She is an independent girl.	她是一个独立的女孩。		
language	/ˈlæŋɡwɪdʒ/	n. 语言	English is a world language.	英语是一门世界语言。		
memory	/ˈmeməri/	n. 记忆	I have a good memory.	我的记忆力很好。		
patient	/ˈpeɪʃnt/	adj. 有耐心的	Be patient with your study.	学习要有耐心。		
practice	/ˈpræktɪs/	v. 练习	Practice makes perfect.	熟能生巧。		
progress	/ˈprəɡres/	n. 进步	You have made great progress.	你取得了很大进步。		
abandon	/əˈbændən/	v. 放弃；抛弃	Never abandon your dreams.	永远不要放弃你的梦想。	同义：desert, give up反义：retain, hold on	a - 脱离 + band 束缚；挣脱束缚→抛弃
ability	/əˈbɪləti/	n. 能力	She has the ability to solve it.	她有能力解决这件事。	同义：capability, skill反义：disability	able 有能力 + ity 名词后缀
absorb	/əbˈzɔːb/	v. 吸收	Plants absorb water from soil.	植物从土壤中吸收水分。	同义：assimilate, soak反义：release	ab 加强 + sorb 吸入
access	/ˈækses/	n. 通道；机会	Students have free access to the library.	学生可以免费使用图书馆。	同义：entry, reach反义：block	ac 靠近 + cess 行走
accompany	/əˈkʌmpəni/	v. 陪伴	I will accompany you to the airport.	我会陪你去机场。	同义：escort, go with反义：leave alone	ac 共同 + company 同伴
accomplish	/əˈkʌmplɪʃ/	v. 完成	He accomplished the task on time.	他按时完成了任务。	同义：achieve, finish反义：fail	ac 完全 + compl 填满 + ish
accurate	/ˈækjərət/	adj. 准确的	The report is accurate.	这份报告是准确的。	同义：precise, exact反义：inaccurate	ac 加强 + cura 照料（仔细核对）
acquire	/əˈkwaɪə(r)/	v. 获得	She acquired new skills at work.	她在工作中获得了新技能。	同义：obtain, gain反义：lose	ac 加强 + quire 寻求
adapt	/əˈdæpt/	v. 适应	You need to adapt to the new life.	你需要适应新生活。	同义：adjust, modify反义：resist	ad 朝向 + apt 合适
adequate	/ˈædɪkwət/	adj. 足够的	We have adequate food and water.	我们有充足的食物和水。	同义：sufficient, enough反义：inadequate	ad 平衡 + equ 相等
adjust	/əˈdʒʌst/	v. 调整	Adjust the volume of the TV.	调整一下电视的音量。	同义：adapt, regulate	ad 加强 + just 公正（校准）
admire	/ədˈmaɪə(r)/	v. 钦佩	I admire her courage.	我钦佩她的勇气。	同义：respect, appreciate反义：despise	ad 加强 + mir 惊奇（赞叹）
adopt	/əˈdɒpt/	v. 采纳；收养	We should adopt a new method.	我们应该采用新方法。	同义：accept, take反义：reject	ad 朝向 + opt 选择
advantage	/ədˈvɑːntɪdʒ/	n. 优势	Speaking English is an advantage.	会说英语是一个优势。	同义：benefit, merit反义：disadvantage	advance 前进 + age
advertise	/ˈædvətaɪz/	v. 做广告	They advertise their products online.	他们在网上为自己的产品做广告。	同义：promote, publicize	ad 朝向 + vert 转向 + ise
advance	/ədˈvɑːns/	v. 前进；进展	Technology advances very fast.	科技进步非常快。	同义：progress, promote反义：regress	ad 向前 + vance 前行
affect	/əˈfekt/	v. 影响	Weather can affect our mood.	天气会影响我们的情绪。	同义：influence, impact反义：ignore	af 加强 + fect 做（作用于）
afford	/əˈfɔːd/	v. 负担得起	I can't afford this car.	我买不起这辆车。	同义：bear, supply	af 加强 + ford 前进（拿出财力）
agenda	/əˈdʒendə/	n. 议程	The first item on the agenda is safety.	议程第一项是安全。		
aggressive	/əˈɡresɪv/	adj. 好斗的	He became aggressive when angry.	他生气时变得很好斗。		
alternative	/ɔːlˈtɜːnətɪv/	n. 替代方案	We need an alternative plan.	我们需要一个备选方案。	同义：optional反义：fixed	alter 更换 + native
ambition	/æmˈbɪʃn/	n. 雄心	Her ambition is to be a doctor.	她的志向是成为一名医生。		
ancient	/ˈeɪnʃənt/	adj. 古代的	They visited an ancient temple.	他们参观了一座古庙。	同义：old, antique反义：modern	anci 从前 + ent
announce	/əˈnaʊns/	v. 宣布	They announced the good news.	他们宣布了这个好消息。	同义：declare, inform反义：hide	ad 朝向 + nounce 宣告
annual	/ˈænjuəl/	adj. 每年的	The company holds an annual meeting.	公司每年举行年会。	同义：yearly	ann 年 + ual
anxious	/ˈæŋkʃəs/	adj. 焦虑的	She felt anxious before the exam.	考试前她感到很焦虑。	同义：worried, eager反义：calm	anxi 忧虑 + ous
apparent	/əˈpærənt/	adj. 明显的	It was apparent that he was tired.	很明显他累了。		
appeal	/əˈpiːl/	v. 呼吁；吸引	The design appeals to young people.	这个设计很吸引年轻人。		
apply	/əˈplaɪ/	v. 申请；应用	I will apply for that job.	我要申请那份工作。	同义：utilize, request	ap 朝向 + ply 折叠（贴合使用）
appoint	/əˈpɔɪnt/	v. 任命	They appointed her as manager.	他们任命她为经理。	同义：assign, schedule	ap 朝向 + point 点（指定）
appreciate	/əˈpriːʃieɪt/	v. 感激；欣赏	I appreciate your help.	我感激你的帮助。		
approach	/əˈprəʊtʃ/	v. 接近 n. 方法	Winter is approaching.	冬天快到了。	同义：method, near反义：avoid	ap 加强 + proach 靠近
appropriate	/əˈprəʊpriət/	adj. 恰当的	Wear appropriate clothes for the party.	参加聚会要穿合适的衣服。		
approve	/əˈpruːv/	v. 赞成	Her parents approve of the plan.	她的父母赞成这个计划。		
applicant	/ˈæplɪkənt/	n. 申请人	Each applicant had an interview.	每位申请人都参加了面试。		
argue	/ˈɑːɡjuː/	v. 争论	Don't argue with your parents.	不要和父母争吵。	同义：debate, quarrel反义：agree	argu 清晰辩明
arise	/əˈraɪz/	v. 出现	Problems may arise at any time.	问题随时可能出现。		
arrange	/əˈreɪndʒ/	v. 安排	I will arrange the meeting.	我会安排这次会议。	同义：organize, plan反义：mess	ar 加强 + range 排列
aspect	/ˈæspekt/	n. 方面	Every aspect of life is important.	生活的每个方面都很重要。		
assess	/əˈses/	v. 评估	We need to assess the damage.	我们需要评估损失。	同义：evaluate, judge反义：ignore	as 加强 + sess 评判
assign	/əˈsaɪn/	v. 分配	The teacher assigned us homework.	老师给我们布置了作业。	同义：distribute, allocate	as 朝向 + sign 标记
assume	/əˈsjuːm/	v. 假定	Let's assume he is right.	我们假定他是对的。	同义：suppose, bear反义：doubt	as 加强 + sume 拿取
attach	/əˈtætʃ/	v. 附上	Please attach the file to the email.	请把文件附在邮件里。		
attain	/əˈteɪn/	v. 达到	She attained her goal at last.	她终于达到了目标。		
attitude	/ˈætɪtjuːd/	n. 态度	A positive attitude helps a lot.	积极的态度很有帮助。	同义：opinion, viewpoint	at 朝向 + tude 状态
attract	/əˈtrækt/	v. 吸引	The city attracts many tourists.	这座城市吸引了很多游客。	同义：draw, charm反义：repel	at 加强 + tract 拉扯
audience	/ˈɔːdiəns/	n. 观众	The audience clapped loudly.	观众们大声鼓掌。	同义：listeners	aud 听 + ience
authority	/ɔːˈθɒrəti/	n. 权威；当局	The local authority made a decision.	地方当局做出了决定。		
available	/əˈveɪləbl/	adj. 可获得的	Tickets are still available.	票仍然有售。	同义：accessible, free反义：unavailable	a 加强 + vail 有用 + able
avoid	/əˈvɔɪd/	v. 避免	Avoid making the same mistake.	避免犯同样的错误。	同义：escape, prevent反义：face	a 远离 + void 空（躲开）
aware	/əˈweə(r)/	adj. 意识到的	Be aware of the danger.	要意识到危险。	同义：conscious反义：unaware	a 加强 + ware 知晓
balance	/ˈbæləns/	n. 平衡	Keep a balance between work and rest.	保持工作与休息的平衡。	同义：steady反义：unbalanced	bi 二 + lance 秤
bargain	/ˈbɑːɡən/	n. 便宜货 v. 讨价还价	This coat was a real bargain.	这件外套真是物美价廉。		
barrier	/ˈbæriə(r)/	n. 障碍	Language is not a barrier anymore.	语言不再是障碍。		
behave	/bɪˈheɪv/	v. 表现	The children behaved well.	孩子们表现很好。		
benefit	/ˈbenɪfɪt/	n. 好处 v. 受益	Exercise benefits your health.	锻炼有益于健康。	同义：advantage, profit反义：harm	bene 好 + fit 做
bind	/baɪnd/	v. 捆绑；约束	They are bound by the agreement.	他们受协议的约束。		
border	/ˈbɔːdə(r)/	n. 边界	They crossed the border at night.	他们在夜里越过了边界。		
brief	/briːf/	adj. 简短的	He gave a brief introduction.	他做了简短的介绍。	同义：short反义：long	brev 简短词根
budget	/ˈbʌdʒɪt/	n. 预算	We must stay within the budget.	我们必须控制在预算内。		
burden	/ˈbɜːdn/	n. 负担	Don't put too much burden on yourself.	不要给自己太大负担。	同义：load反义：relief	bur 承载 + den
campaign	/kæmˈpeɪn/	n. 运动；活动	They started a campaign for clean water.	他们发起了一场清洁用水运动。		
candidate	/ˈkændɪdət/	n. 候选人	He is a strong candidate for the job.	他是这份工作的有力候选人。	同义：exam-taker	candid 坦白 + ate
capacity	/kəˈpæsəti/	n. 容量；能力	The hall has a capacity of 800 people.	这个大厅能容纳八百人。		
career	/kəˈrɪə(r)/	n. 事业	She chose teaching as her career.	她选择教书作为职业。	同义：occupation	car 路途
cautious	/ˈkɔːʃəs/	adj. 谨慎的	Be cautious when crossing the road.	过马路时要小心。		
celebrate	/ˈselɪbreɪt/	v. 庆祝	We celebrated her birthday together.	我们一起庆祝了她的生日。		
challenge	/ˈtʃælɪndʒ/	n. 挑战	Facing challenges makes us stronger.	面对挑战让我们更强大。	同义：difficulty反义：easy	chal 对抗
character	/ˈkærəktə(r)/	n. 性格；角色	He has a strong character.	他性格坚强。	同义：personality	char 刻画
charge	/tʃɑːdʒ/	v. 收费 n. 费用	The service is free of charge.	这项服务是免费的。	同义：fee, accuse	car 装载
circumstance	/ˈsɜːkəmstəns/	n. 情况；环境	Under no circumstances give up.	在任何情况下都不要放弃。	同义：situation	circum 环绕 + stance
claim	/kleɪm/	v. 声称	He claimed that he was innocent.	他声称自己是无辜的。	同义：assert, demand反义：deny	clam 呼喊
classify	/ˈklæsɪfaɪ/	v. 分类	Books are classified by subject.	书籍按主题分类。	同义：sort反义：mix	class 类别 + ify
combine	/kəmˈbaɪn/	v. 结合	Combine work with rest.	劳逸结合。	同义：unite反义：separate	com 共同 + bine 捆绑
comment	/ˈkɒment/	n. 评论	Please leave a comment below.	请在下方留言评论。	同义：remark	com 共同 + ment 思考
commit	/kəˈmɪt/	v. 犯（错）；承诺	He committed himself to the work.	他全身心投入工作。	同义：devote反义：quit	com 共同 + mit 派送
community	/kəˈmjuːnəti/	n. 社区	We serve the local community.	我们为当地社区服务。	同义：group	com 共同 + mun + ity
compare	/kəmˈpeə(r)/	v. 比较	Compare the two answers carefully.	仔细比较这两个答案。	同义：contrast反义：ignore	com 对等 + pare
compete	/kəmˈpiːt/	v. 竞争	Many companies compete for the market.	许多公司争夺市场。	同义：rival反义：cooperate	com 共同 + pet 追求
complex	/ˈkɒmpleks/	adj. 复杂的	This is a complex problem.	这是一个复杂的问题。	同义：complicated反义：simple	com 共同 + plex 折叠（多层）
able	/ˈeɪbl/	adj. 能够的；有才干的	You are able to finish this task alone.	你可以独立完成这项任务。	同义：capable反义：unable	ab 拥有 + le 形容词后缀
abnormal	/æbˈnɔːml/	adj. 反常的，异常	The abnormal weather affects crops.	反常天气影响农作物生长。	同义：unusual, odd反义：normal	ab 偏离 + norm 标准 + al
about	/əˈbaʊt/	prep. 关于；大约	We talked about our future plans.	我们聊了未来的规划。	同义：regarding, roughly	a 朝向 + out 外部
above	/əˈbʌv/	prep. 在… 上方；超过	The plane flies above the clouds.	飞机在云层上方飞行。	同义：over反义：below	a 在上 + ve 方位后缀
abroad	/əˈbrɔːd/	adv. 在国外，到海外	Many students choose to study abroad.	很多学生选择出国留学。	同义：overseas	a 向外 + broad 广阔（广阔天地）
absent	/ˈæbsənt/	adj. 缺席；缺少	He was absent from yesterday’s class.	他昨天旷课了。	同义：missing反义：present	ab 离开 + sent 存在
absolute	/ˈæbsəluːt/	adj. 绝对；完全	We need absolute silence in the library.	图书馆需要绝对安静。	同义：complete, total反义：relative	ab 脱离 + solute 松开（无约束）
abstract	/ˈæbstrækt/	adj. 抽象 n. 摘要	Abstract poems are hard to understand.	抽象诗歌很难读懂。	同义：theoretical反义：concrete	ab 远离 + tract 抽取
abundant	/əˈbʌndənt/	adj. 丰富，充裕	This city has abundant fresh water resources.	这座城市淡水资源充足。	同义：plentiful, ample反义：scarce	ab 溢出 + und 流动 + ant
accelerate	/əkˈseləreɪt/	v. 加速；促进	New policies accelerate economic recovery.	新政策加速经济复苏。	同义：speed up, promote反义：decelerate	ac 加强 + celer 速度 + ate
accent	/ˈæksent/	n. 口音；重音	She speaks English with a soft southern accent.	她说英语带有柔和南方口音。	同义：pronunciation	ac 加强 + cent 歌唱重音
accept	/əkˈsept/	v. 接受；承认	I sincerely accept your valuable advice.	我真诚接受你的宝贵建议。	同义：receive, admit反义：refuse, reject	ac 加强 + cept 拿取
accident	/ˈæksɪdənt/	n. 事故；意外	The traffic accident happened at midnight.	这场交通事故发生在午夜。	同义：incident, mishap	ac 偶然 + dent 发生
according	/əˈkɔːdɪŋ/	adv. 根据	According to the report, prices will rise.	根据报告，物价将会上涨。	同义：based on	ac 匹配 + cord 心（契合）
account	/əˈkaʊnt/	n. 账户；描述 v. 解释	I opened a savings account last month.	我上个月开了储蓄账户。	同义：record, explain	ac 加强 + count 计算
accuse	/əˈkjuːz/	v. 指责；控告	People accuse him of breaking the rule.	大家指责他违反规定。	同义：blame, charge反义：defend	ac 朝向 + cuse 理由（追责）
across	/əˈkrɒs/	prep. 穿过；横跨	Walk across the street carefully.	小心穿过马路。	同义：cross	a 穿过 + cross 交叉
act	/ækt/	v. 行动；扮演 n. 行为	We must act quickly to solve the problem.	我们必须迅速行动解决问题。	同义：behave, deed	act 做，行动
action	/ˈækʃn/	n. 行动；举措	Actions speak louder than words.	行动胜于言语。	同义：movement, measure	act 行动 + ion 名词后缀
active	/ˈæktɪv/	adj. 积极；活跃	He is an active participant in class discussion.	他课堂讨论十分积极。	同义：energetic反义：inactive	act 行动 + ive 形容词后缀
activity	/ækˈtɪvəti/	n. 活动；活跃度	After-school activities enrich students’ lives.	课外活动丰富学生生活。	同义：event, practice	active 活跃 + ity 名词后缀
actual	/ˈæktʃuəl/	adj. 真实，实际	The actual cost is lower than we thought.	实际成本比我们预想更低。	同义：real, true反义：imaginary	act 事实 + ual
actually	/ˈæktʃuəli/	adv. 事实上	Actually, I don’t agree with this opinion.	事实上我并不认同这个观点。	同义：in fact	actual 真实 + ly 副词后缀
add	/æd/	v. 添加；增加	Add some milk to the coffee to taste better.	往咖啡加牛奶口感更好。	同义：increase反义：subtract	ad 叠加
addition	/əˈdɪʃn/	n. 添加；加法	In addition, we need more volunteers.	除此之外我们还需要更多志愿者。	同义：increase反义：reduction	add 增加 + ion
additional	/əˈdɪʃənl/	adj. 额外的	We need additional time to finish the paper.	我们需要额外时间写完论文。	同义：extra, spare	addition 添加 + al
admit	/ədˈmɪt/	v. 承认；准许进入	He admits his mistakes bravely.	他勇敢承认自己的错误。	同义：acknowledge, allow反义：deny	ad 朝向 + mit 发送（放行）
advice	/ədˈvaɪs/	n. 建议，忠告	My teacher gives me useful study advice.	老师给我实用学习建议。	同义：suggestion	ad 朝向 + vis 看（指点）
advise	/ədˈvaɪz/	v. 劝告；建议	I advise you to get up early to memorize words.	我建议早起背单词。	同义：suggest, recommend	advice 名词动词变形
afraid	/əˈfreɪd/	adj. 害怕；担心	Don’t be afraid of speaking English in public.	不要害怕当众说英语。	同义：scared, fearful反义：brave	a 充满 + fray 惊吓
after	/ˈɑːftə(r)/	prep. 在… 之后	We will have a rest after class.	下课后我们休息。	同义：behind反义：before	aft 后方 + er
again	/əˈɡen/	adv. 再次；又	Please read the word again aloud.	请再大声读一遍这个单词。	同义：once more	a 再 + gain 前行
against	/əˈɡenst/	prep. 反对；倚靠	We fight against bad study habits.	我们抵制不良学习习惯。	同义：opposing反义：support	a 朝向 + gain 对立
age	/eɪdʒ/	n. 年龄；时代 v. 变老	People of all ages can learn English.	各年龄段都能学英语。	同义：era, time	古法语 aage
agency	/ˈeɪdʒənsi/	n. 机构；中介	A travel agency arranges our trip.	旅行社安排我们的行程。	同义：institution	act 办事 + ency
agent	/ˈeɪdʒənt/	n. 代理人；代理商	The agent helps us find a flat.	中介帮我们找公寓。	同义：representative	act 行动 + ent 人
ago	/əˈɡəʊ/	adv. 以前	I met her three years ago.	我三年前见过她。	同义：before	a 过去 + go 走
agree	/əˈɡriː/	v. 同意；达成一致	We all agree with this learning plan.	我们都认同这份学习计划。	同义：approve反义：disagree	a 加强 + gre 愉悦（认同）
agreement	/əˈɡriːmənt/	n. 协议；同意	They reached an agreement on the plan.	他们就方案达成共识。	同义：contract, consent	agree 同意 + ment
ahead	/əˈhed/	adv. 在前方；提前	There are many difficulties ahead of us.	前路有许多困难。	同义：forward反义：behind	a 在前 + head 头部
aid	/eɪd/	n.&v. 帮助，援助	Books aid our vocabulary building.	书籍助力积累词汇。	同义：help, assist反义：hinder	拉丁语 auxilium
aim	/eɪm/	n. 目标 v. 旨在	My main aim is to pass CET-4.	我的主要目标是通过四级。	同义：goal, target反义：aimless	古英语 aem
air	/eə(r)/	n. 空气；空中	Fresh air is good for health.	新鲜空气有益健康。	同义：atmosphere	aer 空气词根简写
alarm	/əˈlɑːm/	n. 警报 v. 使惊慌	Set an alarm to get up at 6 a.m.	设早上六点闹钟。	同义：warning, frighten	al 加强 + arm 武器（警示）
album	/ˈælbəm/	n. 相册；专辑	I keep photos in this photo album.	我把照片存在这本相册里。	同义：record book	al 白色 + bum 册子
alcohol	/ˈælkəhɒl/	n. 酒精；酒	Drink less alcohol for your health.	为健康少饮酒。		无高频反义
allow	/əˈlaʊ/	v. 允许；容许	The library allows reading quietly.	图书馆允许安静阅读。	同义：permit反义：forbid	a 放宽 + low 限制
almost	/ˈɔːlməʊst/	adv. 几乎，差不多	I almost finish all my homework today.	我今天几乎写完所有作业。	同义：nearly	all 全部 + most 大多
alone	/əˈləʊn/	adj.&adv. 独自；单独	I study alone every night.	我每晚独自学习。	同义：single反义：together	a 完全 + lone 单独
along	/əˈlɒŋ/	prep. 沿着	Walk along the road to the library.	沿着这条路走到图书馆。	同义：beside	a 顺着 + long 长道
already	/ɔːlˈredi/	adv. 已经	I have already memorized 50 words.	我已经背完 50 个单词。	同义：previously	all 全部 + ready 准备好
also	/ˈɔːlsəʊ/	adv. 也；而且	I also like reading besides listening to music.	除听歌我也喜欢阅读。	同义：too, besides	all 全部 + so 如此
alter	/ˈɔːltə(r)/	v. 改变，更改	Alter your bad learning habits timely.	及时改掉不良学习习惯。	同义：change, modify反义：keep	al 其他 + ter 切换
although	/ɔːlˈðəʊ/	conj. 虽然；尽管	Although tired, I stick to recite words.	虽然疲惫，我仍坚持背词。	同义：though	all 全部 + though 尽管
amount	/əˈmaʊnt/	n. 数量 vi. 总计	A large amount of time is spent on English.	大量时间花在英语上。	同义：quantity, total	a 朝向 + mount 堆积
analyse/analyze	/ˈænəlaɪz/	v. 分析，剖析	Analyze your wrong test papers regularly.	定期分析错题。	同义：examine, study反义：combine	ana 分开 + lyse 拆解
analysis	/əˈnæləsɪs/	n. 分析	The analysis of mistakes helps progress.	错题分析有助进步。	同义：research	analyse 名词形式
anger	/ˈæŋɡə(r)/	n. 愤怒 v. 激怒	Don’t let anger affect your judgment.	不要让愤怒影响判断。	同义：rage反义：calm	ang 痛苦 + er 名词后缀
angle	/ˈæŋɡl/	n. 角度；视角	Look at the problem from another angle.	换个角度看问题。	同义：perspective	ang 弯折
animal	/ˈænɪml/	n. 动物	Protect wild animals from being hunted.	保护野生动物免遭猎杀。	同义：creature	anim 生命 + al
answer	/ˈɑːnsə(r)/	n.&v. 回答；答复	Answer the questions briefly in writing.	书面简要回答问题。	同义：reply, respond反义：question	anti 对抗 + swer 回应
any	/ˈeni/	adj. 任何；任一	Any student can join the English club.	任何学生均可加入英语社团。		无反义
anybody	/ˈenibɒdi/	pron. 任何人	Anybody can improve English with effort.	任何人努力都能提升英语。	同义：anyone	any 任何 + body 人
anyone	/ˈeniwʌn/	pron. 任何人	Anyone who persists will succeed.	坚持的人都会成功。	同义：anybody	any 任何 + one 人
anything	/ˈeniθɪŋ/	pron. 任何事	You can ask anything about vocabulary.	单词相关问题你都可以问。	同义：whatever	any 任何 + thing 事物
apart	/əˈpɑːt/	adv. 分开；相距	Keep your notes apart from textbooks.	笔记和课本分开放。	同义：separately反义：together	a 分开 + part 部分
apartment	/əˈpɑːtmənt/	n. 公寓套房	I rent a small apartment near campus.	我在校旁租了一间小公寓。	同义：flat	apart 分开 + ment
appear	/əˈpɪə(r)/	vi. 出现；显得	New words appear in every reading passage.	每篇阅读都会出现生词。	同义：emerge, show反义：disappear	a 加强 + pear 看见
appearance	/əˈpɪərəns/	n. 外貌；出现	Don’t judge a person by appearance.	不要以貌取人。	同义：look, arrival	appear 出现 + ance
appointment	/əˈpɔɪntmənt/	n. 约会；预约	I have an appointment with my tutor.	我和导师有约。	同义：meeting, date	appoint 约定 + ment
area	/ˈeəriə/	n. 区域；领域	The area of English learning covers listening.	英语学习领域包含听力。	同义：field, region	ar 场地词根
argument	/ˈɑːɡjumənt/	n. 争论；论据	His argument about study is reasonable.	他关于学习的论据很合理。	同义：debate, reason	argue 争论 + ment
arrive	/əˈraɪv/	vi. 到达；抵达	Arrive at the classroom ten minutes early.	提前十分钟到教室。	同义：reach反义：depart	ar 到 + rive 河岸
article	/ˈɑːtɪkl/	n. 文章；物品	Read one English article every morning.	每天早上读一篇英文短文。	同义：essay	art 技艺 + icle 小作品
artificial	/ˌɑːtɪˈfɪʃl/	adj. 人造；虚假	This artificial flower looks real.	这朵人造花看起来很逼真。	同义：man-made反义：natural	art 技艺 + fic 制造 + ial
as	/æz/	conj. 因为；如同	As time goes by, vocabulary improves.	随着时间推移词汇量提升。	同义：because, like	古英语 als
ask	/ɑːsk/	v. 询问；请求	Ask your teacher for word memorizing tips.	向老师请教背词技巧。	同义：inquire, request反义：answer	古英语 acsian
assignment	/əˈsaɪnmənt/	n. 作业；任务	Finish your English assignment on time.	按时完成英语作业。	同义：task, homework	assign 分配 + ment
assist	/əˈsɪst/	v. 协助，帮助	Classmates assist each other in memorizing words.	同学互相协助背单词。	同义：aid, help反义：hinder	as 加强 + sist 站立（支撑）
associate	/əˈsəʊsieɪt/	v. 联系；结交	Associate new words with sentences.	把生词和句子关联记忆。	同义：connect, link反义：separate	as 共同 + soci 交往 + ate
association	/əˌsəʊsiˈeɪʃn/	n. 协会；联系	Join the English association to practice oral English.	加入英语社团练口语。	同义：group, connection	associate 联系 + ion
assure	/əˈʃʊə(r)/	v. 保证；使确信	I assure you consistent recitation works.	我保证坚持背诵有用。	同义：guarantee, promise反义：doubt	as 加强 + sure 确信
atmosphere	/ˈætməsfɪə(r)/	n. 大气；氛围	Our class has a good study atmosphere.	我们班级学习氛围浓厚。	同义：air, mood	atmo 空气 + sphere 球体
attempt	/əˈtempt/	v.&n. 尝试；努力	Attempt to memorize 80 words per day.	尝试每天背诵 80 个单词。	同义：try, effort反义：give up	at 朝向 + tempt 试探
attend	/əˈtend/	v. 出席；照料	Attend every English lecture carefully.	认真参加每一场英语讲座。	同义：join, take care反义：miss	at 加强 + tend 专注
attention	/əˈtenʃn/	n. 注意力；关注	Pay full attention to word pronunciation.	专注单词发音。	同义：focus反义：distraction	at 加强 + tent 抓住思绪 + ion
attractive	/əˈtræktɪv/	adj. 吸引人的	This English novel is very attractive.	这本英文小说很吸引人。	同义：appealing反义：boring	attract 吸引 + ive
average	/ˈævərɪdʒ/	adj. 平均；普通 n. 平均值	The average number of words per day is 60.	日均背词平均 60 个。	同义：common, mean反义：special	aver 平分 + age
awake	/əˈweɪk/	adj. 醒着 v. 唤醒	Stay awake when reciting words in morning.	早上背词保持清醒。	同义：wake反义：asleep	a 完全 + wake 醒
award	/əˈwɔːd/	n. 奖项 v. 授予	He gets an award for good English grades.	他英语成绩优异获奖。	同义：prize, grant反义：punish	a 朝向 + ward 守护
back	/bæk/	n. 背部 adv. 返回	Write new words on the back of notebook.	生词写在笔记本背面。	同义：rear, return反义：front	古英语 bæc
basic	/ˈbeɪsɪk/	adj. 基础；基本	Basic words are the core of CET-4.	基础词汇是四级核心。	同义：fundamental反义：advanced	base 基础 + ic
basis	/ˈbeɪsɪs/	n. 基础；依据	Daily recitation is the basis of vocabulary growth.	每日背诵是词汇增长基础。	同义：foundation	base 名词变形
battle	/ˈbætl/	n. 战斗；奋斗	The battle of memorizing words lasts daily.	背单词的战斗每日持续。	同义：fight, struggle	bat 击打 + tle
beauty	/ˈbjuːti/	n. 美丽；美好	The beauty of English lies in sentences.	英语之美在于句子。	同义：charm反义：ugliness	beautiful 名词形式
besides	/bɪˈsaɪdz/	prep. 除… 之外 adv. 此外	Besides words, we practice listening daily.	除背词我们每日练听力。	同义：apart from, moreover	beside 旁边 + s
blame	/bleɪm/	v. 责备 n. 责任	Don’t blame yourself for forgetting words.	不要因遗忘单词自责。	同义：criticize反义：pra	古英语 blama
borrow	/ˈbɒrəʊ/	v. 借入；借用	Borrow an English word book from roommate.	向室友借单词书。	同义：lend（反义）反义：lend	borrow 借进
broad	/brɔːd/	adj. 广阔；广泛	Read broad materials to accumulate words.	广泛阅读积累词汇。	同义：wide反义：narrow	古英语 brād
cancel	/ˈkænsl/	v. 取消；撤销	Don’t cancel your daily word plan.	不要取消每日背词计划。	同义：call off反义：approve	cancel 废除
capable	/ˈkeɪpəbl/	adj. 有能力的	You are capable of mastering 4000 words.	你能掌握四千四级词。	同义：able反义：incap	cap 握住 + able
capital	/ˈkæpɪtl/	n. 首都；资本；大写字母	Write words with capital letters at start.	句首单词大写。	同义：fund, city	cap 头部 + ital
capture	/ˈkæptʃə(r)/	v. 捕获；掌握	Capture new words in reading passages.	在阅读中掌握生词。	同义：grasp, seize反义：release	cap 抓 + ture
careful	/ˈkeəfl/	adj. 仔细；细心	Be careful when reciting similar words.	背诵形近词要细心。	同义：cautious反义：careless	care 小心 + ful 充满
cause	/kɔːz/	n. 原因 v. 导致	Lack of review causes word forgetting.	缺乏复习导致单词遗忘。	同义：lead to, reason反义：effect	caus 驱使
cease	/siːs/	v. 停止，终止	Never cease reciting words before exam.	考前不要停止背词。	同义：stop, end反义：continue	cess 行走（停下）
certain	/ˈsɜːtn/	adj. 确定；某一	I am certain I can pass CET-4.	我确定我能通过四级。	同义：sure反义：doubtful	tain 持有
change	/tʃeɪndʒ/	v.&n. 改变；更换	Change your reciting method if useless.	背词无效就更换方法。	同义：alter, shift反义：keep	古法语 changier
characteristic	/ˌkærəktəˈrɪstɪk/	adj. 典型 n. 特征	This is a characteristic word in reading.	这是阅读高频典型词汇。	同义：typical	character 特质 + istic
cheat	/tʃiːt/	v. 欺骗；作弊	Never cheat in CET-4 examination.	四级考试切勿作弊。	同义：deceive反义：honest	古英语 ceate
cheer	/tʃɪə(r)/	v. 鼓舞；欢呼	Cheer yourself up when tired of reciting.	背词疲惫时鼓舞自己。	同义：encourage反义：depress	cheer 欢呼
circulate	/ˈsɜːkjəleɪt/	v. 循环；传播	Circulate word lists among classmates.	单词表在同学间传阅。	同义：spread, cycle反义：block	cir 圈 + ulate 循环
citizen	/ˈsɪtɪzn/	n. 公民；市民	Every citizen should master basic English.	每位公民都应掌握基础英语。	同义：resident	city 城市 + zen 人
clarify	/ˈklærɪfaɪ/	v. 澄清；阐明	Clarify confusing word meanings.	理清易混单词词义。	同义：explain反义：confuse	clar 清晰 + ify 使
collaborate	/kəˈlæbəreɪt/	v. 合作	Collaborate with roommates to review words.	和室友合作复习单词。	同义：cooperate反义：compete	col 共同 + labor 劳作 + ate
collect	/kəˈlekt/	v. 收集；积攒	Collect unfamiliar words in notebook.	把生词收集在笔记本。	同义：gather反义：scatter	col 共同 + lect 收集
commercial	/kəˈmɜːʃl/	adj. 商业 n. 广告	Commercial English words often appear.	商务类单词频繁出现。	同义：business	commerce 商业 + ial
complete	/kəmˈpliːt/	adj. 完整 v. 完成	Complete daily word task before sleep.	睡前完成当日背词任务。	同义：finish, whole反义：incomplete	com 完全 + plete 填满
compose	/kəmˈpəʊz/	v. 创作；组成	Compose short sentences with new words.	用生词造短句。	同义：form, write反义：separate	com 共同 + pose 放置
concern	/kənˈsɜːn/	v. 涉及；担忧 n. 关切	Word forgetting concerns many students.	单词遗忘困扰很多学生。	同义：worry, involve反义：ignore	con 共同 + cern 区分
conclude	/kənˈkluːd/	v. 得出结论；结束	Conclude your review with word testing.	复习末尾单词自测收尾。	同义：end, deduce反义：begin	con 完全 + clude 关闭
consequence	/ˈkɒnsɪkwəns/	n. 后果；结果	No review brings bad consequence in exam.	不复习考试吃亏。	同义：result, outcome反义：cause	con 共同 + sequ 跟随
consider	/kənˈsɪdə(r)/	v. 考虑；认为	Consider reciting words early in morning.	考虑早上背诵单词。	同义：think, regard反义：ignore	con 共同 + sid 审视
consist	/kənˈsɪst/	v. 由… 组成	CET-4 words consist of 4000 core vocab.	四级词汇由四千核心词构成。	同义：be made of反义：exclude	con 共同 + sist 站立
constant	/ˈkɒnstənt/	adj. 持续；恒定	Constant recitation improves vocabulary.	持续背诵提升词汇量。	同义：continuous反义：intermittent	con 共同 + stant 站立
construct	/kənˈstrʌkt/	v. 构建；建造	Construct word memory system step by step.	逐步搭建单词记忆体系。	同义：build反义：destroy	con 共同 + struct 建造
consult	/kənˈsʌlt/	v. 查阅；咨询	Consult dictionary for unknown words.	生词查阅词典。	同义：check, ask反义：guess	con 共同 + sult 商议
contain	/kənˈteɪn/	v. 包含；容纳	This word book contains all core words.	这本单词书包含全部核心词。	同义：include反义：exclude	con 共同 + tain 持有
continue	/kənˈtɪnjuː/	v. 继续；延续	Continue reciting even on weekends.	周末也坚持背词。	同义：proceed反义：stop	con 共同 + tin 保持
contribute	/kənˈtrɪbjuːt/	v. 贡献；促成	Daily reciting contributes to passing CET-4.	每日背诵助力通过四级。	同义：help, donate反义：hinder	con 共同 + tribute 给予
control	/kənˈtrəʊl/	v.&n. 控制；管理	Control your reciting time reasonably.	合理控制背词时长。	同义：manage反义：lose control	con 共同 + trol 掌控
convenient	/kənˈviːniənt/	adj. 方便；便捷	Mobile word app is convenient for review.	手机背词软件复习便捷。	同义：handy反义：inconvenient	con 共同 + ven 来 + ient
convince	/kənˈvɪns/	v. 说服；使确信	Convince yourself words are important.	说服自己单词很重要。	同义：persuade反义：doubt	con 完全 + vince 战胜（说服）
cooperate	/kəʊˈɒpəreɪt/	v. 合作；协作	Cooperate with partners to test words.	和搭档互相单词自测。	同义：collaborate反义：compete	co 共同 + operate 操作
create	/kriˈeɪt/	v. 创造；创作	Create your own word memory method.	自创单词记忆方法。	同义：invent反义：destroy	cre 生长 + ate
criticize	/ˈkrɪtɪsaɪz/	v. 批评；指责	Don’t criticize yourself for slow progress.	进步慢不要自责。	同义：blame反义：praise	critic 评判 + ize
cultivate	/ˈkʌltɪveɪt/	v. 培养；耕作	Cultivate daily reciting habit early.	尽早养成每日背词习惯。	同义：develop反义：ruin	cult 耕种 + ate
current	/ˈkʌrənt/	adj. 当前 n. 潮流	Current CET-4 test focuses on core words.	当下四级侧重核心词汇。	同义：present反义：past	cur 流动
custom	/ˈkʌstəm/	n. 风俗；习惯	Form a custom of reciting 60 words daily.	养成每日背 60 词的习惯。	同义：habit	cus 习惯
cycle	/ˈsaɪkl/	n. 循环；周期	Review words in 7-day cycle.	按七天周期复习单词。	同义：loop	cycl 圆环
damage	/ˈdæmɪdʒ/	v.&n. 损害；毁坏	Long-time forgetting damages vocabulary base.	长期遗忘破坏词汇基础。	同义：harm反义：protect	dam 损失 + age
debate	/dɪˈbeɪt/	n.&v. 辩论；讨论	We will debate the importance of vocabulary learning.	我们将讨论词汇学习的重要性。	同义：discuss, argue反义：agree	de 加强 + bat 击打；你来我往地讨论
decade	/ˈdekeɪd/	n. 十年	Great changes have taken place in the past decade.	过去十年发生了巨大变化。	同义：ten years	deca 十
decide	/dɪˈsaɪd/	v. 决定；下决心	Decide your daily word-recitation plan before starting.	开始前先确定每日背词计划。	同义：determine, choose反义：hesitate	de 向下 + cide 切割；切断分歧做决定
decision	/dɪˈsɪʒn/	n. 决定；抉择	Make a clear decision and stick to it.	做出明确决定并坚持下去。	同义：choice, judgment反义：indecision	decide 的名词形式
declare	/dɪˈkleə(r)/	v. 宣布；声明	The teacher declared the date of the final exam.	老师宣布了期末考试日期。	同义：announce, proclaim反义：hide	de 加强 + clar 清晰；公开说清楚
decline	/dɪˈklaɪn/	v. 下降；衰退；谢绝	The number of lazy students will not decline easily.	懒惰学生的数量不会轻易下降。	同义：decrease, refuse反义：increase	de 向下 + cline 倾斜；向下倾斜
decorate	/ˈdekəreɪt/	v. 装饰；点缀	Decorate your notebook with useful word notes.	用有用的单词笔记点缀你的笔记本。	同义：adorn, beautify反义：strip	decor 装饰 + ate 动词后缀
deep	/diːp/	adj. 深的；深刻的	A deep understanding of sentences helps memorize words.	深刻理解句子有助于记单词。	同义：profound反义：shallow	古英语 deop
defeat	/dɪˈfiːt/	v. 击败 n. 失败	Don’t let temporary difficulties defeat you.	不要让暂时的困难打败你。	同义：beat, conquer反义：victory	de 向下 + feat 做；做下去反而失败
defend	/dɪˈfend/	v. 防御；保护	Defend your study time from unnecessary interruptions.	保护你的学习时间，避免不必要干扰。	同义：protect, guard反义：attack	de 向下 + fend 击打；打下去保护自己
define	/dɪˈfaɪn/	v. 定义；明确	Define the meaning of each new word clearly.	清楚定义每个生词的含义。	同义：explain, clarify反义：confuse	de 向下 + fin 边界；划清边界
definite	/ˈdefɪnət/	adj. 明确的；一定的	Set a definite goal for vocabulary learning.	为词汇学习设定明确目标。	同义：certain, clear反义：indefinite	define 的形容词形式
definition	/ˌdefɪˈnɪʃn/	n. 定义；释义	Write a simple definition beside each difficult word.	在每个难词旁写一个简单释义。	同义：meaning, explanation	definite 的名词形式
delay	/dɪˈleɪ/	v.&n. 推迟；耽搁	Do not delay your word review until the last day.	不要把单词复习拖到最后一天。	同义：postpone, put off反义：advance	de 加强 + lay 放置；往后放
deliver	/dɪˈlɪvə(r)/	v. 递送；发表	Deliver your speech in simple and clear English.	用简单清晰的英语发表演讲。	同义：send, utter反义：withhold	de 加强 + liber 自由；释放出去
demand	/dɪˈmɑːnd/	v.&n. 要求；需求	The exam demands a large vocabulary and fast reading.	考试要求词汇量大且阅读速度快。	同义：require, need反义：supply	de 加强 + mand 命令；强烈要求
democratic	/ˌdeməˈkrætɪk/	adj. 民主的；平等的	A democratic learning environment encourages students to speak.	平等的学习环境鼓励学生发言。	同义：equal, popular反义：authoritarian	demo 民众 + crat 统治 + ic
demonstrate	/ˈdemənstreɪt/	v. 证明；展示	Demonstrate your English ability through daily practice.	通过日常练习展示你的英语能力。	同义：show, prove反义：hide	de 加强 + monstr 展示 + ate
deny	/dɪˈnaɪ/	v. 否认；拒绝	You cannot deny the importance of reading in English learning.	你不能否认阅读在英语学习中的重要性。	同义：refuse, reject反义：admit	de 加强 + ny 否认
depart	/dɪˈpɑːt/	v. 离开；出发	We will depart early to catch the first bus.	我们会早早出发去赶第一班车。	同义：leave, set off反义：arrive	de 离开 + part 分开
department	/dɪˈpɑːtmənt/	n. 部门；系	She works in the English department of the university.	她在大学英语系工作。	同义：section, division	depart + ment 名词后缀
depend	/dɪˈpend/	v. 依靠；取决于	Your progress depends on consistent effort.	你的进步取决于持续努力。	同义：rely反义：independent	de 向下 + pend 悬挂；挂在某物上
dependent	/dɪˈpendənt/	adj. 依赖的；取决于	Children are usually dependent on their parents.	孩子通常依赖父母。	同义：reliant反义：independent	depend + ent 形容词后缀
depth	/depθ/	n. 深度；深刻	The depth of your reading comprehension matters greatly.	你的阅读理解深度非常重要。	同义：profundity反义：shallowness	deep 的名词形式
depress	/dɪˈpres/	v. 使沮丧；压低	Do not let failure depress your motivation.	不要让失败打击你的积极性。	同义：discourage, sadden反义：encourage	de 向下 + press 按压；压下去
depression	/dɪˈpreʃn/	n. 抑郁；萧条	Continuous pressure may lead to depression.	持续压力可能导致抑郁。	同义：sadness, gloom反义：joy	depress + ion 名词后缀
derive	/dɪˈraɪv/	v. 获得；源自	Many English words derive from Latin and French.	许多英语单词源自拉丁语和法语。	同义：obtain, originate	de 从 + riv 河流；从河水流向而来
descend	/dɪˈsend/	v. 下降；下来	The balloon began to descend slowly.	气球开始缓慢下降。	同义：fall, drop反义：ascend	de 向下 + scand 爬；向下爬
describe	/dɪˈskraɪb/	v. 描述；形容	Describe your daily study routine in English.	用英语描述你的日常学习流程。	同义：depict, explain反义：obscure	de 向下 + scribe 写；写下来
description	/dɪˈskrɪpʃn/	n. 描述；说明	Write a brief description beside each new word.	在每个生词旁写一段简短说明。	同义：account, explanation	describe 的名词形式
deserve	/dɪˈzɜːv/	v. 应得；值得	If you study hard, you deserve a good result.	如果你努力学习，就应得到好结果。	同义：earn, merit反义：undeserve	de 加强 + serv 服务；该得到回报
design	/dɪˈzaɪn/	v.&n. 设计；构思	Design a reasonable vocabulary plan before the exam.	考前设计一个合理的词汇计划。	同义：plan, create反义：destroy	de 向下 + sign 标记；做标记
desirable	/dɪˈzaɪərəbl/	adj. 值得向往的；可取的	A quiet study environment is highly desirable.	安静的学习环境非常可取。	同义：appealing, worthwhile反义：undesirable	desire + able 可… 的
desire	/dɪˈzaɪə(r)/	n.&v. 渴望；欲望	A strong desire can push you to study harder.	强烈的渴望能推动你更努力学习。	同义：wish, longing反义：dislike	de 加强 + sire 渴望
destination	/ˌdestɪˈneɪʃn/	n. 目的地；目标	Our destination is not only passing the exam but also using English well.	我们的目标不仅是通过考试，更是用好英语。	同义：goal, end反义：starting point	destin 命中 + ation；命中的终点
destroy	/dɪˈstrɔɪ/	v. 破坏；摧毁	Careless mistakes can destroy your confidence overnight.	粗心错误可能一夜之间摧毁你的信心。	同义：ruin, damage反义：build	de 相反 + stroy 建造；反建造即破坏
destruction	/dɪˈstrʌkʃn/	n. 破坏；毁灭	War brings great destruction to human life.	战争给人类生活带来巨大破坏。	同义：ruin, damage反义：construction	destroy 的名词形式
detail	/ˈdiːteɪl/	n. 细节；详情	Pay attention to small details when memorizing words.	背单词时注意小细节。	同义：specifics, part反义：overview	de 分开 + tail 切割；切成细节
detailed	/ˈdiːteɪld/	adj. 详细的；细致的	Keep a detailed notebook for difficult words.	为难词准备一本详细笔记。	同义：specific, thorough反义：brief	detail + ed 形容词后缀
determine	/dɪˈtɜːmɪn/	v. 决定；确定	Determine the number of words you will recite each day.	确定你每天要背的单词数量。	同义：decide, settle反义：hesitate	de 向下 + termin 边界；定下边界
development	/dɪˈveləpmənt/	n. 发展；开发	Language development requires long-term accumulation.	语言发展需要长期积累。	同义：growth, progress反义：decline	develop + ment 名词后缀
device	/dɪˈvaɪs/	n. 设备；装置	Use your mobile device wisely for English learning.	明智地使用移动设备学习英语。	同义：tool, gadget	de 分开 + vice 行走；分出来的器具
devil	/ˈdevl/	n. 魔鬼；家伙	Even the devil is not as scary as an empty vocabulary notebook.	魔鬼也不像空白单词本那样可怕。	同义：demon, monster反义：angel	古英语 deofol
devise	/dɪˈvaɪz/	v. 设计；发明	Devise a simple but effective way to review words.	设计一个简单但有效的单词复习方法。	同义：invent, design反义：copy	de 分开 + vis 看；分步骤看并设计
devote	/dɪˈvəʊt/	v. 致力于；奉献	Devote at least half an hour to English every day.	每天至少花半小时学英语。	同义：dedicate, commit反义：withdraw	de 加强 + vot 誓言；立下承诺
diagram	/ˈdaɪəɡræm/	n. 图表；图解	Draw a diagram to show your weekly study plan.	画一张图表展示你的周学习计划。	同义：chart, graph	dia 穿过 + gram 写；交叉写出图形
diamond	/ˈdaɪəmənd/	n. 钻石；菱形	A good word note is more valuable than a diamond.	一本好的单词笔记比钻石更有价值。	同义：gem, jewel	adamant 坚硬的石头
diary	/ˈdaɪəri/	n. 日记；日志	Write a short English diary every night before sleep.	每晚睡前写一篇简短英文日记。	同义：journal	di 日 + ary 名词后缀
die	/daɪ/	v. 死亡；消失	If you stop using English, your active vocabulary may die slowly.	如果你停止使用英语，活跃词汇可能会慢慢消失。	同义：pass away, fade反义：live	古英语 dēagan
diet	/ˈdaɪət/	n. 饮食；节食	A healthy diet helps you stay energetic during study.	健康饮食帮助你学习时保持精力。	同义：food, nutrition	dia 穿过 + ete 生活方式
differ	/ˈdɪfə(r)/	v. 不同；有差异	Learning styles may differ from person to person.	学习方式可能因人而异。	同义：vary, contrast反义：agree	dif 分开 + fer 携带；分开带来差异
difference	/ˈdɪfrəns/	n. 差异；不同	The difference between success and failure often lies in daily review.	成败之间的差异往往在于日常复习。	同义：distinction反义：similarity	differ + ence 名词后缀
different	/ˈdɪfrənt/	adj. 不同的；各种的	Use different methods to memorize different types of words.	用不同方法记忆不同类型的单词。	同义：various, distinct反义：same	differ + ent 形容词后缀
difficult	/ˈdɪfɪkəlt/	adj. 困难的；不易的	Some English words are difficult to spell correctly.	有些英语单词很难正确拼写。	同义：hard, tough反义：easy	dif 不 + fic 做 + ult；不容易做
difficulty	/ˈdɪfɪkəlti/	n. 困难；困境	Face difficulty bravely instead of giving up quickly.	勇敢面对困难，不要迅速放弃。	同义：hardship, trouble反义：ease	difficult 的名词形式
digital	/ˈdɪdʒɪtl/	adj. 数字的；数码的	Digital tools make English learning more convenient.	数码工具让英语学习更方便。	同义：online, electronic反义：physical	digit 手指 + al；用手指计数的数字
dilute	/daɪˈluːt/	v. 稀释；削弱	Do not let trivial things dilute your study time.	不要让琐事稀释你的学习时间。	同义：weaken, thin反义：strengthen	di 分开 + lut 冲洗；冲洗开即稀释
dim	/dɪm/	adj. 昏暗的；模糊的	The room was too dim to read English words clearly.	房间太暗，无法清楚阅读英语单词。	同义：dark, faint反义：bright	古英语 dim
dimension	/daɪˈmenʃn/	n. 维度；方面	Reading adds a new dimension to vocabulary learning.	阅读为词汇学习增加了新维度。	同义：aspect, measurement	di 分开 + mens 测量 + ion；分开测量
dinner	/ˈdɪnə(r)/	n. 晚餐；正餐	Review twenty new words quickly before dinner.	晚餐前快速复习二十个生词。	同义：supper, meal	古法语 diner
direct	/dəˈrekt/	adj. 直接的 v. 指导	Give me a direct answer instead of a long explanation.	给我一个直接回答，不要长篇解释。	同义：straight, guide反义：indirect	di 分开 + rect 拉直；拉直不绕弯
direction	/dəˈrekʃn/	n. 方向；指导	Ask your teacher for direction when you feel lost.	感到迷茫时向老师寻求指导。	同义：guidance, path反义：misguidance	direct + ion 名词后缀
directly	/dəˈrektli/	adv. 直接地；立即	Write down the word meaning directly beside the sentence.	把单词释义直接写在句子旁边。	同义：immediately, straight反义：indirectly	direct + ly 副词后缀
director	/dəˈrektə(r)/	n. 主任；导演	The director of the English club arranged a speech contest.	英语社团负责人安排了一场演讲比赛。	同义：manager, leader反义：follower	direct + or 人后缀
dirt	/dɜːt/	n. 污垢；泥土	Clean the dirt on your notebook cover before studying.	学习前清理笔记本封面上的灰尘。	同义：dust, soil反义：cleanliness	古英语 drit
disappear	/ˌdɪsəˈpɪə(r)/	v. 消失；不见	If you do not review, many words will disappear from your memory.	如果不复习，许多单词会从记忆中消失。	同义：vanish, fade反义：appear	dis 不 + appear 出现；不再出现
disappoint	/ˌdɪsəˈpɔɪnt/	v. 使失望	Do not disappoint yourself by wasting time.	不要因为浪费时间而让自己失望。	同义：let down, upset反义：satisfy	dis 不 + appoint 任命；未被任命而失望
disaster	/dɪˈzɑːstə(r)/	n. 灾难；彻底失败	Forgetting half the words before the exam is not a real disaster.	考前忘掉一半单词并不是真正的灾难。	同义：catastrophe, misfortune反义：blessing	dis 不 + aster 星；星位不正带来灾难
discard	/dɪˈskɑːd/	v. 丢弃；抛弃	Discard useless notes and keep only clear examples.	丢弃无用笔记，只保留清晰例句。	同义：throw away, abandon反义：keep	dis 分开 + card 卡片；把卡片分开丢掉
discipline	/ˈdɪsəplɪn/	n. 纪律；学科	Self-discipline is more important than talent in language learning.	语言学习中，自律比天赋更重要。	同义：self-control, rule反义：disorder	dis 门徒 + cip 拿 + line；门徒学习的规则
discover	/dɪˈskʌvə(r)/	v. 发现；发觉	You will discover many useful words in reading passages.	你会在阅读文章中发现许多有用单词。	同义：find, notice反义：hide	dis 不 + cover 覆盖；不再覆盖即发现
discovery	/dɪˈskʌvəri/	n. 发现；发觉	Every new word is a small discovery in English learning.	每个生词都是英语学习中的一次小发现。	同义：finding, breakthrough反义：loss	discover + y 名词后缀
discuss	/dɪˈskʌs/	v. 讨论；商量	Discuss difficult sentences with your classmates after class.	课后和同学讨论难句。	同义：talk about, debate反义：ignore	dis 分开 + cuss 摇动；分开摇动观点
discussion	/dɪˈskʌʃn/	n. 讨论；议论	A short discussion can make difficult words easier to remember.	简短讨论能让难词更容易记住。	同义：conversation, debate反义：silence	discuss + ion 名词后缀
disease	/dɪˈziːz/	n. 疾病；病害	Lack of sleep may lead to disease and poor memory.	睡眠不足可能导致疾病和记忆力下降。	同义：illness, sickness反义：health	dis 不 + ease 舒适；不舒适即疾病
dismiss	/dɪsˈmɪs/	v. 解雇；解散	Do not dismiss small mistakes; they may appear in the exam.	不要忽视小错误，它们可能出现在考试中。	同义：ignore, fire反义：hire	dis 分开 + miss 派送；派送离开
distance	/ˈdɪstəns/	n. 距离；间距	The distance between dream and reality is daily effort.	梦想和现实之间的距离就是每日努力。	同义：space, gap反义：closeness	di 分开 + st 站 + ance；分开站立的距离
distant	/ˈdɪstənt/	adj. 遥远的；疏远的	The final exam is not as distant as you think.	期末考试并不像你想的那样遥远。	同义：far, remote反义：close	distance 的形容词形式
distinguish	/dɪˈstɪŋɡwɪʃ/	v. 区分；辨别	Distinguish between synonyms and use them correctly.	区分同义词并正确使用它们。	同义：tell apart, recognize反义：confuse	dis 分开 + sting 刺 + uish；刺出不同点
distribute	/dɪˈstrɪbjuːt/	v. 分发；分配	The teacher will distribute a new word list tomorrow.	老师明天会分发一份新单词表。	同义：spread, give out反义：collect	dis 分开 + tribute 给予；分开给予
district	/ˈdɪstrɪkt/	n. 区域；地区	The district library has many English reading materials.	这个区域图书馆有许多英语阅读材料。	同义：area, region反义：whole	dis 分开 + strict 拉；拉开划分区域
disturb	/dɪˈstɜːb/	v. 打扰；妨碍	Do not disturb others when you are studying in the library.	在图书馆学习时不要打扰别人。	同义：interrupt, bother反义：calm	dis 分开 + turb 搅动；搅乱
dive	/daɪv/	v. 潜水；投身	Dive into English reading and you will improve quickly.	投身英语阅读，你会进步很快。	同义：plunge, jump反义：surface	古英语 dyfan
divide	/dɪˈvaɪd/	v. 划分；分开	Divide a long word list into small daily tasks.	把长单词表划分为每日小任务。	同义：separate, split反义：unite	di 分开 + vide 分开
division	/dɪˈvɪʒn/	n. 分开；部门	The division of tasks makes heavy learning easier.	任务划分让繁重学习变得更容易。	同义：separation, section反义：union	divide 的名词形式
do	/duː/	v. 做；行动	Do something every day that brings you closer to your goal.	每天做一些让你更接近目标的事。	同义：perform, act反义：undo	古英语 dōn
doctor	/ˈdɒktə(r)/	n. 医生；博士	The doctor advised me to read English in the morning.	医生建议我早上读英语。	同义：physician, scholar	doc 教 + or 人；受过教育的人
document	/ˈdɒkjumənt/	n. 文件；文档	Save your word notes in a clear document.	把你的单词笔记保存在一份清晰文档里。	同义：file, record	doc 教 + ument；说明性文件
dog	/dɒɡ/	n. 狗	A loyal dog can be a quiet study partner.	一只忠诚的狗可以成为安静的学习伙伴。		无高频反义
dollar	/ˈdɒlə(r)/	n. 美元	Saving one dollar is less valuable than saving one hour.	节省一美元不如节省一小时有价值。		无高频反义
domain	/dəˈmeɪn/	n. 领域；范围	Vocabulary is an important domain in English learning.	词汇是英语学习中的一个重要领域。	同义：field, area反义：border	dom 统治 + ain；统治范围
domestic	/dəˈmestɪk/	adj. 国内的；家庭的	Domestic reading materials are easier for beginners.	国内阅读材料对初学者更容易。	同义：home, internal反义：foreign	dom 房屋 + estic；房屋内的
dominant	/ˈdɒmɪnənt/	adj. 主导的；占优势的	Reading has become a dominant part of my English routine.	阅读已成为我英语日常学习的主导部分。	同义：leading, main反义：minor	dom 统治 + inant；统治的
donkey	/ˈdɒŋki/	n. 驴；傻瓜	He is not a donkey, but he still needs patient practice.	他不是傻瓜，但他仍然需要耐心练习。	同义：fool, ass反义：genius	dun 暗 + key；深色小动物
door	/dɔː(r)/	n. 门；入口	Every new word opens a door to better reading.	每个生词都打开一扇通往更好阅读的门。	同义：gate, entrance反义：exit	古英语 dor
double	/ˈdʌbl/	adj. 两倍的 v. 加倍	Double your effort if you want to pass the exam confidently.	如果想自信通过考试，就加倍努力。	同义：twice, increase反义：half	doub 二 + le；两个的
doubt	/daʊt/	n.&v. 怀疑；疑问	Self-doubt is the biggest enemy of progress.	自我怀疑是进步的最大敌人。	同义：question, distrust反义：trust	dub 二意 + t；两种想法
down	/daʊn/	adv. 向下；下降	Write down every useful word you meet in reading.	写下你在阅读中遇到的每个有用单词。	同义：below, downward反义：up	古英语 dūn
download	/ˌdaʊnˈləʊd/	v.&n. 下载	Download a reliable word list before you start.	开始前下载一份可靠的单词表。	同义：save, get反义：upload	down 向下 + load 装载
draft	/drɑːft/	n. 草稿 v. 起草	Write a first draft of your English composition quickly.	快速写出英语作文的初稿。	同义：sketch, outline反义：final	古英语 dræft
drag	/dræɡ/	v. 拖；拉	Do not drag your study plan from one week to another.	不要把学习计划从一周拖到下一周。	同义：pull, draw反义：push	古英语 dragan
drama	/ˈdrɑːmə/	n. 戏剧；戏剧性事件	Learning English is not a drama but a daily habit.	学英语不是戏剧，而是日常习惯。	同义：play, theatre	希腊语 drama
draw	/drɔː/	v. 画；拉；得出	Draw a simple mind map to connect new words.	画一张简单思维导图来连接生词。	同义：sketch, pull反义：push	古英语 dragan
dream	/driːm/	n. 梦想 v. 做梦	A dream without a plan remains only a wish.	没有计划的梦想只是愿望。	同义：wish, goal反义：reality	古英语 drēam
dress	/dres/	n. 连衣裙 v. 穿	Dress neatly and sit at the desk for morning reading.	穿得整洁，坐在书桌前晨读。	同义：clothes, wear反义：undress	古法语 drecier
drink	/drɪŋk/	v. 喝 n. 饮料	Drink some water and then continue reciting words.	喝点水，然后继续背单词。	同义：sip, beverage反义：eat	古英语 drincan
drive	/draɪv/	v. 驾驶；驱动	Strong motivation drives students to study harder.	强烈动机驱动学生更努力学习。	同义：steer, push反义：stop	古英语 drīfan
drop	/drɒp/	v. 掉落；放弃	Drop the habit of checking your phone while studying.	改掉学习时查看手机的习惯。	同义：fall, abandon反义：catch	古英语 dropian
drug	/drʌɡ/	n. 药物；毒品	Take the right drug when you are sick, not when you are lazy.	生病时吃对药，懒惰时不要吃药。	同义：medicine, pill反义：poison	中古英语 droge
dry	/draɪ/	adj. 干的；枯燥的	A dry word list becomes interesting when you add sentences.	当你加上句子后，枯燥的单词表会变得有趣。	同义：dull, dry反义：wet	古英语 drȳge
duck	/dʌk/	n. 鸭子 v. 躲避	Do not duck difficult words; look them up immediately.	不要躲避难词，立刻查清楚。	同义：avoid, evade反义：face	古英语 duce
due	/djuː/	adj. 到期的；应得的	Your English progress is due to daily effort.	你的英语进步归功于每日努力。	同义：owing, scheduled反义：undue	古法语 deu
dull	/dʌl/	adj. dull 迟钝的；乏味的	A dull sentence is easier to forget than a meaningful one.	乏味的句子比有意义的句子更容易遗忘。	同义：boring, slow反义：interesting	古英语 dol
dump	/dʌmp/	v. 倾倒；倾销	Do not dump all your words into memory at once.	不要把所有单词一下子倒进记忆里。	同义：drop, unload反义：load	古英语 dumpian
durable	/ˈdjʊərəbl/	adj. 耐用的；持久的	A durable study plan is better than a sudden burst of effort.	持久的学习计划比突然爆发的努力更好。	同义：long-lasting, strong反义：fragile	dur 持续 + able；可持续的
duration	/djuˈreɪʃn/	n. 持续时间	The duration of each review session should be reasonable.	每次复习的持续时间应该合理。	同义：period, length反义：moment	dur 持续 + ation 名词后缀
during	/ˈdjʊərɪŋ/	prep. 在… 期间	During the winter vacation, review all core words carefully.	寒假期间认真复习所有核心词。	同义：while, throughout	dur 持续 + ing
dust	/dʌst/	n. 灰尘；尘埃	Dust on the desk may distract you from reading.	书桌上的灰尘可能分散你的阅读注意力。	同义：dirt, powder反义：cleanliness	古英语 dust
duty	/ˈdjuːti/	n. 责任；义务	It is your duty as a student to learn English well.	学好英语是你作为学生的责任。	同义：responsibility, task反义：right	due 应得 + ty；应承担的事
each	/iːtʃ/	adj.&pron. 每个	Each word you memorize is a small step forward.	你记住的每个单词都是前进的一小步。	同义：every, individual反义：all	古英语 ælc
eager	/ˈiːɡə(r)/	adj. 渴望的；热切的	Be eager to learn but patient enough to review.	渴望学习，但也要有足够耐心复习。	同义：anxious, keen反义：unwilling	古英语 eagar
ear	/ɪə(r)/	n. 耳朵；听觉	Use your ear as well as your eyes when learning words.	学单词时既要用眼睛，也要用耳朵。	同义：hearing, listen	古英语ēare
early	/ˈɜːli/	adj.&adv. 早的；提早	Early morning is a good time to recite English words.	清晨是背诵英语单词的好时间。	同义：morning, beforehand反义：late	古英语ǣr
earn	/ɜːn/	v. 挣得；获得	Earn good grades through steady effort, not luck.	通过稳定努力而不是运气获得好成绩。	同义：gain, deserve反义：lose	古英语 earnian
earth	/ɜːθ/	n. 地球；泥土	The earth provides us with natural resources and quiet beauty.	地球为我们提供自然资源和宁静之美。	同义：globe, soil反义：heaven	古英语 eorðe
ease	/iːz/	n. 舒适；轻松	With daily practice, reading becomes a task of ease.	通过日常练习，阅读会变成轻松的任务。	同义：comfort, simplicity反义：difficulty	古法语 aise
east	/iːst/	n. 东 adj. 东方的	The sun rises in the east and sets in the west.	太阳从东方升起，西方落下。	同义：oriental反义：west	古英语ēast
easy	/ˈiːzi/	adj. 容易的；简单的	Nothing valuable is easy at the beginning.	有价值的事情一开始都不容易。	同义：simple, effortless反义：difficult	ease 的形容词形式
eat	/iːt/	v. 吃；吃饭	Eat properly and sleep well before an important exam.	重要考试前要吃好睡好。	同义：consume, have a meal反义：fast	古英语 etan
economy	/ɪˈkɒnəmi/	n. 经济；节约	A strong economy requires well-educated young people.	强大的经济需要受过良好教育的年轻人。	同义：finance, saving反义：luxury	eco 家庭 + nom 管理；家庭理财引申为经济
edge	/edʒ/	n. 边缘；优势	Being consistent gives you an edge over other learners.	坚持会让你比其他学习者更有优势。	同义：border, advantage反义：center	古英语 ecg
edit	/ˈedɪt/	v. 编辑；修改	Edit your word notes regularly to keep them clear.	定期修改单词笔记，保持内容清晰。	同义：revise, correct反义：ruin	editor 的逆构词
edition	/ɪˈdɪʃn/	n. 版本；版次	Buy the latest edition of the vocabulary book.	买最新版的词汇书。	同义：version, copy	edit + ion 名词后缀
editor	/ˈedɪtə(r)/	n. 编辑；编者	The editor removed some unnecessary examples from the book.	编辑从书中删去了一些不必要的例句。	同义：writer, reviser反义：reader	edit + or 人后缀
educate	/ˈedʒukeɪt/	v. 教育；培养	Teachers educate students not only in knowledge but also in method.	老师不仅用知识，也用方法教育学生。	同义：teach, train反义：mislead	e 向外 + duc 引导 + ate；引导出来
effect	/ɪˈfekt/	n. 效果；影响	The effect of daily review appears gradually.	每日复习的效果会逐渐显现。	同义：result, influence反义：cause	ef 向外 + fect 做；做出来的结果
efficient	/ɪˈfɪʃnt/	adj. 效率高的；有能力的	Use efficient methods instead of wasting time on repetition.	使用高效方法，不要在无效重复上浪费时间。	同义：effective, capable反义：inefficient	ef 加强 + fic 做 + ient；能做出效果的
egg	/eɡ/	n. 蛋；鸡蛋	An egg provides energy for the morning reading session.	一个鸡蛋为晨读提供能量。		无高频反义
eight	/eɪt/	num. 八	Review eight new words before you go to bed each night.	每晚睡觉前复习八个生词。		无高频反义
either	/ˈaɪðə(r)/	pron. 任一 adj. 任一	You can choose either of the two word-recitation plans.	你可以在两个背词计划中任选一个。	同义：one, also反义：neither	古英语ǣgðer
elder	/ˈeldə(r)/	adj. 年长的 n. 长辈	Ask your elder classmates for useful learning advice.	向学长学姐请教有用的学习建议。	同义：older, senior反义：younger	old 的比较级
electric	/ɪˈlektrɪk/	adj. 电的；电动的	Electric lights allow us to study after dark.	电灯让我们天黑后也能学习。	同义：electrical, powered反义：manual	electr 电 + ic
electronic	/ɪˌlekˈtrɒnɪk/	adj. 电子的	Electronic dictionaries are convenient but cannot replace deep thinking.	电子词典方便，但不能取代深度思考。	同义：digital, online反义：physical	electron 电子 + ic
elephant	/ˈelɪfənt/	n. 大象	An elephant never forgets; you should not forget your words either.	大象从不忘记，你也不应该忘记单词。		无高频反义
elevator	/ˈelɪveɪtə(r)/	n. 电梯；升降机	Take the stairs instead of the elevator to save time.	走楼梯而不是乘电梯，节省时间。	同义：lift反义：stairs	elevate 升高 + or；升高的设备
else	/els/	adv. 其他；另外	What else can you do to improve your reading speed?	你还能做些什么来提高阅读速度？	同义：other, besides反义：only	古英语 elles
elsewhere	/ˈelsweə(r)/	adv. 在别处	If one method fails, try it elsewhere in your study plan.	如果一种方法失败，就在学习计划的其他地方尝试。	同义：somewhere else反义：here	else 其他 + where 地方
embarrass	/ɪmˈbærəs/	v. 使尴尬；使难堪	Do not be embarrassed when you make small mistakes in speaking.	口语中犯小错误时不要尴尬。	同义：make awkward, shame反义：comfort	em 进入 + bar 障碍 + ass；进入障碍状态
emerge	/ɪˈmɜːdʒ/	v. 出现；浮现	New ideas will emerge when you read widely.	广泛阅读时，新想法会浮现出来。	同义：appear, arise反义：disappear	e 向外 + merge 浸入；从水中冒出
emergency	/ɪˈmɜːdʒənsi/	n. 紧急情况；突发事件	Keep an emergency plan ready in case you miss a class.	准备一个紧急方案，以防你缺课。	同义：crisis, urgency反义：routine	emerge + ency 名词后缀
emotion	/ɪˈməʊʃn/	n. 情绪；情感	Strong emotion can either help or harm your study.	强烈情绪既可能帮助也可能伤害你的学习。	同义：feeling, mood反义：reason	e 向外 + mot 移动 + ion；移动出来的情绪
emphasis	/ˈemfəsɪs/	n. 强调；重点	Put more emphasis on words that often appear in reading.	更重视阅读中经常出现的单词。	同义：stress, importance反义：unimportance	em 加强 + phas 显示；重点显示
emphasize	/ˈemfəsaɪz/	v. 强调；着重	Teachers often emphasize the importance of reading aloud.	老师经常强调大声朗读的重要性。	同义：stress, highlight反义：ignore	emphasis + ize 动词后缀
employ	/ɪmˈplɔɪ/	v. 雇用；使用	Employ several simple methods to make vocabulary learning easier.	使用几种简单方法让词汇学习更容易。	同义：use, hire反义：dismiss	em 进入 + ploy 使用；投入使用
employee	/ɪmˈplɔɪiː/	n. 雇员；员工	The employee improved his English to get a better chance.	这位员工提升英语以获得更好机会。	同义：worker, staff反义：employer	employ 雇用 + ee 被动后缀
employer	/ɪmˈplɔɪə(r)/	n. 雇主；老板	The employer valued candidates with strong communication skills.	雇主重视沟通能力强的求职者。	同义：boss, manager反义：employee	employ 雇用 + er 主动后缀
empty	/ˈempti/	adj. 空的 v. 倒空	An empty notebook can become your most valuable study tool.	一本空白笔记本可以成为你最有价值的学习工具。	同义：vacant, hollow反义：full	古英语 æmettig
enable	/ɪˈneɪbl/	v. 使能够；使成为可能	Daily practice enables you to read English faster.	日常练习能让你读英语更快。	同义：allow, make possible反义：prevent	en 使 + able 能够
encourage	/ɪnˈkʌrɪdʒ/	v. 鼓励；支持	Good teachers encourage students to ask questions.	好老师鼓励学生提问。	同义：inspire, support反义：discourage	en 使 + courage 勇气；使有勇气
end	/end/	n. 结尾；目标 v. 结束	The end of one book is the beginning of another.	一本书的结束是另一本书的开始。	同义：finish, goal反义：beginning	古英语 end
ending	/ˈendɪŋ/	n. 结尾；结局	A good ending comes from steady daily effort.	好的结局来自稳定的日常努力。	同义：conclusion, close反义：beginning	end + ing 名词后缀
endless	/ˈendləs/	adj. 无止境的；没完没了的	The list of new words may feel endless at first.	生词表一开始可能让人感觉没完没了。	同义：infinite, continuous反义：limited	end 结尾 + less 无；无结尾的
enemy	/ˈenəmi/	n. 敌人；仇敌	Laziness is the biggest enemy of language learning.	懒惰是语言学习的最大敌人。	同义：opponent, foe反义：friend	古法语 enemi
energy	/ˈenədʒi/	n. 精力；能源	Save your energy for useful reading instead of worrying too much.	把精力省下来做有用阅读，不要过度焦虑。	同义：power, vitality反义：tiredness	en 在内 + erg 工作 + y；内在力量
engine	/ˈendʒɪn/	n. 发动机；引擎	A good memory method is the engine of vocabulary learning.	好的记忆方法是词汇学习的引擎。	同义：motor, machine	古法语 engin
engineer	/ˌendʒɪˈnɪə(r)/	n. 工程师 v. 设计	An engineer needs clear English to read technical papers.	工程师需要清晰英语来阅读技术论文。	同义：designer, builder	engine 引擎 + er 人；制造引擎的人
enjoy	/ɪnˈdʒɔɪ/	v. 享受；喜爱	Enjoy the process of learning instead of only worrying about scores.	享受学习过程，而不是只担心分数。	同义：appreciate, like反义：hate	en 使 + joy 快乐；使快乐
enough	/ɪˈnʌf/	adj.&pron. 足够	One month is enough if you study with a clear plan.	如果你有清晰计划，一个月就足够。	同义：sufficient, plenty反义：insufficient	古英语 genōg
ensure	/ɪnˈʃʊə(r)/	v. 确保；保证	Ensure that you understand each word before moving on.	继续学习前，确保你理解每个单词。	同义：guarantee, make sure反义：risk	en 使 + sure 确信；使确定
enter	/ˈentə(r)/	v. 进入；加入	Enter the classroom quietly and start your morning reading.	安静进入教室，开始晨读。	同义：go into, join反义：exit	古英语 entran
entertain	/ˌentəˈteɪn/	v. 娱乐；招待	A good story can entertain you while teaching new words.	一个好故事既能娱乐你，又能教你生词。	同义：amuse, host反义：bore	enter 在内 + hold 保持；留在其中
entire	/ɪnˈtaɪə(r)/	adj. 全部的；整个的	The entire class reviewed the core words before the exam.	全班同学考前都复习了核心词。	同义：whole, complete反义：partial	古法语 entier
entrance	/ˈentrəns/	n. 入口；进入	Meet me at the main entrance of the library at nine o’clock.	九点钟在图书馆正门见我。	同义：entry, gate反义：exit	enter 进入 + ance 名词后缀
envelope	/ˈenvələʊp/	n. 信封；封套	Put your word list in an envelope and review it weekly.	把单词表放进信封，每周复习一次。	同义：cover, wrapper	en 在内 + velop 包裹；包在里面
equal	/ˈiːkwəl/	adj. 平等的 v. 等于	Everyone has equal chances to improve through effort.	每个人都有通过努力提升的平等机会。	同义：same, fair反义：unequal	equ 相等 + al 形容词后缀
equip	/ɪˈkwɪp/	v. 装备；配备	Equip yourself with a good dictionary and a clear notebook.	准备一本好词典和一本清晰笔记本。	同义：provide, prepare反义：unprepare	古法语 equiper
equipment	/ɪˈkwɪpmənt/	n. 设备；装备	Simple equipment is sometimes more useful than expensive tools.	简单设备有时比昂贵工具更有用。	同义：tools, supplies反义：lack	equip + ment 名词后缀
equivalent	/ɪˈkwɪvələnt/	adj. 等价的 n. 等价物	One hour of focused reading is not equivalent to three hours of distracted reading.	一小时专注阅读不等于三小时分心阅读。	同义：equal, same反义：different	equ 相等 + val 价值 + ent；等价值的
error	/ˈerə(r)/	n. 错误；差错	An error in vocabulary notes may appear again in the exam.	单词笔记中的错误可能在考试中再次出现。	同义：mistake, fault反义：correctness	err 漫游 + or；走偏产生错误
escape	/ɪˈskeɪp/	v.&n. 逃跑；避免	Do not escape from difficult grammar rules; face them directly.	不要逃避难的语法规则，直接面对它们。	同义：flee, avoid反义：face	ex 向外 + cape 斗篷；逃出斗篷
especially	/ɪˈspeʃəli/	adv. 尤其；特别	Pay special attention to words that appear especially often in reading.	特别注意阅读中出现尤其频繁的单词。	同义：particularly, specially反义：generally	es 加强 + special 特殊 + ly
essay	/ˈeseɪ/	n. 短文；散文	Write a short essay using ten new words from this unit.	用本单元的十个生词写一篇短文。	同义：article, composition	古法语 essai
essential	/ɪˈsenʃl/	adj. 必要的 n. 要素	Daily review is essential for long-term vocabulary retention.	日常复习对长期词汇记忆至关重要。	同义：necessary, vital反义：unnecessary	essence 本质 + ial；本质的
establish	/ɪˈstæblɪʃ/	v. 建立；确立	Establish a fixed time for English study every day.	每天确立一个固定的英语学习时间。	同义：found, set up反义：destroy	e 加强 + stable 稳定 + ish；使稳定建立
estate	/ɪˈsteɪt/	n. 房地产；财产	A large vocabulary is more valuable than a small estate.	大量词汇比一小笔财产更有价值。	同义：property, land反义：debt	古法语 estat
evaluation	/ɪˌvæljuˈeɪʃn/	n. 评价；评估	Regular evaluation helps you find weak points in vocabulary.	定期评估帮助你发现词汇薄弱点。	同义：assessment, judgment反义：ignorance	evaluate 的名词形式
event	/ɪˈvent/	n. 事件；活动	The English speech event gave students a chance to practice.	英语演讲活动给了学生练习机会。	同义：incident, activity反义：routine	e 向外 + vent 来；发生出来的事
eventually	/ɪˈventʃuəli/	adv. 最终；终于	If you keep studying, you will eventually reach your goal.	如果你继续学习，最终会达到目标。	同义：finally, at last反义：immediately	event 事件 + ual + ly；事情一步步发生后
every	/ˈevri/	adj. 每；每个	Every mistake teaches you something important.	每个错误都会教你一些重要的东西。	同义：each, all反义：none	古英语ǣfre
evidence	/ˈevɪdəns/	n. 证据；证明	Your daily notes are the best evidence of your progress.	你的日常笔记是进步的最好证明。	同义：proof, clue反义：doubt	e 向外 + vid 看见 + ence；能看见的凭证
evil	/ˈiːvl/	adj. 邪恶的 n. 罪恶	Fear is an evil that stops many students from trying.	恐惧是阻止许多学生尝试的恶。	同义：wicked, bad反义：good	古英语 yfel
evolution	/ˌiːvəˈluːʃn/	n. 进化；演变	Language evolution changes the meaning of many words over time.	语言的演变会随时间改变许多单词的含义。	同义：development, growth反义：stagnation	e 向外 + volut 滚动 + ion；滚动发展
evolve	/ɪˈvɒlv/	v. 进化；逐步发展	Your vocabulary will evolve with long-term reading.	长期阅读会让你的词汇量逐步提升。	同义：develop, progress反义：stagnant	e 向外 + volve 滚动；不断滚动演变
exact	/ɪɡˈzækt/	adj. 精确；准确	Write the exact meaning of each core word.	记下每个核心单词精准释义。	同义：precise, accurate反义：vague	ex 出 + act 行动；严格执行标准
examine	/ɪɡˈzæmɪn/	v. 检查；考察	Examine your word list every three days.	每三天自查单词掌握情况。	同义：check, inspect反义：ignore	ex 向外 + amin 衡量；对外核查
example	/ɪɡˈzɑːmpl/	n. 例子；范例	Good word examples help memory greatly.	优质单词例句极大助力记忆。	同义：sample, instanceex 出 + ample 拿；拿出来示范	405
exceed	/ɪkˈsiːd/	v. 超过；超出	Your daily review plan should not exceed two hours.	每日复习不宜超过两小时。	同义：surpass, overtake反义：fall short	ex 向外 + ceed 走；走在前面超越
excellent	/ˈeksələnt/	adj. 极好；优秀	An excellent memory method saves much time.	绝佳记忆法节省大量时间。	同义：outstanding, great反义：poor	ex 出 + cell 突出 + ent
except	/ɪkˈsept/	prep. 除… 之外	I memorize all words except several hard ones.	除几个难词外我全部背诵。	同义：apart from反义：including	ex 向外 + cept 拿；拿出去排除
exchange	/ɪksˈtʃeɪndʒ/	v./n. 交换；交流	Exchange word notes with your classmates.	和同学交换单词笔记。	同义：swap, communicateex 向外 + change 变换；互相调换	409
excite	/ɪkˈsaɪt/	v. 使兴奋；激发	The desire to pass CET-4 excites us.	过四级的渴望激励我们。	同义：stimulate, arouse反义：calm	ex 向外 + cite 呼叫；情绪外放
execute	/ˈeksɪkjuːt/	v. 执行；实施	Execute your daily word plan strictly.	严格执行每日背词计划。	同义：carry out, performex 向外 + cut 做；落实行动	412
exercise	/ˈeksəsaɪz/	n./v. 练习；锻炼	Word exercise strengthens memory.	单词练习巩固记忆。	同义：practice, trainex 向外 + erc 约束；反复操练	413
exhibit	/ɪɡˈzɪbɪt/	v. 展示；表现	Exhibit your vocabulary progress in writing.	写作中展现词汇积累。	同义：show, display反义：hide	ex 向外 + hib 持有；拿出来展示
exist	/ɪɡˈzɪst/	v. 存在；实有	Many effective memory methods exist.	存在很多高效记忆方法。	同义：live, remain反义：disappear	ex 向外 + sist 站立；立于世
exit	/ˈeksɪt/	n./v. 出口；离开	Don’t exit the library without finishing review.	复习完再离开图书馆。	同义：leave, way out反义：entrance	ex 向外 + it 走；向外走
expand	/ɪkˈspænd/	v. 扩张；扩充	Expand your vocabulary by extensive reading.	广泛阅读扩充词汇量。	同义：enlarge, widen反义：shrink	ex 向外 + pand 铺开
expect	/ɪkˈspekt/	v. 期待；预料	I expect to master all core words in two months.	我期待两个月吃透核心词。	同义：hope, anticipateex 向外 + spect 看；向外观望期待	418
explain	/ɪkˈspleɪn/	v. 解释；说明	Explain confusing words to your partner.	给搭档讲解易混单词。	同义：clarify, illustrateex 向外 + plain 清晰；说清楚	419
explode	/ɪkˈspləʊd/	v. 爆炸；激增	Your vocabulary will explode with consistent input.	持续输入词汇量暴涨。	同义：burst, surgeex 向外 + plode 撞击	420
explore	/ɪkˈsplɔː(r)/	v. 探索；探究	Explore different word memorizing skills.	探索各类背词技巧。	同义：research, investigateex 向外 + plore 搜寻	421
expose	/ɪkˈspəʊz/	v. 暴露；接触	Expose yourself to English daily.	每日接触英语环境。	同义：uncover, contactex 向外 + pose 放置	423
extend	/ɪkˈstend/	v. 延长；拓展	Extend review time for unfamiliar words.	延长生词复习时长。	同义：prolong, expand反义：shorten	ex 向外 + tend 拉伸
extra	/ˈekstrə/	adj. 额外；附加	Spare extra ten minutes for word review.	多花十分钟复习单词。	同义：additional, spareextr 超出	426
extraordinary	/ɪkˈstrɔːdnri/	adj. 非凡；特别	Extraordinary effort brings good grades.	非凡努力换来好成绩。	同义：remarkable, unusual反义：ordinary	extra 超出 + ordinary 普通
extreme	/ɪkˈstriːm/	adj. 极端；极度	Extreme laziness ruins vocabulary plan.	极度懒惰毁掉背词计划。	同义：excessive, radicalextr 最远	428
factor	/ˈfæktə(r)/	n. 因素；要素	Consistency is a key success factor.	坚持是成功关键因素。	同义：element, cause	fact 做；促成事物
fail	/feɪl/	v. 失败；未能	Don’t fail to review words every evening.	每晚务必复习单词。	同义：miss, lose反义：succeed	古英语 fælan
failure	/ˈfeɪljə(r)/	n. 失败；故障	Failure in review leads to word forgetting.	复习不到位导致忘词。	同义：defeat反义：success	fail 失败 + ure 名词后缀
fair	/feə(r)/	adj. 公平；尚可	It is fair to spend time memorizing words.	花时间背词理所应当。	同义：just, moderate反义：unfair	古英语 fæger
faith	/feɪθ/	n. 信念；信任	Have faith in your word-reciting plan.	坚信你的背词计划。	同义：belief, trust反义：doubt	古英语 fæð
false	/fɔːls/	adj. 虚假；错误	False memory of words misleads reading.	单词记忆出错误导阅读。	同义：wrong, fake反义：true	拉丁语 falsus
fame	/feɪm/	n. 名声；名望	Fame comes from long-term hard work.	名望源于长期努力。	同义：reputation, glory	fam 说；众人谈论
familiar	/fəˈmɪliə(r)/	adj. 熟悉；通晓	Become familiar with core vocabulary.	吃透核心词汇。	同义：well-known反义：strange	family 家庭；家常熟知
famine	/ˈfæmɪn/	n. 饥荒；匮乏	A famine of words blocks reading.	词汇匮乏阻碍阅读。	同义：shortage	fam 饥饿
far	/fɑː(r)/	adj./adv. 远；久远	The exam is not far away from now.	考试离现在不远。	同义：distant反义：near	古英语 feorr
fashion	/ˈfæʃn/	n. 时尚；方式	New fashion of word learning appears.	新式背词方法出现。	同义：style, method	fac 做；流行做法
fast	/fɑːst/	adj./adv. 快速；迅速	Read fast after mastering enough words.	词汇量充足就能速读。	同义：quick反义：slow	古英语 fæst
fault	/fɔːlt/	n. 错误；缺陷	Careless fault appears in word spelling.	拼写出现粗心错误。	同义：mistake, error反义：perfection	古英语 falt
fear	/fɪə(r)/	n./v. 害怕；担忧	Don’t fear large vocabulary tasks.	不要畏惧大量单词任务。	同义：worry, frighten反义：brave	古英语 fǣr
feature	/ˈfiːtʃə(r)/	n. 特征；特点	Memorize word features to distinguish them.	记单词特征区分易混词。	同义：characteristic	feat 做；显著特点
federal	/ˈfedərəl/	adj. 联邦；联合	Federal education policy values English.	联邦教育政策重视英语。	同义：unified	feder 联盟 + al
feed	/fiːd/	v. 喂养；供给	Feed your brain with new words.	用新词充实大脑。	同义：supply, nourish反义：starve	古英语 fēdan
feedback	/ˈfiːdbæk/	n. 反馈；回应	Get feedback on your word test results.	获取单词自测反馈。	同义：response	feed 供给 + back 返回
explosive	/ɪkˈsplosɪv/	adj. 爆炸的； 极易引起争论的 n. 炸药	Because the gas is highly explosive, it needs to be kept in high-pressure containers.	由于这种气体极易爆炸，因此需要保存在高压容器内。	同义：volatile, fulminic, blasting agent, detonator	同根：exploded 爆炸了的；分解的；被破除的；explosively 爆发地，引起爆炸地；explosion 爆炸；爆发；激增
numerous	/ˈnumərəs/	adj. 众多的	Numerous attempts have been made to hide the truth.	为掩盖事实作了很多尝试。	同义：many, multiple, hundred, plenty	同根：numerousness 多数
govern	/ˈɡʌvɚn/	vi. 居支配地位， 占优势 vt. 统治，治理，支配	the leaders who govern the country	治理这个国家的领导人	同义：manage, possess, conduct, run	同根：governing 有统治、控制或治理权力的；governmental 政府的；政治的；统治上的；governable 可控制的；可支配的；可统治的
analyse	/ˈæn(ə)laɪz/	vt. 分析； 分解； 解析	She still needs to analyse the data.	她仍需要分析这些数据。	同义：study, break down	同根：analytical 分析的；解析的；善于分析的；analytic 分析的；解析的；善于分析的；analyzable 可分析的
discourage	/dɪsˈkɝɪdʒ/	vt. 使泄气， 使灰心； 阻止， 劝阻	You should not let one failure discourage you.	你不该失败一次就灰心丧气。	同义：stem, block, dispute, prohibit	同根：discouraged 气馁的；discouraging 使人沮丧的；令人气馁的；discouragingly 使人气馁地，使人沮丧地；阻止地
resemble	/rɪˈzɛmbl/	vt. 像， 类似于	It’s amazing how closely Brian and Steve resemble each other.	布赖恩和史蒂夫真是惊人地相像。	同义：favor	同根：resemblance 相似；相似之处；相似物；肖像
remote	/rɪˈmot/	adj. 遥远的； 偏僻的； 关系疏远的； 脱离的； 微乎其微的； 孤高的， 冷淡的； 遥控的	a remote border town	一个偏远的边境小镇	同义：distant, lonely	同根：remotely 遥远地；偏僻地；remoteness 遥远；偏僻；细微；时间久远
salary	/ˈsæləri/	n. 薪金， 薪水	The average salary for a teacher is $39,000 a year.	教师的平均工资是39,000美元一年。	同义：emolument, paycheck	同根：salaried 有薪水的；领薪水的；salaried 给…薪水（salary的过去式和过去分词）
pollution	/pəˈluʃən/	n. 污染， 污染物	California’s tough anti-pollution laws	加利福尼亚州严厉的反污染法	同义：contamination, impureness	同根：polluted 受污染的；被玷污的；pollutant 污染物；polluter 污染者；污染源；污染物质
pretend	/prɪˈtɛnd/	vt. 装作， 假装	Let’s pretend we’re on the moon.	我们假装自己是在月球上吧。	同义：simulate, come, act, fox	同根：pretended 假装的；虚假的；pretense 借口；虚假；炫耀；自吹（等于pretence）；pretence 假装；借口；虚伪
kettle	/ˈkɛtl/	n. 水壶	She filled the kettle and switched it on.	她把水壶灌满，打开了开关。	同义：pot, drum	
wreck	/rɛk/	n. 失事；残骸；精神或身体已垮的人 vt. 破坏	He was still alive when they pulled him from the wreck.	他们把他从失事的车辆中拖出来时，他还活着。	同义：destruction, breaking, blasting, remain	同根：wrecked 失事的（船）；迷幻的，兴奋的；wreckage （失事船或飞机等的）残骸；（船只等的）失事；wrecker 使船失事的人，肇事者；失事现场清理人；打捞船
drunk	/drʌŋk/	adj. 醉的； 陶醉的	You’re drunk.	你喝醉了。	同义：loaded, buffy	同根：drunken 喝醉的；酒醉的；常醉的；drinkable 可饮用的；可以喝的；drink 酒，饮料；喝酒
calculate	/ˈkælkjulet/	vt. 计算； 估计； 计划	These instruments calculate distances precisely.	这些仪器计算距离非常精确。	同义：figure, cast, expect, propose	同根：calculated 计算出的；适合的；有计划的；calculating 计算的；深谋远虑的；审慎的；calculable 可计算的；能预测的；可靠的
persistent	/pəˈzɪstənt/	adj. 坚持的， 不屈不挠的； 持续不断的； 反复出现的	persistent rumours	持续流传的谣言	同义：fixed, consistent, set	同根：persistently 坚持地；固执地；perseverance 坚持不懈；不屈不挠；persistence 持续；固执；存留
sake	/sek/	n. 缘故， 理由	He moved to the seaside for the sake of his health.	他为了健康而迁居海滨。	同义：goals, intention, purpose, behalf	
conceal	/kənˈsil/	vt. 把…隐藏起来， 掩盖， 隐瞒	The shadows concealed her as she crept up to the house.	她借着阴影蹑手蹑脚地走向房子。	同义：lock, pocket, to hide	同根：concealment 隐藏，隐蔽；隐匿处；concealer 遮瑕膏/遮瑕霜
meanwhile	/ˈminwaɪl/	adv. 与此同时	Cook the sauce over a medium heat until it thickens. Meanwhile start boiling the water for the pasta.	用中火把调味汁煮到变稠，同时烧水准备煮意大利面。	同义：together, simul	
possess	/pəˈzɛs/	vt. 占用， 拥有	Different workers possess different skills.	不同的工人拥有不同技能。	同义：contain, regulate, bit, bottle	同根：possessive 占有的；所有的；所有格的；占有欲强的；possession 拥有；财产；领地；自制；着迷；possessive 所有格
competent	/ˈkɑmpɪtənt/	adj. 有能力的， 能胜任的	A competent mechanic should be able to fix the problem.	一名合格的机修工应该能够解决这个问题。	同义：able, capable, efficient, sufficient	同根：competently 胜任地；适合地；competence 能力，胜任；权限；作证能力；足以过舒适生活的收入；competency 能力（等于competence）；资格
investment	/ɪnˈvɛstmənt/	n. 投资， 投资额； 投入	We plan to buy some property as an investment.	我们打算买些房地产作为投资。	同义：input, introjection	同根：investor 投资者；invest 投资，入股；花钱买；invest 投资；覆盖；耗费；授予；包围
neutral	/ˈnʊtrəl/	adj. 中立的； 中性的	I always tried to remain neutral when they started arguing.	他们争论起来的时候我总是努力保持中立。	同义：indifferent, litmusless, fence-sitter, mugwump	同根：neuter 中性的；不及物的；无性的；neutralized 中立化的；neutrality 中立；中性；中立立场
scratch	/skrætʃ/	v. 抓，搔，扒；刮，擦；刻出 n. 抓痕， 划痕； 抓， 搔， 刮	John yawned and scratched his leg.	约翰打了个呵欠，挠了挠腿。	同义：abrasion, brush-burn, hit-and-miss, paw	同根：scratchy 潦草的；刺痒的；草率的；发刮擦声的；scratcher 抓扒者；抓扒工具
optional	/ˈɑpʃənl/	adj. 可以任选的	three optional courses	三门选修课	同义：selectable, hit-or-miss, elective subjects	同根：optionally 随意地；option [计] 选项；选择权；买卖的特权；opt 选择
require	/rɪˈkwaɪr/	vt. 需要； 要求； 命令	Campbell’s broken leg will probably require surgery.	坎贝尔的一条腿骨折，可能需要手术。	同义：lack, exact, desire, order	同根：required 必需的；（美）必修的；requirement 要求；必要条件；必需品；required 需要（require的过去式及过去分词形式）；要求
circular	/ˈsɝkjəlɚ/	adj. 圆的；循环的；兜圈子的 n. 通知， 通告	a circular table	圆桌	同义：indirect, cyclic, rounded, notice	同根：circulating 循环的；流通的；circulatory 循环的；circulative 循环性的；促进循环的；（货币、报刊等）具有流通性的
click	/klɪk/	v. 发出咔嗒声；点击 n. 咔嗒声	The door clicked shut behind me.	门在我身后咔嗒一声关上了。	同义：ticktack, tictac	
fashionable	/ˈfæʃnəbl/	adj. 流行的， 时髦的	Strong colours are very fashionable at the moment.	眼下流行艳丽的色彩。	同义：popular, going, modern, ruling	同根：fashionably 赶时髦地；按照流行地；fashion 时尚；时装；样式；时髦人物；fashionmonger 创流行的人；赶时髦的人
journalist	/ˈdʒɝ​nlɪst/	n. 新闻工作者， 新闻记者	a well-known journalist and broadcaster	一位著名的新闻记者兼播音员	同义：newspaperman, jounalist	同根：journalistic 新闻业的，新闻工作者的；journal 日报，杂志；日记；分类账；journalism 新闻业，新闻工作；报章杂志
exposure	/ɪkˈspoʒɚ/	n. 暴露， 揭露； 曝光	Exposure to lead is known to damage the brains of young children.	已知接触铅会损害幼童的大脑。	同义：layout, reveal, showing	同根：exposed 暴露的，无掩蔽的；exposed 暴露，揭露（expose的过去分词）；expose 揭露，揭发；使曝光；显示
temper	/ˈtɛmpɚ/	n. 韧度；心情，情绪 vt. 调和， 使缓和； 【冶】使回火	Pete hit his brother in a fit of temper .	皮特一气之下打了他弟弟。	同义：tendency, liability, trend, preference	同根：tempered 缓和的，温和的；调节的；有…气质的；temperamental 喜怒无常的；性情的；易兴奋的；temperance 温暖的；有节制的
protective	/prəˈtɛktɪv/	adj. 保护的， 防护的	protective clothing	防护服	同义：phylactic, shielded	同根：protecting 保护的；防护的；protectionist 贸易保护主义的；保护贸易论的；protectively 保护地；防护地
sideways	/ˈsaɪdwez/	adv&adj. 从一边， 向一边； 在一边； 斜着， 侧身	A strong gust of wind blew the car sideways into the ditch.	一阵狂风把汽车横着掀进了沟里。	同义：laterad	同根：sideway 旁边的；向侧面的（等于sideways）；sidewards 横向移动的；向一侧的；sidewise 横斜的；向一边的
multicultural	/ˈmʌltɪˈkʌltʃərəl/	adj. 融合多种文化的	a multicultural society	一个多元文化的社会		同根：multilingual 使用多种语言的；multifarious 多种的；各式各样的；多方面的；多样性的；multiethnic 多种民族的；涉及不同种族的
object	/ˈɑbdʒɛkt/	vi. 反对， 不赞成 n. 实物， 物体； 目的， 目标； 对象， 客体； 宾语	If no one objects, I would like Mrs Harrison to be present.	如果没人反对的话，我想请哈里森夫人出席。	同义：target, goal, end, cause	同根：objective 客观的；目标的；宾格的；objectionable 讨厌的；会引起反对的；有异议的；objectively 客观地
humble	/ˈhʌmbl/	adj. 谦逊的； 地位低下的； 简陋的	a modest and humble man	一个谦卑的男人		
chapter	/ˈtʃæptɚ/	n. 章， 回， 篇	Read Chapter 11 as your homework.	家庭作业是阅读第 11 章。	同义：Zhang, volte	
harbour	/hɑrbɚ/	n. 海港，港口 vt. 庇护； 心怀	as they sailed into Portsmouth Harbour	当他们驶入朴次茅斯港的时候	同义：secrete, haven, home	同根：harbor 海港；避难所；harbourage 停泊处；躲藏处；harbor 居住，生存；入港停泊；躲藏
carriage	/ˈkærɪdʒ/	n. 客车厢， 四轮马车	The president-elect followed in an open carriage drawn by six beautiful grey horses.	新当选的总统紧随其后，坐着6匹灰色骏马开道的敞篷马车。	同义：transportation, behavior, traffic, charges	同根：carry 运载；[计] 进位；射程；carry 能达到；被携带；被搬运；carry 拿，扛；携带；支持；搬运
cliff	/klɪf/	n. 悬崖， 峭壁	The car rolled over the edge of a cliff.	汽车翻下了悬崖边。	同义：precipice, escarpment	同根：cliffy 陡峭的；多悬崖的
infinite	/ˈɪnfɪnət/	adj. 无限的； 无穷的	The universe is infinite.	宇宙是无限的。	同义：huge, tremendous, thousand, million	同根：infinitive 不定式的；infinitesimal 无穷小的；无限小的；极小的；infinitely 无限地；极其
concede	/kənˈsid/	vt. 承认， 承认…为真； 承认失败； 允许， 让予； 让步， 认输	‘That’s the only possible solution.’ ‘Yes, I suppose so,’ Charles conceded.	“那是唯一可行的解决办法。”“对，我想是。”查尔斯承认道。	同义：afford, accept, agree, recognize	
elect	/ɪˈlɛkt/	vt. 选举， 推选； 选择	the country’s first democratically elected government	该国第一个民主选举产生的政府	同义：remarkable, excellent, prominent, opt for	同根：elective 选修的；选举的；选任的；electoral 选举的；选举人的；electioneering 竞选活动的
weekly	/ˈwikli/	adv. 每周 adj. 每周的	The group meets weekly.	小组每周见面一次。	同义：newsweekly	同根：weeklong 持续一星期的；为时一周的；weeklong 为时一周；在一个星期中；week 周，星期
result	/rɪˈzʌlt/	vi. 发生； 结果 n. 结果；成果；比分	How would you cope with unemployment and the resulting loss of income?	你会如何应付失业及由此造成的收入损失？	同义：outcome, product, event, consequence	同根：resultant 结果的；合成的；resulting 作为结果的；resultant 合力；结果；[化学] 生成物
golf	/gɔlf/	n. 高尔夫球运动	He plays golf on Sundays.	他星期天都去打高尔夫球。		同根：golfer 打高尔夫球的人；golfing 打高尔夫球；golfing 打高尔夫球（golf的ing形式）
selfish	/ˈsɛlfɪʃ/	adj. 自私的， 利己的	How can you be so selfish?	你怎能这样自私？	同义：hardfisted, asocial	同根：self 同一的；selfless 无私的；不考虑自己的；selfishly 自私地
sexism	/ˈsɛkˈsɪzəm/	n. 性别偏见， 性别歧视	sexism in the workplace	工作场所的性别歧视	同义：gender discrimination	同根：sexy 性感的；迷人的；色情的；sexist 性别主义者的；性别歧视者的；sexed 性感的；有性别的
commission	/kəˈmɪʃən/	n. 委任状；委员会；佣金，回扣；授权，委托 vt. 委任， 委托	The Government set up a commission to investigate allegations of police violence.	政府成立了一个委员会调查对警察施暴行为的指控。	同义：council, soviet, brokerage, authorization	同根：committed 坚定的；效忠的；承担义务的；commissioned 受委任的，受任命的；服役的，现役的；commitment 承诺，保证；委托；承担义务；献身
headline	/ˈhɛdlaɪn/	n. 大字标题； 新闻提要	a paper carrying the front-page headline: ‘Space Aliens meet with President’	头版报道题为“天外来客会见总统”的报纸	同义：argument, spreadhead	同根：heading 标题；（足球）头球；信头；headliner 写标题的记者；头牌人物；heading 用头顶（head的ing形式）
connect	/kəˈnɛkt/	vt. 连接， 结合， 联系； 给…接通电话	We’d like two rooms with connecting doors (= doors that join the rooms ) .	我们想要两个有门相通的房间。	同义：couple, hand in hand, band, combine	同根：connected [计] 连接的；有联系的；连贯的；connective 连合的，连接的；connectible 可联结的
rational	/ˈræʃnəl/	adj. 理性的， 理智的； 合理的	Parents need to be fully informed so they can make a rational decision.	父母需要充分了解情况，这样才可以作出合理的决定。	同义：reasonable, logical, possible, just	同根：rationalistic 理性主义的；纯理论的；rationally 理性地；讲道理地；rationale 基本原理；原理的阐述
policy	/ˈpɑləsi/	n. 政策， 方针； 保险单	an insurance policy	保险单	同义：deal, programm	同根：police 警察的；有关警察的；police 警察，警方；治安；policyholder 投保人；保险客户
editorial	/,ɛdɪˈtɔrɪəl/	adj. 编辑的，主笔的，编者的；社论的，社论式的 n. 社论， 重要评论	an editorial assistant	编辑助理	同义：compilatory	同根：editorially 以编辑身份地；以社论形式；edit 编辑工作；editor 编者，编辑；社论撰写人；编辑装置
resume	/rɪˈzjuːm/	vt. 重新开始， 继续， 恢复 n. 摘要， 概要； 简历	She hopes to resume work after the baby is born.	她想生完孩子后继续工作。	同义：bio, abstract, brief, summary	同根：resumption 恢复；重新开始；取回；重获；恢复硬币支付
rebuild	/,riˈbɪld/	v. 重建， 改造； 复原	The church was completely rebuilt in the last century.	这座教堂在上个世纪全面重建。	同义：reconstruct, reintegrate	同根：rebuilding 重建；rebuilding 重建；使复原（rebuild的ing形式）
committee	/kəˈmɪti/	n. 委员会， 全体委员	a committee meeting	委员会会议	同义：council, soviet	
namely	/ˈnemli/	adv. 即， 也就是	Three students were mentioned, namely John, Sarah and Sylvia.	有三名学生被提到，即约翰、萨拉和西尔维娅。	同义：viz., i.e.	
artistic	/ɑrˈtɪstɪk/	adj. 艺术的， 艺术家的； 富有艺术性的， 精美的； 精彩的	artistic work	艺术作品	同义：art	同根：artistically 在艺术上；富有艺术地；artist 艺术家；美术家（尤指画家）；大师；artistry 艺术性；工艺；艺术技巧；艺术效果；艺术工作
union	/ˈjunɪən/	n. 工会， 联盟； 联合， 团结； 一致	Are you planning to join the union?	你打算加入工会吗？	同义：alliance, league, unity, combination	同根：unionized 组织成工会的；[物][化学] 未电离的；unionism 工会主义；联合主义；联邦主义；unionization 工会化；联合；结合
plentiful	/ˈplɛntɪfəl/	adj. 丰富的， 充足的； 大量的	a plentiful supply of food	食物的大量供应	同义：abundant, numerous, multiple, many	同根：plenty 足够的，很多的；plenteous 丰富的；丰饶的；plenty 足够
halt	/hɔlt/	vt. 停止，立定 n. 停住	The government has failed to halt economic decline.	政府没能阻止经济衰退。	同义：desist from, come to a stop, break, stop	同根：halting 犹豫的；蹒跚的；跛的；haltingly 迟疑不决地；犹豫地；halting 停止；蹒跚；犹豫（halt的ing形式）
component	/kəmˈponənt/	adj. 组成的， 构成的 n. 组成部分，部件，组件	Gorbachev failed to keep the component parts of the Soviet Union together.	戈尔巴乔夫没能使苏联各组成部分保持在一起。	同义：constituent, module, element, constituent	
consultant	/kənˈsʌltənt/	n. 顾问； 会诊医师， 专科医生	a management consultant	管理顾问	同义：adviser, counselor	同根：consultative 咨询的；consultive 咨询的；consultation 咨询；磋商；[临床] 会诊；讨论会
sunset	/ˈsʌnsɛt/	n. 日落； 晚霞	a glorious sunset	壮丽的日落景象	同义：Sundown, early evening	
obvious	/ˈɑbvɪəs/	adj. 明显的	The obvious way of reducing pollution is to use cars less.	减少污染显而易见的办法就是少用汽车。	同义：distinct, visible, prominent, marked	同根：obviously 明显地；obviousness 显而易见；明显；显著性
illustration	/,ɪləˈstreʃən/	n. 说明， 图解， 例证	The book contains 62 pages of illustrations.	这本书有62页插图。	同义：explanation, notes, legend, diagram	同根：illustrative 说明的；作例证的；解说的；illustrator 插图画家；说明者；图解者；illustrate 举例
disguise	/dɪsˈɡaɪz/	vt. 假扮，化装，伪装；掩盖，掩饰 n. 用来伪装的东西； 伪装， 掩饰	He escaped across the border disguised as a priest.	他装扮成神父越境逃走了。	同义：simulate, come, simulation, acting	
wrap	/ræp/	vt. 裹，包，捆 n. 披肩	I’ve still got a few Christmas presents to wrap up.	我还有一些圣诞礼物要包起来。	同义：wind, lock, wind, outerwear	同根：wrapped 有包装的；wrapping 包装用的；wrapper 包装材料；[包装] 包装纸；书皮
surgery	/ˈsɝdʒəri/	n. 外科， 外科手术； 手术室	Dr. Hanson is in surgery.	汉森医生在手术室。	同义：theater, surgical department	同根：surgical 外科的；手术上的；surgically 如外科手术般地；surgeon 外科医生
liberal	/ˈlɪbərəl/	adj. 心胸宽大的， 慷慨的； 自由的， 自由主义的	a more liberal attitude towards sexuality	对两性关系比较开通的态度	同义：generous, handsome, latitudinarian	同根：liberalist 自由主义的；liberalistic 自由主义的；liberally 大方地；自由地；公平地；充足地
violent	/ˈvaɪələnt/	adj. 暴力引起的， 暴力的； 猛烈的， 剧烈的	the increase in violent crime	暴力犯罪的增多	同义：fierce, hard	同根：violently 猛烈地，激烈地；极端地；violence 暴力；侵犯；激烈；歪曲
harmony	/ˈhɑrməni/	n. 调和， 协调， 和谐	the gorgeous vocal harmonies on ‘Mexicali Rose’	《墨西哥玫瑰》的精彩和声演唱	同义：peace, keeping	同根：harmonious 和谐的，和睦的；协调的；悦耳的；harmonic 和声的；谐和的；音乐般的；harmonical 调和的（等于harmonic）；合谐的；音乐般的
resolve	/rɪˈzɑlv/	n&v. 解决， 解答； 决定， 决意	Barnet was desperate for money to resolve his financial problems.	巴尼特急需钱来解决他的经济问题。	同义：solve, condition, conclude, settle	同根：resolved 下定决心的；已解决的；断然的；resolvable 可分解的；可解决的；可溶解的；resolvent 分解的；有溶解力的；消散的
chill	/tʃɪl/	v. 变冷，感到冷 n. 寒冷， 寒气； 风寒， 寒战	a glass of chilled white wine	一杯冰镇白葡萄酒	同义：cold, algor, cold, distant	同根：chilly 寒冷的；怕冷的；chilling 寒冷的；冷漠的；使人恐惧的；令人寒心的；呱呱叫的（等于chillin）；chiller 冷却装置；惊险小说
confront	/kənˈfrʌnt/	vt. 迎面遇到， 遭遇； 勇敢地面对， 正视； 使对质， 使当面对证	The problems confronting the new government were enormous.	新政府面临的难题是巨大的。	同义：front, compare	同根：confrontational 对抗的；对抗性的；confrontation 对抗；面对；对质
dominate	/ˈdɑmɪnet/	vi. 拥有优势 vt. 在…中占首要地位；支配，统治，控制；耸立于，俯视	The industry is dominated by five multinational companies.	这个行业受五家跨国公司控制。	同义：possess, contain, regulate, bit	同根：dominant 显性的；占优势的；支配的，统治的；dominated 占主导地位的；强势的；占统治地位的；[数] 受控的；dominating 主要的；独裁的；专横的
imitate	/ˈɪmɪtet/	vt. 模仿， 仿效， 仿制	She was a splendid mimic and loved to imitate Winston Churchill.	她是个出色的模仿者，喜欢模仿温斯顿·丘吉尔。	同义：simulate, model after	同根：imitation 人造的，仿制的；imitative 模仿的；仿制的；imitation 模仿，仿造；仿制品
faithful	/ˈfeθfəl/	adj. 忠诚的； 如实的； 尽职的	a faithful friend	忠诚的朋友	同义：loving, devoted	同根：faithless 不忠实的；无信的；无宗教信仰的；faithfully 忠实地；如实地；诚心诚意地；深信着地；faithlessly 靠不住地；不忠实地
reproduce	/,riprəˈdus/	v. 复制， 再现； 繁殖， 生殖	The turtles return to the coast to reproduce.	海龟回到岸上繁殖。	同义：generate, repeat, breed, increase	同根：reproductive 生殖的；再生的；复制的；reproducible 可再生的；可繁殖的；可复写的；reproducibly 可再生产地
institution	/,ɪnstɪˈtuʃən/	n. 协会； 制度， 习俗	social institutions such as the family and religion	家庭和宗教这一类社会制度	同义：system, convention	同根：institutional 制度的；制度上的；学会的；institutionalized 使成惯例的；有组织的；遭受收容机构所产生的不良影响的；institutionalised 制度化的
pad	/pæd/	n. 垫，衬垫；便笺本；发射台，直升机起落场 vt. 填塞	Use an abrasive pad for stubborn stains.	用百洁布擦洗顽固污渍。	同义：liner, interleaver, foot, hoof it	同根：padded 有装填垫料的；脚底有厚肉的；padding 填料；垫料；padder 整垫电容；[电] 微调电容器
provocation	/,prɑvəˈkeʃən/	n. 激怒， 刺激； 挑衅， 挑拨	He was accused of deliberate provocation .	他被指责故意挑衅。	同义：wrath, irritation	同根：provocative 刺激的，挑拨的；气人的；provoking 刺激的；令人生气的，激怒人的；provoked 被激怒的；受到挑衅的
scholarship	/ˈskɑlɚʃɪp/	n. 奖学金； 学问， 学识	Her latest publication is a fine piece of scholarship.	她最新出版的作品是一部优秀的学术著作。	同义：knowledge, wisdom, learning, study	同根：scholarly 博学的；学者风度的；学者派头的；scholar 学者；奖学金获得者
preposition	/,prɛpəˈzɪʃən/	n. 介词	There is nothing in the rules of grammar to suggest that ending a sentence with a preposition is wrong.	在语法规则中没有哪一条表明以介词结束一个句子是错误的。		同根：prepositional 介词的；前置词的；prepose 把…放在前面；将…前置
enlarge	/ɪnˈlɑrdʒ/	vt. 扩大， 扩展， 放大	an operation to enlarge her breasts	她的丰胸手术	同义：extend, broaden, extend, grow	同根：enlarged 放大的；增大的；扩展的；enlargement 放大；放大的照片；增补物；enlarger [摄] 放大机；扩大者；增补者
implement	/ˈɪmplɪmɛnt/	n. 工具， 器具， 用具 vt. 使生效， 履行， 实施	The government promised to implement a new system to control financial loan institutions.	政府许诺要实施新的制度来控制金融贷款机构。	同义：accomplish, perform, come true, fulfill	同根：implemental 器具的；有帮助的；可作为工具的；implementation [计] 实现；履行；安装启用
export	/ˈekspɔːrt；ɪkˈ-/	vt. 输出， 出口 n. 输出， 出口； 输出品， 出口额	Italian food has been exported all over the world.	意大利食品已传遍世界。	同义：output, exit, output, bulk out	同根：exportable 可输出的；可出口的；exporter 出口商；输出国；exportation 出口
Christ	/kraɪst/	n. 基督， 救世主	a follower of Christ	耶稣的门徒		
murder	/ˈmɝdɚ/	n. 谋杀，凶杀；谋杀罪 v. 谋杀；杀害	On the night the murder was committed , he was out of the country.	凶案发生当晚他不在国内。	同义：murther, killing, rubout	同根：murderous 杀人的，残忍的；凶残的；蓄意谋杀的；murderer 凶手；谋杀犯；murderee 被谋杀的人
pat	/pæt/	adj. 非常恰当的， 适时的 n. 轻拍	a pat reply		同义：experienced, applicable, skilled, becoming	同根：patter 行话；轻快脚步声；急速拍打声；patter 滴答地响；急速地说；发出急速轻拍声；patter 喋喋不休地说；使…发出嗒嗒声
fantasy	/ˈfæntəsi/	n. 想象， 幻想； 想象的产物	I used to have fantasies about living in Paris with an artist.	我过去常幻想着在巴黎与一位艺术家同住。	同义：fancy, illusion, visional, imagine	同根：fantastic 奇异的；空想的；极好的；不可思议的；fantastical 空想的；捕风捉影的；fantastically 想像中地；奇特地；难以置信地
horsepower	/ˈhɔrsˈpaʊɚ/	n. 马力	a two-hundred horsepower engine	两百马力的发动机	同义：soup	
visibility	/ˈvɪzəˈbɪləti/	n. 可见度， 能见度； 可见性， 明显性	Visibility on the roads is down to 20 metres due to heavy fog.	道路能见度因浓雾降至20米。		同根：visible 明显的；看得见的；现有的；可得到的；visibly 明显地；显然；看得见地；vision 视力；美景；眼力；幻象；想象力
invitation	/ˌɪnvɪˈteɪʃn/	n. 邀请， 招待； 请柬； 吸引， 诱惑	They were always dropping by, usually without invitation.	他们常常来串门，通常不请自来。	同义：calling, temptation	同根：inviting 诱人的；有魅力的；invitational 邀请的；invitatory 邀请的
paw	/pɔ/	v. 用爪子抓， 用蹄扒； 翻找 n. 爪子	His horse pawed the ground.	他的马刨着地面。	同义：hent, scratch, hunt throw, hand	
enormous	/ɪˈnɔrməs/	adj. 巨大的， 庞大的	an enormous bunch of flowers	巨大的花束	同义：huge, tremendous, massive, macro	同根：enormously 巨大地，庞大地；非常地，在极大程度上；enormity 巨大；暴行；极恶
moisture	/ˈmɔɪstʃɚ/	n. 潮湿， 湿气	Plants use their roots to absorb moisture from the soil.	植物利用根从土壤中吸收水分。	同义：rainfall, humidity content	同根：moist 潮湿的；多雨的；含泪的；moistly 潮湿地；含泪地；moist 潮湿
toast	/tost/	n. 烤面包；祝酒，祝酒词 vt. 烘， 烤； 向…祝酒， 为…干杯	I had a piece of toast for breakfast.	我早饭吃了一片吐司。	同义：bottoms up, to roast, bake, to roast	同根：toaster 烤面包器，烤箱；祝酒人；烤面包的人；toastmaster 宴会主持人，主持人；致敬酒辞者，祝酒提议人
frustrate	/ˈfrʌstret/	vt. 使沮丧， 使灰心； 挫败， 使受挫折	The fact that he’s working with amateurs really frustrates him.	与生手共事着实让他沮丧。	同义：defeat, discomfit, founder, come to naught	同根：frustrated 失意的，挫败的；泄气的；frustrating 令人沮丧的；frustration 挫折
external	/ɪkˈstɝnl/	adj. 外部的， 外面的	the external appearance of the building	大楼的外观	同义：foreign, outer, outside, surface	同根：exterior 外部的；表面的；外在的；extern 外面的，外来的；externally 外部地；外表上，外形上
aside	/əˈsaɪd/	adv. 在旁边， 到旁边	He pushed his half-eaten salad aside and left.	他推开吃了一半的色拉走了。	同义：away from, alongside, voice-over, whisper	
revise	/rɪˈvaɪz/	v. 修订， 修改； 复习	The college has revised its plans because of local objections.	由于地方上的反对，学院已经修改了计划。	同义：update, edit, to amend, recension	同根：revised 改进的；revision [印刷] 修正；复习；修订本；revisionism 修正主义
creature	/ˈkritʃɚ/	n. 创造物， 产物； 生物， 动物， 家畜	all the living creatures in the sea	海洋中所有的生物	同义：animal, biology, person	同根：creative 创造性的；creatively 创造性地；有创造力地；creation 创造，创作；创作物，产物
harm	/hɑrm/	n&vt. 伤害， 损害	The scandal did his career a lot of harm.	丑闻对他的职业生涯造成很大损害。	同义：damage, detriment, hurt, knife	同根：harmful 有害的；能造成损害的；harmless 无害的；无恶意的；harmfully 有害地；伤害地
semiconductor	/,sɛmɪkənˈdʌktɚ/	n. 半导体	In the Ohmic contacts of LED electrodes, carriers have different transmission mechanisms be- tween metal electrode and semiconductor.	在LED电极欧姆接触中，载流子在金属电极和半导体间有不同的传输机制。	同义：quasi-conductor	同根：semiconducting 半导体的；有半导体特性的
rope	/rop/	n. 绳，索 vt. 用绳捆	They tied a rope around my waist and pulled me up.	他们在我腰间系了一根粗绳子，把我拉了上去。	同义：line, cord, bundle, colligate	同根：ropy 绳状的；黏稠的，可拉成丝的；强健的；roping 用绳捆；绳比；条痕；roper 制绳者；套绳者；诱人进入赌场者
provided	/prəˈvaɪdɪd/	conj. 假如， 若是	He can come with us, provided he pays for his own meals.	只要他付自己的饭钱，就可以跟我们一起来。	同义：if, supposing, gave, supplied	
instrument	/ˈɪnstrəmənt/	n. 仪器， 工具； 乐器	surgical instruments	外科(手术)器械	同义：facilities, vehicle, engine, tool	同根：instrumental 乐器的；有帮助的；仪器的，器械的；instrumentalist 工具主义的；instrumental 器乐曲；工具字，工具格
gasoline	/ˈgæsəlin/	n. 汽油	They ran short of gasoline.	他们的汽油不够了。	同义：gas, benzine	
indispensable	/ˈɪndɪˈspɛnsəbl/	adj. 必不可少的， 必需的	Mobile phones have become an indispensable part of our lives.	移动电话已经成为我们生活中的必需品。	同义：obbligato	同根：indispensability 不可缺少；必要；责无旁贷
medium	/ˈmidɪəm/	adj. 中等的 n. 媒体；媒介物，传导体	What size shirt does he wear – small, medium or large?	他穿多大尺码的衬衫——小号、中号还是大号？	同义：mid, intermediary, middle, secondary	
lens	/lɛnz/	n. 透镜， 镜片， 镜头	a standard 50mm lens	50毫米标准镜头	同义：cryst	
wisdom	/ˈwɪzdəm/	n. 智慧， 才智； 名言	a man of great wisdom	一个有大智慧的男人	同义：wit, scholarship	同根：wise 明智的；聪明的；博学的；wisely 明智地；聪明地；精明地；wiseness 聪明
fatal	/ˈfetl/	adj. 致命的， 命运的； 重大的， 决定性的	potentially fatal diseases	潜在致命的疾病	同义：important, significant, great, fell	同根：fateful 重大的；决定性的；宿命的；fated 命中注定的，宿命的；受命运支配的；fatally 致命地；命中注定地；不可避免地
nowhere	/ˈnoˈwɛr/	adv. 任何地方都不	Nowhere is drug abuse more of a problem than in the US.	没有什么地方的吸毒问题比美国更严重。	同义：noplace, anywhere, inexistent, non-existent	
motive	/ˈmotɪv/	n. 动机， 目的	What do you suppose the killer’s motive was?	你认为凶手的动机是什么？	同义：incentive, goals, intention, topic	同根：motor 汽车的；机动的；motivated 有动机的；有积极性的；motionless 静止的；不运动的
romantic	/roˈmæntɪk/	adj. 浪漫的； 多情的； 有浪漫色彩的， 传奇性的； 不切实际的， 空想的	‘Tom always sends me red roses on my birthday.’ ‘How romantic!’	“我过生日时汤姆总是给我送红玫瑰。”“多浪漫啊！”	同义：fantastic, amorous	同根：romantically 浪漫地；不切实际地；romance 传奇；浪漫史；风流韵事；冒险故事；romanticism 浪漫主义；浪漫精神
motivate	/ˈmotəˈvet/	vt. 作为…的动机； 激励， 激发	Was he motivated solely by a desire for power?	他只是受到权欲的驱使吗？	同义：stimulate, fan, needle, activate	同根：motor 汽车的；机动的；motive 发动的；成为动机的；motivated 有动机的；有积极性的
spoil	/spɔɪl/	v. 损坏，糟蹋；宠坏，溺爱；变质 n. 战利品， 掠夺物	The whole park is spoiled by litter.	整个公园环境都给垃圾破坏了。	同义：harry, dote upon, prey upon, take a turn for the worse	同根：spoilt 宠坏的；损坏的；spoilage 损坏，糟蹋；掠夺；损坏物；spoiler 扰流器；掠夺者；损坏者
airline	/ˈɛrlaɪn/	n. 航空公司； 航线	an airline pilot	航空公司飞行员	同义：vector, lane, airways	同根：airliner 班机；大型客机
multiply	/ˈmʌltɪplaɪ/	vt. 增加， 繁殖； 乘	Bacteria multiply quickly in warm food.	细菌在温热的食物里繁殖得很快。	同义：ride, breed, improve, accelerate	同根：multiple 多重的；多样的；许多的；multiplex 多样的，多元的；[通信] 多路传输的；multiplicative [数] 乘法的；增加的
ridge	/rɪdʒ/	n. 脊， 山脊； 垄， 埂， 脊状突起	We made our way carefully along the ridge.	我们沿着山脊小心前行。	同义：mountain range, cordillera	同根：ridged 有脊状线的；ridged 成脊状（ridge的过去式和过去分词）
pilot	/ˈpaɪlət/	adj. 试验性的， 试点的 n. 引航员；飞行员 vt. 驾驶；为引航；试验，试用	The plan is to launch a pilot programme next summer.	计划是在明年夏天实施一个试验性方案。	同义：aviator, amn, to navigate, experiment with	同根：pilotless 无驾驶员的；pilotage 领航；领港费；驾驶术；领航费；piloting 领港；近岸航行法；地标领航；半工厂性检查
umbrella	/ʌmˈbrɛlə/	n. 伞， 雨伞	It started to rain, so Tricia stopped to put up her umbrella.	开始下雨了，所以特里西娅停下来撑起雨伞。	同义：shadow, bumbershoot	
approval	/əˈpruvl/	n. 赞成， 同意， 批准	The president has already given his approval to the plan.	总统已经批准了这个计划。	同义：confirmation, authorization, validation, ratification	同根：approved 被认可的；经过检验的；approving 赞成的，满意的；approvingly 赞许地；满意地
mobile	/ˈməʊbl/	adj. 运动的； 流动的； 多变的	a more mobile workforce	具有更强流动性的劳动力	同义：variable, liquid, motor, unstable	同根：mobility 移动性；机动性；[电子] 迁移率；mobilization 动员；调动；mobilize 组织；动员起来
perform	/pɚˈfɔrm/	vt. 做， 履行， 完成； 表演， 演出； 工作情况， 表现	Chenier and the band are performing at the Silver Palace tomorrow.	车尼尔和乐队明天将在银宫演出。	同义：accomplish, implement, achieve, complete	同根：performing 表演的；履行的；performance 性能；绩效；表演；执行；performing 表演（perform的ing形式）；履行
multiple	/ˈmʌltəpl/	adj. 复合的，多重的，多样的 n. 倍数	Baxter was rushed to the hospital with multiple stab wounds.	巴克斯特因多处刺伤被紧急送往医院。	同义：numerous, many, hundred, time	同根：multiply 多层的；多样的；multiplicative [数] 乘法的；增加的；multipliable 可增加的；可乘的
peak	/pik/	vi. 达到高峰， 达到最大值 adj. 最大值的，高峰的 n. 山顶，顶点	Sales peaked in August, then fell sharply.	销售额8月份达到最高点，然后急速下降。	同义：height, sky, summit, mount	同根：peaked 尖的；消瘦的；有遮檐的；peaky 多峰的；尖峰的；憔悴的；peaked 到达高点，消瘦，竖起（peak的过去式和过去分词形式）
portrait	/ˈpɔrtrɪt/	n. 肖像， 画像	a family portrait	全家福	同义：description, image, icon	同根：portrayal 描绘；画像，肖像；portraiture 肖像画；肖像绘制；人像摄影；portraitist 肖像画家；人像摄影师
halfway	/,hæfˈwe/	adv. 半路地； 在中途， 在半途 adj. 中途的；部分的；不彻底的	He was halfway up the ladder.	他梯子上到了一半。	同义：intermediary, inexhaustive	同根：half 一半的；不完全的；半途的；halftime 正常时间一半的；half 一半地；部分地
concentrate	/ˈkɑnsnˈtret/	v. 全神贯注，全力以赴；集中，聚集；浓缩 n. 浓缩物， 浓缩液	Construction of the aircraft is being concentrated at Prestwick.	飞机制造正在向普雷斯特威克集中。	同义：focus, collect, mass, crowd	同根：concentrated 集中的；浓缩的；全神贯注的；concentration 浓度；集中；浓缩；专心；集合；concentricity 同心；集中性
magnet	/ˈmægnɪt/	n. 磁铁， 磁体； 有吸引力的人或事物	Prospect Park, with its vast lake, is a magnet for all health freaks.	拥有大片湖区的展望公园是所有健身迷的向往之地。	同义：aimant, leading stone	同根：magnetized 已磁化的；magnetism 磁性，磁力；磁学；吸引力；magnetization 磁化
explosion	/ɪkˈsploʒən/	n. 爆炸， 爆发， 炸裂； 激增， 扩大	We heard a loud explosion.	我们听到一声巨大的爆炸声。	同义：blast, burst, detonation	同根：explosive 爆炸的；爆炸性的；爆发性的；exploded 爆炸了的；分解的；被破除的；explosively 爆发地，引起爆炸地
weld	/wɛld/	n&vt. 焊接， 熔接	The new handle will have to be welded on.	新的把手得焊上去。	同义：combine, bond, jointing, soldering	同根：welding 焊接的；welding 焊接；welder 焊接工
up-to-date	/ˈʌptə ˈdet/	adj. 直到最近的， 现代的； 跟上时代的	...the most up-to-date information available on foods today.	…今日有关食品的最新消息。	同义：recent, latest, modern, current	
complaint	/kəmˈplent/	n. 抱怨， 怨言； 控告	There's been a record number of complaints about the standard of service.	已有对服务水准的创纪录数量的投诉。	同义：sickness, complain of	同根：complaining 抱怨的；complainingly 抱怨地；发牢骚地；诉苦地；complainant [法] 原告；发牢骚的人；抱怨者
translation	/trænsˈleʃən/	n. 翻译； 译文， 译本	She read the letter and gave us a rough translation (= she did not translate everything exactly ) .	她看了信，给我们大概翻译了一下。	同义：interpretation, version	同根：translational 平移的，直移的；translatable 可译的；能译的；可转移的；translator 译者；翻译器
cancer	/ˈkænsɚ/	n. 癌， 癌症； 肿瘤	A lot of cancers can now be treated successfully.	现在许多癌症可以治愈。	同义：malignant tumor, carcinomatosis	同根：cancerous 癌的；生癌的；像癌的
personnel	/,pɝsəˈnɛl/	n. 人员， 员工	All personnel are to receive security badges.	所有人员都将拿到安保徽章。	同义：crew, Personnel Department	
hopeless	/ˈhoʊpləs/	adj. 没有希望的， 绝望的	We tried to stop the flames from spreading, but we knew it was hopeless.	我们试图阻止火势蔓延，但我们知道这是不可能的。	同义：forlorn, broken-hearted	同根：hopeful 有希望的；有前途的；hopefully 有希望地，有前途地；hopelessly 绝望地；无望地；无可救药地
outlook	/ˈaʊtlʊk/	n. 观点， 看法； 展望， 前景	Exercise will improve your looks and your outlook.	运动将会改善你的外在形象和人生态度。	同义：viewpoint, scenery, perspective, picture	
fountain	/ˈfaʊntn/	n. 泉水； 喷泉； 源泉	He was a fountain of information on Asian affairs.	他是亚洲事务的信息源。	同义：principle, well	
offense	/əˈfɛns/	n. 犯规， 违法行为； 冒犯， 得罪	The Bears are going to have to work on their offense this season.	本赛季熊队必须要加强进攻了。	同义：crime, guilt	同根：offensive 攻击的；冒犯的；无礼的；讨厌的；offending 不愉快的；厌恶的；offenseless 无攻击力的；不惹人的
breadth	/brɛdθ/	n. 宽度； 幅度， 幅面	We need to provide more breadth in the college curriculum.	我们需要扩大学院课程的范围。	同义：width, range	同根：broad 宽的，辽阔的；显著的；大概的；broad 宽阔地；broadly 明显地；宽广地；概括地；露骨地；粗鄙地
catalog	/ˈkætəlɔg/	n. 目录，目录册；一系列 vt. 将…编入目录， 将编目			同义：registration, directory, entry, content	同根：catalogued 编目的；cataloger 编制目录的人；cataloguer [劳经] 编目员
channel	/ˈtʃænl/	n. 海峡， 水道， 航道； 渠道， 途径； 频道	the news on Channel 4	第四频道播出的新闻	同义：aim, boot, door, exit	同根：channeler 凿沟机；高级巫师；channelization 交通分导；渠道化；channeller [机] 凿沟机
focus	/ˈfokəs/	v. 聚焦；集中 n. 焦点； 中心	His eyes were focussed straight ahead.	他的双眼盯着正前方。	同义：center, hub, fairness, centralize	同根：focal 焦点的，在焦点上的；灶的，病灶的；focalization 集中焦点；focalize 聚焦；限制于小区域
invisible	/ɪnˈvɪzəbl/	adj. 看不见的， 无形的	The house was surrounded by trees, and invisible from the road.	这所房子树木环绕，从路上是看不见的。	同义：intangible, discarnate, aeriform	同根：invisibly 看不见地；看不出地；invisibility 看不见；看不见的东西；难看见
pea	/pi/	n. 豌豆	roast chicken with peas and carrots	烤鸡配豌豆胡萝卜	同义：pease	
pill	/pɪl/	n. 药丸	He has to take pills to control his blood pressure.	他必须服药控制血压。	同义：globule, bullet, harry, rob of	同根：pillage 掠夺；掠夺物；pillager 抢劫者，劫掠者；pillage 掠夺；抢劫
wrist	/rɪst/	n. 腕， 腕关节	He broke his wrist climbing rocks for a cigarette ad.	他为了一个香烟广告攀岩折断了手腕。	同义：savoir faire	
myth	/mɪθ/	n. 杜撰出来的人； 神话	a book of Greek myths	一本关于希腊神话的图书	同义：fairy story, fairy tales	同根：mythical 神话的；虚构的；mythological 神话的；神话学的；虚构的；mythic 神话的；虚构的
flour	/ˈflaʊr/	n. 面粉； 粉， 粉状物质			同义：wheat meal	同根：floury 粉状的；面粉的；flourish 兴旺；茂盛；挥舞；炫耀；华饰；flourish 繁荣，兴旺；茂盛；活跃；处于旺盛时期
implication	/ˈɪmplɪˈkeʃən/	n. 含意， 暗示， 暗指； 卷入， 牵连	They are called ‘Supertrams’, the implication being that (= which is meant to suggest that ) they are more advanced than earlier models.	它们被称作“超级电车”，这是暗指它们比先前的型号更先进。	同义：connotation, meaning, import, involvement	同根：implicit 含蓄的；暗示的；盲从的；implicated 有牵连的；implicational 启发的，启示的
camel	/ˈkæml/	n. 骆驼	The favorite, of course, is camel.	最受欢迎的自然是驼色。	同义：oont	
fierce	/fɪrs/	adj. 凶猛的； 狂热的	fierce fighting in the city	城里的激烈战斗	同义：fell, violent, hard	同根：fiery 热烈的，炽烈的；暴躁的；燃烧般的；fiercely 猛烈地；厉害地；fierily 炽热地；如火地；猛烈地
bump	/bʌmp/	vi. 碰，撞；颠簸着前进 n. 碰撞， 猛撞； 肿块； 隆起物	The roof was so low he bumped his head (=  his head hit the roof  ) .	屋顶很低，他都碰到头了。	同义：tumor, knub, hit, impact on	同根：bumpy 颠簸的；崎岖不平的；bumpiness 崎岖不平；碰撞；颠簸
reservation	/,rɛzɚˈveʃən/	n. 预订； 保留； 犹豫； 保留地	a dinner reservation	预订晚餐	同义：preservation, booking, hold, retention	同根：reserved 保留的，预订的；缄默的，冷淡的；包租的；reserve 储备，储存；自然保护区；预备队；[金融] 储备金；reserved 保留（reserve的过去分词）
per	/pɚ/	prep. 每， 每一	How much does it cost per kilo?	每公斤多少钱？	同义：in accordance, in the light of	
proceed	/proˈsid/	vi. 继续进行； 行进， 前进	Before proceeding further, we must define our terms.	我们必须先定义术语，然后再往下展开。	同义：occur, happen, travel, pursue	同根：process 经过特殊加工（或处理）的；processional 游行的；列队行进的；process 过程，进行；方法，步骤；作用；程序；推移
considering	/kənˈsɪdərɪŋ/	prep. 鉴于， 考虑到， 顾及	Considering the strength of the opposition, we did very well to score two goals.	考虑到对方实力强大，我们能攻进两球已经很不错了。	同义：given, saving, when	
corporation	/,kɔrpəˈreʃən/	n. 公司， 企业， 社团	He works for a large American corporation.	他在一家美国大公司工作。	同义：establishment, company, society, association	同根：corporate 法人的；共同的，全体的；社团的
loyalty	/ˈlɔɪəlti/	n. 忠诚， 忠心	the agony of divided loyalties (= loyalty to two different or opposing people ) for the children in a divorce	父母离婚过程中孩子两面都要依顺的痛苦	同义：faith, devotion	同根：loyal 忠诚的，忠心的；忠贞的；loyally 忠诚地；诚实地；loyal 效忠的臣民；忠实信徒
bulb	/bʌlb/	n. 电灯泡， 球状物	a 100-watt bulb	一个100瓦的灯泡	同义：third wheel, electric lamp	同根：bulbous 球根的；球根状的；由球根生长的（等于bulbaceous）；bulbed 有球茎的；球状的；bulging 膨胀，凸出；打气；折皱
propose	/prəˈpoz/	v. 提议， 建议， 提出； 提名， 推荐； 打算， 计划； 求婚	the changes currently proposed by the local planning authorities	目前由地方规划局提议的改革	同义：schedule, design, map, think	同根：proposed 被提议的；所推荐的；proposal 提议，建议；求婚；proposition [数] 命题；提议；主题；议题
intelligence	/ɪnˈtɛlɪdʒəns/	n. 智力； 理解力； 情报	To be good at the game, you need a reasonable level of intelligence.	要想把这种游戏玩好，需要一定的智力水平。	同义：brain, mind, mentality, understanding	同根：intellectual 智力的；聪明的；理智的；intelligent 智能的；聪明的；理解力强的；intelligible 可理解的；明了的；仅能用智力了解的
reform	/rɪˈfɔrm/	n&v. 改革， 改良， 改造； 改正， 改过自新	plans to radically reform the tax system	彻底改革税收制度的计划	同义：transformation, correction, amendment, renovate	同根：reformed 改革过的；新教的；reformist 改良主义的；改良运动的；reformable 可改革的；可感化的；可革除的
draught	/drɑft/	n. 穿堂风，冷风 adj. 〔啤酒〕桶装的，散装的	Can you close the window? I’m in a draught .	你把窗户关上好吗？我正对着风口。	同义：airstream, slipstream, prepare, detail	同根：draughty 通风的；通风良好的；draughter 制图机械；制图者；设计员
daylight	/ˈdelaɪt/	n. 白昼， 日光， 黎明	The park is open to the public during daylight hours .	公园白天对公众开放。	同义：morning, sunlight, publicity, open	同根：day 日间的；逐日的；day 每天；经常在白天地；day 一天；时期；白昼
install	/ɪnˈstɔl/	vt. 安装， 设置； 使就职， 任命	They’ve installed the new computer network at last.	他们终于安装了新电脑网络。	同义：fit, constitute, fix, place	同根：installing 安装的；installation 安装，装置；就职；installment 安装；分期付款；部分；就职
integration	/ˈɪntəˈgreʃən/	n. 综合	problems of racial integration	种族融合的问题	同义：synthesis, comprehensiveness	同根：integrate 整合的；完全的；integrated 综合的；完整的；互相协调的；integrative 综合的
indication	/,ɪndɪˈkeʃən/	n. 指示， 表示， 表明； 象征， 迹象	Could you give me some indication as to when I am likely to receive a reply?	你能给我透露一下什么时候我能收到回复吗？	同义：instruction, symbol, breath, pointing	同根：indicative 象征的；指示的；表示…的；indicant 指示的；表示的；indicatory 表示的；指示的
bulk	/bʌlk/	vi. 变得越来越大； 使更大 n. 物体；体积；大批	The dough will rise until it is double in bulk.	面团会发酵到原来的两倍大。	同义：most of, volume, content, exaggerate	同根：bulky 体积大的；庞大的；笨重的
coach	/kotʃ/	n. 长途公共汽车；教练，指导；旅客车厢 vt. 训练， 指导， 辅导	a tennis coach	网球教练	同义：drilling, mentors, discipline, supervise	同根：coaching 辅导；教练技术；coaching 指导（coach的ing形式）
despair	/dɪˈspɛr/	n. 绝望 v. 绝望，感到无望	The noise from the neighbours used to drive him to despair .	过去，邻居的噪音常常吵得他心烦意乱。	同义：hopelessness, acedia, throw up one's hands, lose heart	同根：despairing 感到绝望的；表现绝望的；无望的；despairingly 绝望地；自暴自弃地；despairing 绝望；失望（despair的ing形式）
champion	/ˈtʃæmpɪən/	n. 冠军， 得胜者； 捍卫者， 拥护者	...a former Olympic champion.	…一位前奥运冠军。	同义：title, first, encourage, second	同根：championship 锦标赛；冠军称号；冠军的地位
gum	/ɡʌm/	n. 口香糖； 树胶	I do not chew gum in public.	我不在公共场合嚼口香糖。	同义：chutty, cachou	同根：gummy 粘性的，胶粘的；含树胶的；肿的（脚踝或腿）；拙劣的，讨厌的（俚语）；gummed 涂胶的；gumminess 黏性；树胶质
circuit	/ˈsɝkɪt/	n. 电路， 线路； 环行， 巡行	We did a circuit of the old city.	我们绕着老城走了一圈。	同义：electrocircuit, contour, round	同根：circuitous 迂曲的；绕行的；迂回线路的；circuitry 电路；电路系统；电路学；一环路
pine	/paɪn/	vi. 消瘦， 衰弱； 痛苦， 悲哀； 渴望 n. 松树，松木	I pine for the countryside.	我渴望乡下的生活。	同义：rare, aspire, ananas, regret	同根：pinched 压紧的；痛苦的；困难的；收缩的；pineal 松果腺的；松球状的；pining 渴望的；苦思的
magnificent	/mægˈnɪfəsnt/	n. 宏伟的， 壮丽的； 华丽的； 极好的			同义：grand, noble, brave	同根：magnificently 壮丽地，宏伟地；壮观地；magnificence 壮丽；宏伟；富丽堂皇
guy	/gaɪ/	n. 家伙， 伙计	Dave’s a nice guy when you get to know him.	戴夫是个好人，你了解他后就知道了。	同义：boy, apple, customer, he	
respectively	/rɪˈspɛktɪvli/	adv. 各自地， 各个地， 分别地	The cups and saucers cost £5 and £3 respectively.	茶杯和茶碟的价钱分别为5英镑和3英镑。	同义：separately, alone, in several	同根：respective 分别的，各自的
protection	/prəˈtɛkʃən/	n. 保护， 防护	protection money	保护费	同义：lee, safeguard, conservation, defence	同根：protective 防护的；关切保护的；保护贸易的；protecting 保护的；防护的；protectionist 贸易保护主义的；保护贸易论的
pint	/paɪnt/	n. 品脱	He’s gone down the pub for a quick pint.	他去小酒馆匆匆喝上一品脱啤酒。		
restrict	/rɪˈstrɪkt/	vt. 限制， 约束， 限定	The new law restricts the sale of hand guns.	新法规限制手枪的销售。	同义：block, set a limit to	同根：restricted 受限制的；保密的；restrictive 限制的；限制性的；约束的；restrictively 限制性地
instant	/ˈɪnstənt/	adj. 立即的； 紧急的； 可以速食的 n. 瞬间	an instant success	马到成功	同义：immediate, urgent, emergency, hot	同根：instantaneous 瞬间的；即时的；猝发的；instantly 立即地；马上地；即刻地；instantly 一…就…
conjunction	/kənˈdʒʌŋkʃən/	n. 接合， 连接， 联合； 连词	The worksheets are designed to be used in conjunction with the new course books.	这些活页练习题专门用来与新课本配套使用。	同义：combination, coupling, bond, wedding	同根：conjunct 结合的；共同的；连接的；conjunctive 连接的；结合的；conjunctival 结膜的
peer	/pɪr/	vi. 仔细看， 费力地看 n. 同龄人，同等地位的人；贵族	I had been peering at a computer print-out that made no sense at all.	我一直在费力地看一份不知所云的电脑打印稿。	同义：pore, stare at, prince, noble	同根：peerless 无与伦比的；出类拔萃的；无比的；peek 偷看；一瞥，看一眼；peep 偷看；隐约看见，瞥见
orderly	/ˈɔrdɚli/	adj. 整洁的； 有秩序的	She needs to organize her ideas in a more orderly way.	她需要把自己的想法组织得更有条理些。	同义：regular, straight, batman, lashkar	同根：ordered [数] 有序的；整齐的；安排好的；order 命令；顺序；规则；[贸易] 定单；ordering 订购；[计] 排序；[计] 定序
costly	/ˈkɔstli/	adj. 昂贵的， 价值高的	Such a database would be extremely costly to set up.	建立这样一个数据库要花很多钱。	同义：expensive, rich, dear	同根：costless 不花钱的；无须付出代价的；cost 费用，代价，成本；损失；costliness 昂贵；奢华
roast	/rost/	v. 烤，炙，烘 adj. 烤过的， 烘过的 n. 烤肉	Are you going to roast the chicken?	这鸡你是准备烤的吗？	同义：torrefy, bake, broil, toast	同根：roasting 烤肉用的；灼热的；roasting 炙热地；roaster 烘烤器；炙烤的人；烤用的食物
violence	/ˈvaɪələns/	n. 猛烈， 激烈； 暴力	She spoke with a violence that surprised them both.	她言辞激烈，令他们俩都很惊讶。	同义：invasion, infringement	同根：violent 暴力的；猛烈的；violable 易受侵犯的；可亵渎的；可违反的；violently 猛烈地，激烈地；极端地
succession	/səkˈsɛʃən/	n. 连续； 一连串； 接替， 继任， 继承	If the prince dies, the succession passes to his son.	王子如果去世，就由他的儿子继承。	同义：series, heritage, progression	同根：successive 连续的；继承的；依次的；接替的；successively 相继地；接连着地；successor 继承者；后续的事物
accordingly	/əˈkɔrdɪŋli/	adv. 因此， 所以； 照着	Some of the laws were contradictory. Accordingly, measures were taken to clarify them.	有些法律相互矛盾，因此，采取了措施将其阐明。	同义：therefore, hence, consequently, thus	同根：according 相符的；according 依照
product	/ˈprɑdʌkt/	n. 产品， 产物； 乘积	The London factory assembles the finished product .	伦敦工厂组装成品。	同义：outcome, event, result, manufacture	同根：productive 能生产的；生产的，生产性的；多产的；富有成效的；productively 有结果地；有成果地；production 成果；产品；生产；作品
particularly	/pɚˈtɪkjəlɚlɪ/	adv. 特别， 尤其	Steve was in a particularly bad mood when he got back.	史蒂夫回来时情绪特别不好。	同义：specifically, extra, definitely, positively	同根：particular 特别的；详细的；独有的；挑剔的；particular 详细说明；个别项目；particularity 特质；个性；讲究
heading	/ˈhɛdɪŋ/	n. 标题， 题词， 题名； 新闻提要	chapter headings	章节标题	同义：title, titel	同根：head 头的；主要的；在顶端的；headed 有头的；有标题的；heady 兴奋的；任性的；性急的；顽固的；使人头晕的
lover	/ˈlʌvɚ/	n. 爱好者； 情人	He killed his wife’s lover.	他杀了妻子的情人。	同义：fan, hon	同根：lovely 可爱的；令人愉快的；loving 亲爱的；钟情的；忠诚的；lovable 可爱的，讨人喜欢的
vinegar	/ˈvɪnɪɡɚ/	n. 醋	With vinegar and brown paper.	用醋和棕色纸张包扎。	同义：acetum	同根：vinegarish 不愉快的；尖酸的；乖戾的；有醋味的；vinegary 酸的；尖酸的
intellectual	/,ɪntəˈlɛktʃuəl/	adj. 智力的 n. 知识分子	Mark’s very intellectual.	马克很聪明。	同义：wise, bright, clever, smart	同根：intelligent 智能的；聪明的；理解力强的；intelligible 可理解的；明了的；仅能用智力了解的；intellectually 智力上；理智地；知性上
framework	/ˈfremwɝk/	n. 框架， 结构； 准则； 体系	We have to act within the existing legal framework.	我们必须在现行的法律框架下行事。	同义：configuration, mechanics, texture, structure	同根：framed 遭到陷害的；有构架的；framing 框架；设计；取景；组帧；framing 制定；构造；装框子（frame的ing形式）
undoubtedly	/ʌnˈdaʊtɪdli/	adv. 毋庸置疑地， 肯定地			同义：strictly, real	
infect	/ɪnˈfɛkt/	vt. 传染， 感染； 影响	People with the virus may feel perfectly well, but they can still infect others.	带有这种病毒的人可能毫无症状，却仍可能传染他人。	同义：affect, contract, catch, disease	同根：infectious 传染的；传染性的；易传染的；infected 被感染的；infective 有传染性的，感染别人的
tide	/taɪd/	n. 潮， 潮汐； 潮流， 趋势	Is the tide going out or coming in ?	现在是退潮还是涨潮？	同义：tendency, direction, trend, stream	同根：tidal 潮汐的；潮的，有关潮水的；定时涨落的；tideway 潮流；潮路
prohibit	/prəˈhɪbɪt/	vt. 禁止， 不准	Smoking is strictly prohibited inside the factory.	厂区严禁吸烟。	同义：stem, block, dispute, bar	同根：prohibitive 禁止的，禁止性的；抑制的；（费用，价格等）过高的；类同禁止的；prohibitively 禁止地；过高地；过分地；prohibition 禁止；禁令；禁酒；诉讼中止令
bacteria	/bækˈtɪrɪə/	n. 细菌	Some of these bacteria are actually good for you.	实际上，这些细菌有的对你是很有好处的。	同义：microbe, bacilus	同根：bacteriological 细菌学的，[微] 细菌学上的；bacteriologic 细菌学的；bacteriology 细菌学
minor	/ˈmaɪnɚ/	vi. 辅修 adj. 较小的，较少的；次要的 n. 未成年人；辅修科目	What are your major subject and minor subject?	你的主修科目和辅修科目是什么?。	同义：secondary, supporting, peripheral, less	同根：minority 少数的；属于少数派的；minority 少数民族；少数派；未成年
arrow	/ˈæro/	n. 箭， 箭状物； 箭头符号	Follow the arrows to the X-ray department.	顺着箭头指示的方向去X光科。		
cop	/kɑp/	n. 警察	the local cop	本地警察	同义：grasp, noble, collar, clutch at	同根：copper 铜的；copper 铜；铜币；警察；copper 镀铜于
fuel	/ˈfjuəl/	vi. 加燃料； 加油 n. 燃料，燃料剂 vt. 给…加燃料；刺激	We’d better fuel up at the next town.	我们最好在下个小镇加油。	同义：catalyst, elding	
hostile	/ˈhɑstl/	adj. 敌方的； 不友善的	Southampton fans gave their former coach a hostile reception .	南安普敦队的球迷对球队的前任教练很不友善。	同义：adverse, enemy, opposed, opposition	同根：hostility 敌意；战争行动
aeroplane	/ˈɛrəˌplen/	n. 飞机	The noise of the aeroplane deafened us.	飞机的噪声使我们耳朵听不见了。	同义：plane, airplane	
manner	/ˈmænɚ/	n. 方式； 态度； 风度； 礼貌， 规矩	He felt some guilt over the manner of her death.	她以这种方式死去，他心里有些内疚。	同义：way of, mode, category, variety	同根：mannered 矫饰的；守规矩的；矫揉造作的；mannerism 特殊习惯；矫揉造作；怪癖
pray	/pre/	v. 祈祷， 祈求； 请求， 恳求	They went to the mosque to pray.	他们去清真寺祷告。	同义：beseech, obsecrate, cry on, appeal to sb for sth	同根：prayerful 虔诚的；常常祷告的；prayer 祈祷，祷告；恳求；祈祷文
lad	/læd/	n. 男孩， 小伙子	a young lad	小伙子	同义：apple, customer, egg, guy	
crawl	/krɔl/	vi. 爬， 爬行； 缓慢地行进	We crawled into bed at 2 am.	我们凌晨两点爬上了床。	同义：creep, creep, aquarium	同根：crawler 爬行者；履带牵引装置
identical	/aɪˈdɛntɪkl/	adj. 完全相同的， 同一的	four identical houses	四幢一模一样的房子	同义：self, same	同根：identifiable 可辨认的；可认明的；可证明是同一的；identically 同一地；相等地；identifiably 可辨认地；可看作是相同地
lag	/læɡ/	vi. 走得慢 n. 落后	Some of the runners in the race began to lag.	参加比赛的运动员中有一些开始落后了。	同义：backwardness, prisoner, trail, take the dust of	同根：lagging 落后的；lagging 绝缘层材料；lagger 落伍者；惯犯
towel	/ˈtaʊəl/	n. 毛巾， 手巾	Have you got a clean towel I could use?	你有没有干净毛巾给我用？	同义：tissue, washcloth	同根：toweling 毛巾料（等于towelling）；towelling 毛巾布；擦拭；towelling 用毛巾擦；鞭打（towel的ing形式）
charity	/ˈtʃærəti/	n. 救济金， 施舍物； 慈善团体， 慈善事业； 宽大， 宽容	Several charities sent aid to the flood victims.	有几家慈善机构已向洪灾灾民送去了救援物资。	同义：tolerance, mercy	同根：charitable 慈善事业的；慷慨的，仁慈的；宽恕的；charitably 慈善地；慷慨地；宽怒地；charitableness 宽大；慈善
academic	/,ækəˈdɛmɪk/	adj. 学院的； 学术的； 纯理论的， 不切实际的	He possessed no academic qualifications.	他没有学历。	同义：theoretical, collegial, undergraduate, don	同根：academically 学术上；学业上；academy 学院；研究院；学会；专科院校；academia 学术界；学术生涯
function	/ˈfʌŋkʃən/	vi. 运作， 运行 n. 功能；职务，职责	Her legs have now ceased to function .	她的双腿现在已经丧失正常功能了。	同义：action, obligation, fn, exercise one's activity	同根：functional 功能的；functionalist 机能主义的；实用主义的；functionally 功能地；函数地；职务上地
pit	/pɪt/	n. 地洞，坑；煤矿，矿井 vt. 使有坑	Dad first went down the pit (= worked in a coal mine ) when he was 15 years old.	爸爸第一次下煤矿井时才15岁。	同义：mine, trap, cache, cave	同根：pitting 点状的；pitted 有麻点的；除了核的；有凹痕的；pitting 凹陷；金属表面的腐蚀；点状腐蚀
lap	/læp/	v. 舔； 拍打 n. 膝部；一圈，一段	The tide was lapping the harbour wall.	潮水拍打着港口的防汛墙。	同义：circuit, knee, invest, case	同根：lapping 研磨；抛光；搭接；lapping 舔；折叠（lap的ing形式）
mineral	/ˈmɪnərəl/	n. 矿物， 矿石， 矿物质	The area is very rich in minerals .	该地区矿产非常丰富。	同义：table-water, inorganics	同根：mineralized 矿藏丰富的；miny 如矿坑的；mine 矿，矿藏；矿山，矿井；地雷，水雷
stock	/stɑk/	adj. 常用的， 常备的 n. 原料，库存品；股本，公债；世系，血统；汤汁；家畜，牲畜 vt. 储备	My boss had a stock response – "If it ain't broke, don't fix it!"	我的老板是老一套的回答–“没坏的话就别修了！”	同义：birth, blood, stem, ordinary	同根：stockholding 持有股份的；stockbroker [金融] 股票经纪人；stockholder 股东；股票持有人
representative	/ˈrɛprɪˈzɛntətɪv/	adj. 有代表性的， 典型的 n. 代表，代理人	The pollsters asked a representative sample of New York residents for their opinions.	民意调查员向一些有代表性的纽约居民征询了意见。	同义：typical, characteristic, deputy, model	同根：representational 代表的；具象派的；representable 能被代表的；能上演的；能被描绘的；representation 代表；表现；表示法；陈述
suspend	/səˈspɛnd/	vt. 暂停， 终止； 吊， 悬	Sales of the drug will be suspended until more tests are completed.	这种药品在完成进一步检验之前将暂停销售。	同义：wait, phase back	同根：suspended 悬浮的；暂停的，缓期的（宣判）；suspenseful 悬疑的；令人紧张的；焦急不安的；suspensive 暂停的；悬而不决的；可疑的；暧昧的
pigeon	/ˈpɪdʒɪn/	n. 鸽子	One blue pigeon sitting on a wall.	一只蓝色的鸽子蹲坐在一堵墙上。	同义：La paloma, dove	
well-known	/,wɛlˈnon/	adj. 众所周知的， 著名的	This is probably their best-known song.	这可能是他们最有名的歌曲。	同义：famous, noted, renowned, distinguished	
beneath	/bɪˈniːθ/	adv. 在下方， 在底下 prep. 在…下方；低于，次于；在…掩盖下；连…也不值得，有失…的身份	The dolphins disappeared beneath the waves.	海豚消失在波涛中。	同义：neath, under	
terror	/ˈtɛrɚ/	n. 恐怖， 惊骇； 引起恐怖的人或事	There was a look of sheer terror (= complete terror ) on his face.	他脸上的表情异常惊恐。	同义：phobia, ghastfulness	同根：terrifying 令人恐惧的；骇人的；极大的；terrorist 恐怖主义者，恐怖分子；terrorism 恐怖主义；恐怖行动；恐怖统治
comparison	/kəmˈpærɪsn/	n. 比较， 对照； 比拟， 比喻	Her paintings invite comparison with those of the early Impressionists (= they remind you of them ) .	她的画作让人想起早期的印象派作品。	同义：parabole, imagery	同根：comparative 比较的；相当的；comparable 可比较的；比得上的；comparatively 比较地；相当地
surge	/sɝdʒ/	vi. 蜂拥而出；洋溢，奔放；汹涌，奔腾 n. 大浪， 波涛； 高涨； 汹涌	The photographers and cameramen surged forward.	那些摄影和摄像师们涌向前去。	同义：very rough seas, sharp rise, balloon, jolt	
lest	/lɛst/	conj. 唯恐， 以免	She turned away from the window lest anyone see them.	她转身离开窗边，免得有人看见他们。		
heroic	/həˈroɪk/	adj. 英雄的； 英勇的	her heroic efforts to save her family	她拯救家人的英勇行为	同义：bold, gallant, epic poetry, epos	同根：heroine 英雄式的；heroical 英雄的；heroically 英雄地；超人地；冒险地
sway	/swe/	v. 摇，摇动；动摇 n. 摇摆， 摇动； 起支配作用的影响	The trees swayed gently in the breeze.	树木在和风中轻轻摇曳。	同义：affect, influence, impact of, impact on	同根：swayback 弄伤了背的；背部下凹的（等于swaybacked）；swayback 背部过分下凹（等于sway back）
tutor	/ˈtʊtɚ/	v. 当…导师， 当…家庭教师 n. 导师；家庭教师，私人教师	He was privately tutored.	他是由家庭教师教的。	同义：restrict, hold oneself in, mentors, teacher counselor	同根：tutorial 辅导的；家庭教师的，个别指导的；tutorial 个别指导；tutelage 监护；指导
senator	/ˈsɛnətɚ/	n. 参议员	Senator Kennedy	肯尼迪参议员	同义：commissioner, councilor	同根：senatorial 参议院的；参议员的；senate 参议院，上院；（古罗马的）元老院；senatorship 参议员之职
adventure	/ədˈvɛntʃɚ/	n. 奇遇； 冒险， 冒险活动	a great adventure	一大奇遇	同义：risk, throw, venture, take a chance	同根：adventurous 爱冒险的；大胆的；充满危险的；adventuresome 冒险性的；爱冒险的；adventuristic 冒险主义的；冒险主义者的
successive	/səkˈsɛsɪv/	adj. 连续的， 接连的	The team has had five successive victories.	这支球队已经连胜五场了。	同义：continuing, straight, endless, running	同根：successively 相继地；接连着地；succession 连续；继位；继承权；轮栽；successor 继承者；后续的事物
condition	/kənˈdɪʃən/	n. 状况， 状态； 环境	Profits increased by £1.5m, despite the difficult economic conditions.	尽管经济形势不佳，利润还是增长了150万英镑。	同义：circumstance, situation, context, qualification	同根：conditional 有条件的；假定的；conditioned 有条件的，受制约的；习惯于…的；conditionally 附有条件地
thirsty	/ˈθɝsti/	adj. 渴的； 渴望的	Can I have a glass of water? I’m really thirsty.	我能喝一杯水吗？ 我太渴了。	同义：dry, eager, hungry, anxious	同根：thirstily 口渴地；如饥似渴地；thirst 渴望；口渴；热望；thirst 渴望；口渴
ceremony	/ˈsɛrəˌmoʊni/	n. 典礼， 仪式， 礼节	a wedding ceremony	婚礼	同义：service, protocol, exercise	同根：ceremonial 仪式的；正式的，礼仪的；ceremonially 礼仪上地，仪式上地；ceremonial 仪式，礼节
obligation	/,ɑblɪˈɡeʃən/	n. 义务， 责任	Employers have an obligation to treat all employees equally.	雇主有责任对所有员工一视同仁。	同义：debt, liability	同根：obliged 必须的；感激的；有责任的；obligatory 义务的；必须的；义不容辞的；obligate 有责任的，有义务的；必需的
gym	/dʒɪm/	n. 体育馆； 健身房	I go to the gym as often as I can.	我一有空就去健身房健身。	同义：gymnasium, physical culture	同根：gymnastic 体操的，体育的；gymnastics 体操；体育；体操运动
rarely	/ˈrɛrli/	adv. 很少， 难得	I rarely go to that restaurant for lunch.	我很少到那家餐厅吃午饭。		同根：rare 稀有的；半熟的；稀薄的；rare 非常；极其；rareness 稀薄；稀罕；珍奇
governor	/ˈɡʌvɚnɚ/	n. 州长； 主管人员； 理事， 董事	a school governor	学校董事	同义：managers, adjustment, ruler	同根：governing 有统治、控制或治理权力的；governmental 政府的；政治的；统治上的；governable 可控制的；可支配的；可统治的
twist	/twɪst/	v. 缠绕，盘绕；转动，旋动；捻，搓；歪曲，曲解；扭歪，扭伤；曲折前进；转身 n. 扭弯； 转折， 转变； 弯曲， 曲折处	Her hands began to twist the handles of the bag she carried.	她的双手开始拧她拎着的那个包的拎柄。	同义：screw, harry, distortion, strain	同根：twisted 扭曲的；twisting 缠绕的；曲折的；转动的；twisty 扭曲的；弯弯曲曲的；狡猾的；转弯抹角的
locate	/ˈloˌket/	vt. 探明， 找出； 把…设置在， 使…坐落于	We couldn’t locate the source of the radio signal.	我们无法确定无线电信号的来源。	同义：lie on, stand on, beach, make one's pitch	同根：located 处于，位于；坐落的；localized 局部的；地区的；小范围的；localised 限局性的，局部的
unite	/juˈnaɪt/	v. 联合， 统一	Our goal is to unite the opposition parties and defeat the President.	我们的目标是联合各反对党挫败总统。	同义：intermix, league, band, combine	同根：united 一致的，统一的；团结的，和睦的；unitedly 团结一致地；联合在一起地；unity 团结；一致；联合；个体
lavatory	/ˈlævətɔri/	n. 盥洗室， 厕所	...the ladies' lavatory.	…女厕所。	同义：john, convenience, bathroom, toilet	同根：lav 洗手间；厕所；盥洗室（等于lavatory）
exterior	/ɪkˈstɪrɪɚ/	adj. 外部的；对外的 n. 外部， 外表	The exterior walls need a new coat of paint.	外墙需要刷新漆了。	同义：outer, outside, surface, facial	同根：external 外部的；表面的；[药] 外用的；外国的；外面的；external 外部；外观；外面；externalisation 外在化（等于externalization）
technique	/tɛkˈnik/	n. 技术， 技巧， 技能	He’s a great player, with brilliant technique.	他是个伟大的球员，球技十分精湛。	同义：skill, science, mechanics, tips	同根：technical 工艺的，科技的；技术上的；专门的；technological 技术的；工艺的；technically 技术上；专门地；学术上；工艺上
combat	/ˈkɑmbæt/	n. 战争，斗争，格斗 vt. 与…斗争， 与…战斗	We flew over 200 combat missions in the war.	我们在战争中执行过两百多次战斗飞行任务。	同义：sit down on, to oppose, fight, conflict	同根：combative 好战的；好事的；combatant 战斗的；好斗的；combatant 战士；争斗者
troop	/trʊp/	vi. 成群结队而行 n. 军队，部队；一群，大量	They all trooped back to the house for a rest.	他们都成群结队地回房子里休息。	同义：army, majority, force, group	同根：trooper 骑兵；骑警；伞兵；部队运输船；troopship 运兵舰；军队运输船
scenery	/ˈsinəri/	n. 风景， 景色； 舞台布景	The best part of the trip was the fantastic scenery.	此次旅行最精彩之处就是那美妙绝伦的风景。	同义：landscape, view, picture, prospect	同根：scenic 风景优美的；舞台的；戏剧的；scenically 布景地；风景优美地；scenic 风景胜地；风景照片
unity	/ˈjunəti/	n. 单一， 统一， 团结； 和睦， 协调	economic unity	经济统一	同义：accordance, agreement, alliance, identity	同根：united 一致的，统一的；团结的，和睦的；unitedly 团结一致地；联合在一起地；uniting 合并
effective	/ɪˈfɛktɪv/	adj. 有效的； 有影响的	The cheaper drugs are just as effective in treating arthritis.	较便宜的药品对治疗关节炎同样有效。	同义：valid, available, virtual, practical	同根：effectively 有效地，生效地；有力地；实际上；effectually 有效地；全然；实质上；effect 影响；效果；作用
pursue	/pəˈsʊ/	vt. 继续； 从事； 追赶， 追踪； 追求	She plans to pursue a career in politics.	她计划从政。	同义：maintain, undertake, address, have	同根：pursuant 依据的；追赶的；随后的；pursuant 根据；依照；pursuantly 因此；从而
similarly	/ˈsɪməlɚli/	adv. 类似地， 相似地	The first letter she wrote me was less than a page long, and her second letter was similarly brief.	她写给我的第一封信不到一页，第二封信也一样简短。	同义：equally, same, as, likewise	同根：similar 相似的；similar 类似物；similarity 类似；相似点
convey	/kənˈve/	vt. 表达， 传递； 运送， 输送	All this information can be conveyed in a simple diagram.	所有这些信息可以通过一张简单的图表来表示。	同义：communicate, release, transport	同根：conveyable 可传达的；可搬运的；可转让的；conveyor 输送机，[机] 传送机；传送带；运送者，传播者；conveyance 运输；运输工具；财产让与
muscle	/ˈmʌsl/	n. 肌肉， 体力； 力量， 实力	Relax your stomach muscles , then stretch again.	放松腹部肌肉，然后再绷紧。	同义：strength, force, might, power	同根：muscular 肌肉的；肌肉发达的；强健的；musculature 肌肉组织；[解剖] 肌肉系统；muscularity 力大；肌肉发达；强壮
generous	/ˈdʒɛnərəs/	adj. 慷慨的； 宽厚的； 大量的	a generous glass of wine	一大杯葡萄酒	同义：handsome, liberal	同根：generously 慷慨地；宽大地；丰盛地；generosity 慷慨，大方；宽宏大量；generousness 丰富，肥沃；宽大
victim	/ˈvɪktɪm/	n. 牺牲者， 受害者	The victim received head injuries from which she died a week later.	受害人头部受伤，一周后死亡。	同义：sacrificial lamb	同根：victimization 牺牲；欺骗；victimisation 牺牲；受害；欺骗（等于victimization）；victimize 使受害；使牺牲；欺骗
possibility	/,pɑsəˈbɪləti/	n. 可能； 可能的事	There’s always a possibility that he might go back to Seattle.	他也许会回到西雅图去，这种可能性一直存在。	同义：probability, feasibility, potential, maybe	同根：possible 可能的；合理的；合适的；possibly 可能地；也许；大概；possible 可能性；合适的人；可能的事物
lane	/len/	n. 小路； 跑道； 航道， 航线	a quiet country lane	一条宁静的乡间小路	同义：vector, driveway	
garlic	/ˈɡɑrlɪk/	n. 大蒜	Add a crushed clove of garlic (= single section of it ).	加一瓣压碎的大蒜。	同义：Allium sativum	同根：garlicky 大蒜似的；有大蒜味的
chief	/tʃif/	adj. 主要的，为首的；总的 n. 首领， 长官； 酋长， 族长	One of the chief causes of crime today is drugs.	毒品是如今犯罪的主要诱因之一。	同义：leader, captain, boss, primary	同根：chiefly 主要地；首先；chieftaincy 酋长或首领的地位或职位；chieftainship 首领或酋长的地位
accord	/əˈkɔrd/	vi. 相符合； 相一致 n. 一致，符合；谅解，协议 vt. 使符合；使一致；调节；授予，赠与，给予	The punishments accorded with the current code of discipline.	处罚与现行的纪律规则一致。	同义：agreement, unity, identity, keeping	同根：according 相符的；accordant 一致的；调和的；according 依照
aircraft	/ˈɛrˈkræft/	n. 飞机， 飞行器	The return flight of the aircraft was delayed.	飞机的返回航程被推迟了。	同义：plane, airplane, aeroplane	
automatic	/ˈɔtəˈmætɪk/	adj. 自动的，机械的；不假思索的，无意识的；必然的，自然的 n. 自动手枪； 有自动装置的汽车	an automatic weapon	自动武器	同义：inevitable, mechanical, certain, necessary	同根：automatically 不经思索的；automated 自动化的；机械化的；automatically 自动地；机械地；无意识地
doubtful	/ˈdaʊtfəl/	adj. 难以预测的； 怀疑的	‘Everything’s going to be all right, you’ll see.’ Jenny looked doubtful .	“一切都会顺顺当当的，你等着看好了。” 珍妮看起来不大相信的样子。	同义：suspicious, questionable	同根：doubtless 无疑的；确定的；doubting 不相信的；有疑心的；doubtless 无疑地；确定地；大概，多半
despite	/dɪˈspaɪt/	prep. 不管， 不顾	Liz realized that, despite herself, she cared about Edward.	利兹发现自己不由自主地在乎爱德华。	同义：in spite of, for all that, hate, hatred	同根：despiteful 有恶意的；故意为难的
opening	/ˈopənɪŋ/	adj. 开首的，开始的 n. 口子， 洞， 孔； 开始； 空缺	the opening match of the season	本赛季的首场比赛	同义：beginning, opportunity, threshold, conception	同根：open 公开的；敞开的；空旷的；坦率的；营业着的；open 公开；空旷；户外；openness 公开；宽阔；率真
industrial	/ɪnˈdʌstrɪəl/	adj. 工业的， 产业的	By 1900, Britain was a mainly industrial society.	到1900年英国已基本进入工业社会。		同根：industrious 勤勉的；industrialized 工业化的；industriously 勤奋地，努力地
obey	/əˈbe/	v. 顺从， 服从	The little boy made no effort to obey.	这小男孩不肯服从。	同义：be obedient to, subordinate to, comply, be obedient to	
conduct	/kənˈdʌkt/	n. 举止， 行为； 指导； 管理； 实施 vt. 进行； 管理， 指挥， 引导； 传输， 传导	The Senator’s conduct is being investigated by the Ethics Committee.	该参议员的行为正受到道德委员会的调查。	同义：lead through, manage, run, direct	同根：conductive 传导的；传导性的；有传导力的；conductor 导体；售票员；领导者；管理人；conduction [生理] 传导
stable	/ˈstebl/	adj. 稳定的，不变的；沉稳的，持重的 n. 厩， 马厩， 牛棚	A wide base will make the structure much more stable.	宽大的底座会使结构牢固许多。	同义：mews, cowshed, steady, settled	同根：stabilized 稳定的；减摇的；stabile 稳定的；固着的；stably 平稳地；坚固地；安定地
lamb	/læm/	n. 羔羊， 小羊； 羔羊肉	roast lamb	烤羊肉	同义：kidlet, yeanling	同根：lamblike 温驯的；小羊似的
pillow	/ˈpɪlo/	n. 枕头	I’ll be asleep as soon as my head hits the pillow.	我头一碰到枕头就会睡着。	同义：weeping willow	
harness	/ˈhɑrnɪs/	vt. 治理；给上挽具 n. 马具， 挽具	On Sunday the horses were harnessed to a heavy wagon for a day-long ride over the border.	星期天这些马被套在一辆沉重的货车上，踏上长达一天的旅程越过边境。	同义：keep on top, saddlery, coat of mail	
fantastic	/fænˈtæstɪk/	adj. 极好的， 极出色的， 了不起的； 极大的； 难以相信的； 异想天开的， 不实际的； 奇异的， 古怪的	You look fantastic!	你看上去棒极了！	同义：wonderful, excellent, famous, super	同根：fantasy 虚幻的；fantastical 空想的；捕风捉影的；fantastically 想像中地；奇特地；难以置信地
sketch	/skɛtʃ/	v. 绘…的略图， 画…的素描； 概述 n. 略图；梗概；素描，速写	Holford sketched a 10-year programme for rebuilding the city.	霍尔福德简单介绍了城市重建的十年规划。	同义：outline, croquis	同根：sketchy 写生风格的；写生的；概略的；sketchily 大略地；写生风格地；sketcher 作素描者；舞台布景设计者
tidy	/ˈtaɪdi/	adj. 整洁的，整齐的 v. 整洁， 整齐	a tidy desk	整洁的书桌	同义：considerable, ordered, regular, straight	同根：tidily 整齐地；整洁地；tidiness 整齐；干净整洁
respond	/rɪˈspɑnd/	vi. 回答， 答复； 作出反应， 响应	They are likely to respond positively to the president's request for aid.	他们有可能积极地回应该总统的援助请求。	同义：reply, answer, answering	同根：responsible 负责的，可靠的；有责任的；respondent 回答的；应答的；responsive 响应的；应答的；回答的
incident	/ˈɪnsɪdənt/	n. 发生的事， 事件	Am I at risk because of some incident in my sexual past?	我过去性生活中的某件事会使我处于危险境地吗？	同义：event, circumstance, occurrence, scene	同根：incidental 附带的；偶然的；容易发生的；incidentally 顺便；偶然地；附带地；incidence 发生率；影响；[光] 入射；影响范围
maintenance	/ˈmentənəns/	n. 维持； 保养； 抚养费	the cost of repairs and maintenance	维修保养费	同义：conservation, keep	同根：maintainable 可维持的；可主张的；可维修的；maintainer 维修工；保持器；maintain 维持；继续；维修；主张；供养
marry	/ˈmæri/	v. 娶， 嫁； 为…证婚； 结婚， 结合	He married Bea in 1925.	他在1925年娶了贝亚。	同义：go to the world, be married to, get married, tie the knot	同根：married 已婚的，有配偶的；婚姻的，夫妇的；密切结合的；marriageable 可结婚的，适合结婚的；marriage 结婚；婚姻生活；密切结合，合并
decay	/dɪˈke/	vi. 腐烂；衰败 n. 腐烂	Her body was already starting to decay.	她的尸体已经开始腐烂。	同义：fail, flag, recession, downturn	同根：decayed 腐烂的；腐败的；衰退的；decayed 腐烂；衰退（decay的过去分词）
supply	/səˈplaɪ/	n&vt. 供给， 供应	The nation’s fuel supplies will not last forever.	这个国家的燃料供应不会无穷无尽。	同义：provision, furnishing, afford, tender	同根：supplementary 补充的；追加的；supplemental 补充的（等于supplementary）；追加的；supplying 供应的
liberty	/ˈlɪbɚti/	n. 自由； 许可， 准许； 过于随便， 放肆	...the ideal of equality and the appreciation of liberty.	…对平等的向往及对自由的欣赏。	同义：freedom, permission, leave	同根：libertine 放荡的；libertarian 自由的；自由论者的；持自由论的；liberally 大方地；自由地；公平地；充足地
liable	/ˈlaɪəbl/	adj. 易于…的； 可能的	The car is liable to overheat on long trips.	这辆汽车跑长途容易过热。	同义：responsible, bound, accountable, prone	同根：liability 责任；债务；倾向
cargo	/ˈkɑrɡo/	n. 船货， 货物	a cargo plane	货机	同义：commodity, freight, merchandise	
confidential	/,kɑnfɪˈdɛnʃl/	adj. 秘密的， 机密的； 亲信的	a confidential government report	一份机密的政府报告	同义：classified, secret	同根：confidence （美）诈骗的；骗得信任的；confidentially 秘密地；作为心腹话地；confidingly 信任地
drift	/drɪft/	vi. 漂流，漂泊 n. 漂流； 大意， 主旨； 趋势	Smoke drifted up from the jungle ahead of us.	我们前方的丛林里有烟升起。	同义：tendency, direction, tide, trend	同根：drifting 漂流的；飘动的；drifting 漂流；漂流物；drifter 流浪汉；漂流物；漂网渔船
element	/ˈɛləmənt/	n. 成分， 要素， 元素； 基础， 纲要； 自然力	Business and management elements are built into the course.	本课程加入了商务和管理方面的内容。	同义：theory, mechanism, factor, basic	同根：elementary 基本的；初级的；[化学] 元素的；elemental 基本的；主要的；自然力的；四大要素的（土、水、气、火）
chaos	/ˈkeɑs/	n. 混乱， 紊乱	The country was plunged into economic chaos.	这个国家陷入了经济大混乱。	同义：disorder, confusion, involvement, mix	
mankind	/mænˈkaɪnd/	n. 人类	Since earliest times, mankind has been fascinated by fire.	人类自远古以来就对火很感兴趣。	同义：humanity, people	
pace	/pes/	vi. 踱步 n. 步，步速；速度；节奏	I found Mark at the hospital, pacing restlessly up and down .	我看见马克在医院里焦躁不安地踱来踱去。	同义：footwork	同根：pacy 进展迅速的；运动快的；pacing [测] 步测；步调；pacer 步测者；溜蹄的马；定速装置
exclaim	/ɪkˈsklem/	vi. 呼喊， 惊叫	‘No!’ she exclaimed in shock.	“不！”她惊呼道。	同义：bay, shout	
probable	/ˈprɑbəbl/	adj. 很可能的， 大概的	The probable cause of the fire was faulty wiring.	起火的原因很可能是电路故障。	同义：likely, trusted, authentic	同根：probably 大概；或许；很可能；probability 可能性；机率；[数] 或然率
forecast	/ˈfɔrkæst/	v. 预测， 预报 n. 预测，预报	Rain was forecast for the weekend.	预报周末有雨。	同义：predict, indicate, calculate, shadow	同根：forecasting 预测；forecaster 预报员；forecasting 预言；作预告（forecast的ing形式）
uncover	/ʌnˈkʌvɚ/	vt. 揭露， 暴露； 揭开…的盖子	Customs officials uncovered a plot to smuggle weapons into the country.	海关官员侦破了一个走私武器入境的阴谋。	同义：detect, reveal, to discover, sniff out	同根：uncovered 无覆盖物的；[保险] 未保险的；无盖的；uncovered 揭露（uncover的过去分词）；脱帽致敬；移去覆盖物
recognize	/ˈrɛkəɡˌnaɪz/	vt. 认出， 识别； 承认； 赏识， 表彰， 报偿	I didn’t recognize you in your uniform.	你穿上制服我认不出你了。	同义：identify, spot, accept, agree	同根：recognized 公认的；经过验证的；recognised 认可的；recognizable 可辨认的；可认识的；可承认的
pack	/pæk/	vt. 捆扎，把…打包；使挤在一起，塞满 n. 包， 小盒	I forgot to pack my razor.	我忘记把剃须刀放入行李包了。	同义：pair, casing, impact, select	同根：package 一揽子的；packed （常用来构成复合词）充满…的，塞满了…的；packaged 包装过的
restraint	/rɪˈstrent/	n. 抑制， 限制， 克制； 约束措施， 约束条件	The police were praised for their restraint in handling the demonstrators.	警方因对待示威者时所表现出的克制而受到赞扬。	同义：checking, control, suppression, inhibition	同根：restrained 克制的，受限制的；拘谨的；restrainer [摄] 抑制剂（尤指摄影中用的溴化钾等）；限制器；控制者；restrained 抑制；约束（restrain的过去分词）
input	/ˈɪnˈpʊt/	n. 输入；投入的资金；输入的数据 vt. 把…输入计算机	If the input data specified it, the file will close and the process terminates.	如果输入数据指定，该文件就会关闭，数据处理终止。	同义：investment, introjection, type in, carry in	
cue	/kju/	n. 暗示，信号；提示 vt. 提示； 暗示	She stood nervously in the wings waiting for her cue.	她紧张地站在台侧等待出场的提示。	同义：connotation, implication, reminder	
volt	/volt/	n. 伏特， 伏	That is one electron volt.	就是一单位的电子伏特。	同义：jook	同根：voltmeter [电] 伏特计，电压计
reality	/rɪˈæləti/	n. 现实， 实际； 真实	the distinction between fantasy and reality	幻想和现实之间的区别	同义：fact, actuality, sincerity, true	同根：real 实际的；真实的；实在的；realized 实现的；已实现；realizable [数] 可实现的；可实行的；可感觉到的
stereotype	/ˈstɛrɪətaɪp/	n. 陈规，老套，固定的模式；铅版 vt. 把…浇铸成铅版； 对…形成固定看法	There's always been a stereotype about successful businessmen.	对成功的商人们总有一种成见。	同义：truism, conventionality	同根：stereotyped 用铅版印刷的；老一套的；stereotyped 把…浇铸成铅版；使成为陈规（stereotype的过去分词）；sterilize 消毒，杀菌；使成不毛；使绝育；使不起作用
enroll	/ɪnˈrol/	vi. 入学，加入 vt. 招收， 吸收	And, with the rise of online education, you can even enroll in certified programs that allow you to learn and improve your career during your off-hours.	并且，随着在线教育的崛起，你甚至可以参加认证课程，在下班工夫里学习和改善本人的职业生涯。	同义：register, book in, participate in, take part in	同根：enrollment 登记；入伍；enrolment 登记，注册；入学；enrolled 登记（入会；卷）
offend	/əˈfɛnd/	vt. 冒犯， 伤害…的感情； 使厌恶； 违反	His remarks deeply offended many Scottish people.	他的话严重冒犯了许多苏格兰人。	同义：give offense, gross out, vary, be in breach of	同根：offensive 攻击的；冒犯的；无礼的；讨厌的；offending 不愉快的；厌恶的；offenseless 无攻击力的；不惹人的
molecule	/ˈmɑlɪkjul/	n. 分子	The molecules of oxygen gas contain just two atoms.	氧分子中只有两个原子。	同义：numerator of a fraction, microne	
resign	/rɪˈzaɪn/	vi. 辞职 vt. 辞去， 放弃； 使听从， 使顺从	A hospital administrator has resigned over claims he lied to get the job.	一位医院主管因为有人声称他的职位是骗来的而辞职了。	同义：yield, desert, refer, quit	同根：resigned 顺从的；已辞职的；己放弃的；resignedly 听从地；服从地；resignation 辞职；放弃；辞职书；顺从
bathe	/beð/	v. 洗澡； 游泳	I bathed, washed my hair, and got dressed.	我洗了澡，洗了头，然后穿上衣服。	同义：lave, wash oneself, have a bath, swim	同根：bath 沐浴；浴室；浴盆；bathing 沐浴；游泳；洗海水澡；bather 入浴者；游泳者；浴疗者
workman	/ˈwɝkmən/	n. 工人， 劳动者， 工匠	In University Square workmen are building a steel fence.	在大学广场工人们正在筑一个钢栅栏。	同义：artisan, craftsman	同根：workmanlike 技术熟练的；精工细作的；workmanship 手艺，工艺；技巧
sophisticated	/səˈfɪstɪketɪd/	adj. 老于世故的； 高级的； 精密的， 复杂的； 高雅的	sophisticated software	很先进的软件	同义：complicated, experienced, involved, detailed	同根：sophomore 二年级的；二年级学生的；sophisticatedly 老练地；sophomore 大学二年级生；（美）有二年经验的人
sunrise	/ˈsʌnraɪz/	n. 日出； 朝霞	a picture of sunrise over Mount Fuji	富士山日出的照片	同义：morning, sunup	
entertainment	/ˌɛntɚˈtenmənt/	n. 娱乐， 文娱节目， 表演会； 招待， 款待， 请客	The town provides a wide choice of entertainment.	该镇提供各式各样的娱乐活动。	同义：recreation, pleasure, sport, occupation	同根：entertaining 令人愉快的；entertaining 款待（entertain的ing形式）；entertain 款待
starve	/stɑrv/	v. 挨饿， 饿死	Thousands of people will starve if food doesn’t reach the city.	如果食品不能运到那座城市，成千上万的人就要饿死。	同义：rare, die form hunger, famish	同根：starving 饥饿的；挨饿的；starveling 挨饿的，饥饿的；饿瘦了的；贫穷的；starvation 饿死；挨饿；绝食
battery	/ˈbæt(ə)rɪ/	n. 电池， 蓄电池； 排炮， 炮组； 一系列， 一套	You have to take the top off to change the batteries .	你得把顶盖拿掉才能更换电池。	同义：electric cell, electric element	
chase	/tʃeɪs/	v. 追逐， 追赶； 追求	The dogs saw him running and chased him.	那些狗看到他在跑就追他。	同义：go after, track down, pursue, go after	同根：chaser 驱逐舰；猎人；饮烈酒后喝的饮料；[机] 螺纹梳刀
marine	/məˈrin/	adj. 海的， 海生的； 海事的， 海军的， 海运的 n. 海军陆战队士兵	the enormous variety of marine life	海洋生物繁多的种类	同义：nautical, sea-born, shipping industry, bluejacket	同根：mariner 水手；船员
clay	/kle/	n. 黏土， 泥土； 肉体	...the heavy clay soils of Georgia.	…佐治亚州厚重的黏土的土壤。	同义：earth, flesh, dirt	同根：clayey 黏土的；粘土状的；含粘土的；clayware 黏土制品
anyway	/ˈɛnɪˈwe/	adv. 无论如何， 至少； 不论以何种方式， 无论从什么角度	Let’s think about it for a while, for a few days anyway.	让我们想一想，至少考虑几天。	同义：however, anyhow	同根：anyhow 总之；无论如何；不管怎样；anywhere 在任何地方；无论何处；anywhere 任何地方
promote	/prəˈmot/	vt. 促进， 增进， 发扬； 提升； 宣传， 推销	You don't have to sacrifice environmental protection to promote economic growth.	你们没有必要牺牲环保来促进经济增长。	同义：facilitate, boost, prefer, upgrade	同根：promotional 促销的；增进的；奖励的；promotive 奖励的；增进的；助长的；promotion 提升，[劳经] 晋升；推销，促销；促进；发扬，振兴
routine	/rʊˈtin/	adj. 例行的， 常规的 n. 例行公事，惯例，惯常的程序	You mustn’t worry. These are just routine enquiries.	你不必担心，这只是例行的询问。	同义：procedure, program, daily, everyday	同根：routinely 例行公事地；老一套地；routineer 职员；墨守成规者；[通信] 定期测试装置
attack	/əˈtæk/	n. 攻击，打击；突然发作 vt. 攻击， 进攻	a bomb attack	炸弹袭击	同义：attempt, push, have at, come at	同根：attacker 攻击者；进攻者
humour	/ˈhju:mə/	n. 幽默， 诙谐， 幽默感	his humour and charm	他的幽默感和魅力	同义：drollness, pleasantry, content, gratify	同根：humorous 诙谐的，幽默的；滑稽的，可笑的；humourous 幽默的，诙谐的；滑稽的；humorless 非常严肃的；缺少幽默感的
divorce	/dɪˈvɔrs/	v. 离婚； 分离， 脱离 n. 离婚，离异	David’s parents divorced when he was six.	戴维的父母在他六岁时离婚了。	同义：separate, split, separation, detachment	同根：divorced 离婚的；divorcement 离婚；分离
currency	/ˈkɜrənsi/	n. 通货， 货币； 通行， 流行	The bank can supply you with foreign currency .	这家银行能为你提供外币。	同义：money, circulating medium	
canal	/kəˈnæl/	n. 运河， 沟渠； 管	We walked along by the side of the canal.	我们沿着运河边往前走。	同义：pipeline, klong	同根：canalisation 管道形成；开凿运河；运河网；canalization 运河网；开运河；[外科] 造管术；canalise 在…开凿运河
ankle	/ˈæŋkl/	n. 踝， 踝关节	slender ankles	纤细的脚踝	同义：gambrel, malleolus	
convict	/kənˈvɪkt/	vt. 证明…有罪， 宣判…有罪 n. 囚犯	a convicted murderer	已定罪的谋杀犯	同义：criminal offender, culprit	同根：conviction 定罪；确信；证明有罪
legislation	/,lɛdʒɪsˈleʃən/	n. 法律， 法规； 立法， 法律的制定	This is a very important piece of legislation (= law ).	这是一条非常重要的法规。	同义：lawmaking, lex	同根：legislative 立法的；有立法权的；legislatively 立法地；legislative 立法权；立法机构
clause	/klɔz/	n. 条款； 从句， 分句	A confidentiality clause was added to the contract.	合同中加上了一项保密条款。	同义：item, provision, article	同根：clausal 条款的；条项的；子句的
quiz	/kwɪz/	n. 智力竞赛，问答比赛；小测验 vt. 考查， 盘问	a love quiz in a magazine	杂志上的爱情问答	同义：trick, mischief, dig at, test for	同根：quizmaster 广播电视测验节目主持人；quizzer 测验节目；提问者
participate	/pɑrˈtɪsəˈpet/	vi. 参与， 参加； 分享	Some members refused to participate.	有些会员拒绝参加。	同义：mix, take part in, share in, partake in	同根：participant 参与的；有关系的；participating 由多人一起参加的；（股票等）持有人有权分享利益的；participatory 供人分享的；吸引参与的
ingredient	/ɪnˈɡridɪənt/	n. 组成部分， 成分； 原料； 要素， 因素	Combine all the ingredients in a large bowl.	把所有食材都放在一个大碗里。	同义：element, factor, material, basic	
surplus	/ˈsɝpləs/	adj. 过剩的， 多余的 n. 过剩，剩余，盈余	Ethiopia has no surplus food.	埃塞俄比亚没有多余的食物。	同义：residual, spare, remaining, residual	同根：surplusage 剩余物；盈余额
correspondence	/,kɔrəˈspɑndəns/	n. 信件， 函件； 通信， 通信联系； 符合， 一致， 相似	A secretary came in twice a week to deal with his correspondence.	一个秘书每个星期来两次处理他的信件。	同义：accordance, communication, unity, agreement	同根：corresponding 相当的，相应的；一致的；通信的；correspondingly 相应地，相对地；correspondent 通讯记者；客户；通信者；代理商行
refresh	/riˈfrɛʃ/	v. 振作精神， 恢复活力	A shower will refresh you.	洗个淋浴你就凉快了。	同义：renovate, to update, revive	同根：refreshing 提神的；使清爽的；使人重新振作的；refresher 专业性复习进修的；refreshingly 清爽地；有精神地
librarian	/laɪˈbrɛrɪən/	n. 图书馆管理员	The new librarian is a friend of mine.	这位新来的图书管理员是我的朋友。	同义：library technician	同根：library 图书馆，藏书室；文库；librarianship 图书馆事业；图书馆管理员职位；图书馆管理业务
intimate	/ˈɪntəmɪt/	adj. 亲密的；个人的 n. 至交， 密友 vt. 暗示， 提示	an intimate friend of Picasso’s	毕加索的一个密友	同义：private, close, perfect, chamber	同根：intimately 熟悉地；亲切地；私下地；intimacy 性行为；亲密；亲昵行为；隐私；intimation 暗示；告知；讽示
reporter	/rɪˈpɔrtɚ/	n. 记者	a news reporter	新闻记者	同义：journo, newsperson	
declaration	/,dɛkləˈreʃən/	n. 宣布， 宣告； 宣言， 声明； 申报	a ceasefire declaration	停火声明	同义：profession, announcement	同根：declared 公然的；公开宣布的；declarative 宣言的；陈述的，说明的；declarable 应申报的，可申请交税的
disclose	/dɪsˈkloz/	v. 揭示； 透露	Some companies have already voluntarily disclosed similar information .	一些公司已经主动透露了类似的信息。	同义：reveal, expose	同根：disclosure [审计] 披露；揭发；被揭发出来的事情
religion	/rɪˈlɪdʒən/	n. 宗教， 宗教信仰	The U.S. Constitution promises freedom of religion.	美国宪法保证宗教信仰自由。	同义：deen, religious belief	同根：religious 宗教的；虔诚的；严谨的；修道的；religious 修道士；尼姑；religiosity 虔诚；宗教狂；虚伪信仰
claw	/klɔ/	v. 抓， 撕 n. 爪，脚爪，螯	The wolf clawed at the tree and howled the whole night.	那只狼在那颗树上抓挠，还嗥叫了整整一个晚上。	同义：talon, unguis	同根：clawed 有爪或螯的；clawed 抓（claw的过去式和过去分词）
torture	/ˈtɔrtʃɚ/	n. 拷问；折磨 vt. 拷打	He died after five days of excruciating torture.	遭受了五天的严刑拷打之后，他死了。	同义：harry, colour, worry, trouble	同根：torturous 折磨人的，痛苦的；torturer 虐待者，拷问者
prayer	/prɛr/	n. 祷告， 祈祷； 祷文； 祈求， 祈望	Our thoughts and prayers are with you at this difficult time.	在这艰难时期我们时刻思念你，为你祈祷。	同义：suit, blessing	同根：prayerful 虔诚的；常常祷告的；pray 祈祷；请；恳求；pray 祈祷；恳求；央求
tragedy	/ˈtrædʒədi/	n. 悲剧， 惨事， 惨案； 悲剧艺术	The tragedy happened as they were returning home from a night out.	悲剧发生在他们夜里外出归来的路上。	同义：disaster, calamity	同根：tragic 悲剧的；悲痛的，不幸的；tragical 悲剧的；悲剧性的；悲惨的；不幸的；tragically 悲剧地；悲惨地
charm	/tʃɑrm/	n. 迷人的特性，魅力；符咒，咒文 vt. 吸引， 迷住	"Snow White and the Seven Dwarfs," the 1937 Disney classic, has lost none of its original charm.	迪斯尼1937年的经典之作《白雪公主和七个小矮人》从未丧失其最初的魅力。	同义：grace, appeal, fascination, intoxicate	同根：charming 迷人的；可爱的；charismatic 超凡魅力的；神赐能力的；charmed 着迷的；喜悦的
clap	/klæp/	v. 拍手，轻拍 n. 拍手， 鼓掌	Narouz clapped his hands and a servant entered.	纳鲁兹拍了拍手，一名佣人走了进来。	同义：plaud, handclap	同根：clapping 鼓掌；掌声；clapper 拍手者；铃舌；响板；唠唠叨叨的嘴巴；clapping 鼓掌；轻敲（clap的ing形式）
purple	/ˈpɝpl/	adj. 紫的 n. 紫色	His face turned purple with rage.	他气得脸色发紫。	同义：regal, violet, lila, amethyst	同根：purplish 略带紫色的
quit	/kwɪt/	vt. 停止， 放弃； 离开， 辞	The landlord gave them notice to quit the premises within seven days.	房东通知他们七天之内搬出去。	同义：yield, desert, split, get out	同根：quitter 轻易放弃的人；懒人；quittance 收据；免除，赦免；报酬，补偿
economical	/,ɛkəˈnɑmɪkl/	adj. 节约的； 经济学的	A small car is more economical to run.	开小型汽车比较省油。	同义：managing, paying, saving	同根：economic 经济的，经济上的；经济学的；econometric 计量经济学的；economically 经济地；在经济上；节俭地
prosperous	/ˈprɑspərəs/	adj. 繁荣的， 兴旺的	a prosperous landowner	富裕的土地拥有者	同义：flourishing, booming	同根：prosperously 繁荣地；幸运地；prosperity 繁荣，成功；prosper 繁荣，昌盛；成功
polish	/ˈpɑlɪʃ/	vt. 磨光；修改，润色，使优美 n. 擦光剂	Your essay is good, you just need to polish it a bit.	你的文章不错，只要稍加润色就可以了。	同义：grace, buffing, furbish, Polak	同根：polite 有礼貌的，客气的；文雅的；上流的；优雅的；polished 擦亮的；优美的；圆滑的；politeness 有礼貌；优雅
cabinet	/ˈkæbɪnət/	n. 橱， 柜； 内阁	a cabinet meeting	内阁会议	同义：ambry, council of ministers, private, secret	
chart	/tʃɑrt/	n. 图表；航海图 vt. 用图表表示， 在图上表示	a chart showing last year’s sales	显示去年销售情况的一份图表	同义：graph, diagram	同根：chartless 图籍未载的；尚未绘入地图或海图的；chartist 宪章派；图解专家；宪章运动者
optical	/ˈɑptɪkl/	adj. 眼的， 光学的， 视觉的	microscopes and other optical instruments	显微镜和其他光学仪器	同义：visual, ocular	同根：optic 光学的；视觉的；眼睛的；optically 光学地；眼睛地；视力地；optic 眼睛；镜片
insurance	/ɪnˈʃʊrəns/	n. 保险， 保险费	Your father took out insurance to cover the mortgage.	你父亲购买了抵押借款保险。	同义：assurance, safety, premium, compensation	同根：insured 已投保的；insurable 可保险的，适合保险的；insured 被保险人
preface	/ˈpref.ɪs/	n. 序言， 前言， 引言	...the preface to Kelman's novel.	…凯尔曼小说的前言。	同义：prolegomena, perface, begin with, open with	
principle	/ˈprɪnsəpl/	n. 原则， 原理， 道义； 基本信念， 信条	The general principle is that education should be available to all children up to the age of 16.	总的原则是，16 岁以下儿童都应该能接受教育。	同义：theory, mechanism, element, essence	同根：principled 有原则的；有操守的
lid	/lɪd/	n. 盖子， 盖	She lifted the lid of the box and displayed the contents.	她把盒盖掀起，展示了里边的东西。	同义：limitation, qualification, restriction, cover	同根：lidded 有盖子的；覆盖着的；有…眼睑的；lidless 无盖的；注视的；无眼睑的；lidded 给…盖上盖子（lid的过去分词）
tedious	/ˈtidɪəs/	adj. 冗长乏味的， 沉闷的	The work was tiring and tedious.	这工作既累人又枯燥。	同义：dreary, dreich	同根：tediously 沉闷地；冗长而乏味地；tedium 沉闷；单调乏味；厌烦；tediousness 沉闷；乏味
source	/sɔrs/	n. 河的源头， 根源； 来源， 出处	They get their money from various sources.	他们从各种途径弄到钱。	同义：provenience, authorship	
secure	/səˈkjʊr/	adj. 安全的，可靠的；牢固的，稳固的；无忧虑的，安心的 vt. 得到， 获得； 使安全， 保卫； 缚牢	There are no secure jobs these days.	如今已经没有铁饭碗了。	同义：safe, certain, invite, court	同根：security 安全的；保安的；保密的；secured 有担保的；securer 安全的；可靠的（secure的比较级形式）
deception	/dɪˈsɛpʃən/	n. 欺骗； 诡计， 骗局	She didn’t have the courage to admit to her deception.	她没有勇气承认自己的欺骗行为。	同义：fraud, confidence game	同根：deceptive 欺诈的；迷惑的；虚伪的；deceptively 迷惑地，骗人地；虚伪地；deceptiveness 虚伪；迷惑骗人
basically	/ˈbesɪkli/	adv. 基本上， 从根本上说	Basically, I’m just lazy.	说穿了，我就是懒。	同义：mainly, mostly, largely, primarily	同根：basic 基本的；基础的；basic 基础；要素
donation	/doˈneʃən/	n. 捐款， 捐赠物； 捐赠， 赠送	There have been generous donations from EU funds.	欧盟基金给予了慷慨的捐款。	同义：endowment, offertory	同根：donor 捐献的；经人工授精出生的；donated 捐赠的；donate 捐赠；捐献
avenue	/ˈævənu/	n. 林荫道， 道路， 大街	Fifth Avenue	第五大街	同义：main street, high street	
immense	/ɪˈmɛns/	adj. 巨大的； 极好的	People who travel by rail still read an immense amount.	人们坐火车旅行时仍然会读很多书。	同义：huge, tremendous, enormous, massive	同根：immensely 极大地；无限地；广大地；庞大地；immensity 巨大；无限；广大；immenseness 无限；巨量；极妙
given	/ˈɡɪvn/	adj. 规定的，特定的；假设的；已知的；有癖好的，有倾向的 prep. 考虑到	On any given day in the Houston area, half the hospital beds are empty.	在休斯敦地区，任何一天医院的床位都有一半是空的。	同义：bathed, considering, saving, in consideration of	同根：give 弹性；弯曲；伸展性；giving 给予；礼物；给予物；giver 给予者，赠予人；送礼者
hay	/heɪ/	n. 干草	...bales of hay.	…一捆捆的干草。	同义：hey, stover	同根：haywire 乱糟糟的，乱七八糟的；疯狂的；haystack 干草堆；haywire [电] 临时电线；捆干草用的铁丝
chest	/tʃɛst/	n. 胸腔， 胸膛； 箱子	Her heart was pounding in her chest.	她的心在胸口怦怦直跳。	同义：bureau, treasury, breast	同根：chesty 胸部丰满的；胸部大的；骄傲的
tension	/ˈtɛnʃən/	n. 紧张， 不安； 拉紧； 张力， 拉力	The tension was becoming unbearable, and I wanted to scream.	这种紧张变得难以忍受，我真想大声尖叫。	同义：strain, intensity, stress, stress	同根：tense 紧张的；拉紧的；tensile [力] 拉力的；可伸长的；可拉长的；tensed 紧的；紧张的
reflection	/rɪˈflɛkʃən/	n. 映像， 倒影； 反射； 反映， 表达； 非议； 沉思， 反省	Can you see your reflection in the glass?	你能看到玻璃里你的影像吗？	同义：meditation, contemplation	同根：reflective 反射的；反映的；沉思的；reflected 反射的；得自他人的；reflecting 反射的；沉思的
ultimate	/ˈʌltəmɪt/	adj. 最后的，最终的 n. 终极， 顶点	The ultimate outcome of the experiment cannot be predicted.	试验的最后结果无法预测。	同义：final, organic, fundamental, radical	同根：ultima 最终的；最后的；ultimately 最后；根本；基本上；ultimatum 最后通牒；最后结论；基本原理
campus	/ˈkæmpəs/	n. 校园， 学校场地	a beautiful campus in New England	新英格兰的一个美丽校园	同义：schoolyard, college life	
solicitor	/səˈlɪsɪtɚ/	n. 律师， 法律顾问	You need to see a solicitor.	你需要找个律师。		同根：solicit 征求；招揽；恳求；请求；solicit 征求；招揽；请求；乞求
cheerful	/ˈtʃɪrfl/	adj. 快乐的， 愉快的； 使人感到愉快的	a bright cheerful Italian restaurant	一家明亮宜人的意大利餐馆	同义：happy, pleased, glad, good	同根：cheery 愉快的，活泼的；cheering 令人高兴的；cheerfully 高高兴兴地
merit	/ˈmɛrɪt/	n. 长处，优点，价值；功劳，成绩 vt. 值得， 应受	The merit of the report is its realistic assessment of the changes required.	这份报告的优点就是它对所要求的变动进行了实事求是的评估。	同义：asset, importance, virtue, price	同根：meritorious 有功绩的；有价值的；值得称赞的；merited 应得的；理所当然的；meritoriousness 有价值
misunderstand	/,mɪsʌndɚˈstænd/	vt. 误解， 误会	Rachel, you must have misunderstood her! Ellie would never say something like that.	雷切尔，你一定是误会她了！埃莉绝不会说那样的话。	同义：misconstrue, misread	同根：misunderstood 被误解的；misunderstanding 误解；误会；不和；misunderstood 误解，误会（misunderstand的过去式）
guilty	/ˈɡɪlti/	adj. 内疚的； 有罪的	She looked self-conscious and guilty.	她看上去很不自然，很内疚的样子。	同义：sinful, culpable	同根：guiltless 无罪的，无辜的；没有…的，不知…的；guiltily 内疚地；有罪地；guilt 犯罪，过失；内疚
measure	/ˈmɛʒɚ/	vt. 测量，度量；衡量 n. 分量； 尺寸； 量具； 计量单位； 量度， 测量； 措施， 办法	The rainfall was measured over a three-month period.	对三个月内的降雨量进行了测量。	同义：extent, degree, survey, dimension	同根：measured 量过的；慎重的；基于标准的；有规则的；measurable 可测量的；重要的；重大的；measuring 测量用的
overall	/,ovəˈrɔl/	adj. 全面的， 总体的， 全部的	The overall cost of the exhibition was £400,000.	展览会的全部费用是40万英镑。	同义：entire, all, corporate, total	同根：overbearing 傲慢的；压倒一切的；overbearing 压住；否定；专横地对待；繁殖过度（overbear的ing形式）
receipt	/rɪˈsit/	n. 发票， 收据； 收入， 进款； 收到， 接到	Keep your receipt in case you want to bring it back.	保留收据以备退货之需。	同义：income, proceeds, earning, receive from	
pepper	/ˈpɛpɚ/	n. 胡椒，胡椒粉 vt. 在…上撒； 使布满	salt and pepper	盐和胡椒粉	同义：peper, capsicum, besprinkle	同根：peppery 辛辣的；胡椒味的；暴躁的；peppermint 薄荷；薄荷油；胡椒薄荷；薄荷糖（等于mint）；peppercorn 干胡椒；象征性租金；空有其名的象征性房租
plural	/ˈplʊrəl/	adj. 复数的 n. 复数	"Data" is the Latin plural form of "datum."	“”是“”的拉丁语复数形式。	同义：complex numbers, complexor	同根：plurality 多数；复数；兼职；胜出票数；pluralist 兼职者；多元论者；兼管数个教堂者；pluralize 兼职；成复数
doctoral	/ˈdɔktərəl/	adj. 博士的	a doctoral thesis	博士论文		同根：doctorial 博士的；学者的（等于doctorel）；doctor 医生；博士；doctorate 博士学位；博士头衔
concept	/ˈkɑnsɛpt/	n. 概念， 观念， 设想	a new concept in business travel	商务旅行的新理念	同义：idea, sense, notion, construct	同根：conceptual 概念上的；conceptional 想象的；概念上的；conceptive 概念上的；有想像力的
resistant	/rɪˈzɪstənt/	adj. 抵抗的， 抗…的， 耐…的	Some people are very resistant to the idea of exercise.	一些人对锻炼的主意非常抵制。	同义：stubborn, rebellious	同根：resistive 有抵抗力的；resistible 可抵抗的；resistless 无抵抗力的；无法抗拒的
video	/ˈvɪdɪo/	adj. 录像的；电视的 n. 录像	video production	录像制作	同义：television, Vedio, televisual, to produce	
agriculture	/ˈæɡrɪkʌltʃɚ/	n. 农业， 农学	More than 75% of the land is used for agriculture.	75%以上的土地用于农耕。	同义：farming, extractive industry	同根：agricultural 农业的；农艺的；agriculturalist 农学家（等于agriculturist）；agriculturist 农业家；[农] 农场工作者
weapon	/ˈwɛpən/	n. 武器， 兵器	They all had sticks which they planned to use as weapons.	他们都持有棍棒，打算当武器用。	同义：arm, armament	同根：weaponry 兵器，武器（总称）；weaponize 使…武器化
grocer	/ɡrosɚ/	n. 食品商， 杂货商	The grocer deals in tea, coffee, spices and so forth.	该杂货店经销茶叶、咖啡、佐料等商品。	同义：general store, variety store	同根：grocery 食品杂货店
stare	/stɛr/	n&vi. 盯， 凝视	She sat there staring into space (= looking for a long time at nothing ) .	她坐在那里，出神地凝视前方。	同义：pore, peer at, peer at, gaze at	同根：staring 凝视的，目不转睛的；瞪着眼的；显眼的；staring 凝视；盯着看；显眼（stare的ing形式）
painful	/ˈpenfl/	adj. 疼痛的， 引起疼痛的； 困难的； 令人不快的	stiff painful joints	僵硬疼痛的关节	同义：hurt, bitter, miserable	同根：painless 无痛的；不痛的；pained 悲痛的；受痛苦的；painfully 痛苦地，费力地
vote	/vot/	v. 投票； 表决 n. 票，选票；选举，投票，表决；表决结果，投票总数	In 1918 British women got the right to vote.	1918年，英国妇女获得了选举权。	同义：election, poll, make the offer, propone	同根：voting 投票的；voter 选举人，投票人；有投票权者；voting 投票；选举
steady	/ˈstɛdi/	vi. 稳定 adj. 稳的，平稳的；稳定的，持续的；稳固的	The plane steadied, and the passengers relaxed.	飞机平稳后，乘客们松了一口气。	同义：settled, constant, stable, composed	同根：steadfast 坚定的；不变的；steadily 稳定地；稳固地；有规则地；steadfastly 踏实地；不变地
enhance	/ɪnˈhæns/	vt. 提高， 增加， 加强	Good lighting will enhance any room.	良好的照明能给房间增色不少。	同义：raise, cement, boost, muscle	同根：enhanced 加强的；增大的；enhancive 加强的；增加的；enhancement 增加；放大
enclose	/ɪnˈkloz/	vt. 围住， 圈起； 附上； 把…装入信封	Please enclose a cheque with your order.	请随订单附上支票。	同义：enring, inclose	同根：enclosed 被附上的；与世隔绝的；enclosure 附件；围墙；围场；encloser 外壳；罩壳
convention	/kənˈvɛnʃən/	n. 习俗， 惯例； 公约； 会议	a teachers’ convention	教师大会	同义：tradition, usage, institution, appointment	同根：conventional 符合习俗的，传统的；常见的；惯例的；conventionalized 定型化的；约定俗成的；conventionally 照惯例，照常套
center	/ˈsɛntɚ/	n. 圆心， 正中； 中心	In this example, you rotate a square on its center, but do not fill the square.	在这个例子中，您会以中心为原点旋转一个正方形，但不填充这个正方形。	同义：focus, hub, middle, mediate	同根：cent 分；一分的硬币；森特（等于半音程的百分之一）；centerpiece 中心装饰品；放在餐桌中央的摆饰
suspicion	/səˈspɪʃən/	n. 怀疑， 疑心， 猜疑； 一点儿， 少量	I can’t say for definite who did it, but I certainly have my suspicions .	我不能确切说是谁干的，但我肯定有怀疑的对象。	同义：doubt, challenge, dispute, wonder	同根：suspicious 可疑的；怀疑的；多疑的；suspected 有嫌疑的；suspiciously 怀疑地；猜疑地
purchase	/ˈpɝtʃəs/	vt. 买，购买 n. 购买； 购买的物品	You can purchase insurance online.	你可以在网上买保险。	同义：buy, grip, buy, win	同根：purchasable 可买的；可买到的；purchaser 买方；购买者
refusal	/rɪˈfjuzl/	n. 拒绝	Her country suffered through her refusal to accept change.	她的国家因为她拒绝接受变革而受了害。	同义：rejection, denial	同根：refuse 垃圾；废物；refuse 拒绝；refuse 拒绝；不愿；抵制
technician	/tɛkˈnɪʃən/	n. 技术员， 技师	a laboratory technician	实验室技术人员	同义：lab-technician	同根：tech 技术（technology）；技术员（technician）；technical 工艺的，科技的；技术上的；专门的；technological 技术的；工艺的
generic	/dʒəˈnɛrɪk/	adj. 【生物】 属的， 类的； 一般的， 普通的	Parmesan is a generic term used to describe a family of hard Italian cheeses.	巴尔马干酪是一个用来描述一类坚硬的意大利奶酪的通用名称。	同义：common, prevailing	同根：generalized 广义的，普遍的；无显著特点的；generally 通常；普遍地，一般地；generically 一般地；属类地
genius	/ˈdʒinjəs/	n. 天才， 天赋， 天资； 天才人物	The film reveals Fellini’s genius.	这部影片展现了费里尼的天赋。	同义：energy, gift, spirit, soul	
alike	/əˈlaɪk/	adv. 一样地， 相似地； 同样程度地 adj. 同样的，相同的	The twins were dressed alike.	这对双胞胎穿着相似。	同义：similar, same, uniform, like	
fund	/fʌnd/	n. 资金，基金；存款 vt. 为…提供资金	The fund was set up to try to save the cathedral.	设立基金以挽救大教堂。	同义：capital, deposit, saving, invent money in	同根：funding 提供资金；用发行长期债券的方法来收回短期债券；fundraiser 资金筹集人；资金筹集活动；funding 提供资金；积存（fund的ing形式）
gravity	/ˈɡrævətɪ/	n. 重力， 引力； 严重性； 严肃， 庄重	the force of gravity	重力	同义：weight, seriousness	同根：grave 重大的；严肃的；黯淡的；gravitational [力] 重力的，[力] 引力的；graven 不可磨灭的，铭记在心的；雕刻的
typical	/ˈtɪpɪkl/	adj. 典型的， 代表性的	typical British weather	典型的英国天气	同义：characteristic, representative, proper, very	同根：typic 典型的；正规的；象征性的；typically 代表性地；作为特色地；typicality 典型性
quotation	/kwoˈteʃən/	n. 引文， 引语， 语录； 报价， 牌价， 行情	The following quotation is taken from a nineteenth century travel diary.	下文引自19世纪的一篇旅行日记。	同义：citing, citation	同根：quotable 可引用的；适于引用的；有引用价值的；quote 引用；quotability 引用价值
finance	/ˈfaɪnæns/	v. 筹措资金 n. 财政，金融；财源，财务情况	The concerts are financed by the Arts Council.	音乐会由艺术协会出资举办。	同义：policy of tightening control over expenditure and credit, cameralistics, fund raising	同根：financial 金融的；财政的，财务的；financially 财政上；金融上；financing 融资；财务；筹措资金
studio	/ˈstudɪo/	n. 画室， 摄影室； 播音室， 录音室， 摄影棚	a TV studio	电视演播室	同义：atelier, workroom	
tray	/tre/	n. 盘， 托盘， 碟	The waiter brought drinks on a tray.	服务员用托盘端来饮料。	同义：plateau, salver	
downward	/ˈdaʊnwɚd/	adv. 向下地 adj. 向下的	Benedict pointed downward again with his stick.	贝内迪克特又用他的拐杖向下指了指。	同义：falling, descensive, alow, netherward	同根：down 向下的；down 向下，下去；在下面；downwards 向下，往下
cabbage	/ˈkæbɪdʒ/	n. 洋白菜， 卷心菜	I like peas more than cabbage .	比起卷心菜我更喜欢豌豆。		
regulate	/ˈrɛɡjulet/	vt. 管理， 控制； 调整， 调节	strict rules regulating the use of chemicals in food	限制化学品在食物中使用的严格规定	同义：possess, define, contain, manage	同根：regulation 规定的；平常的；regulatory 管理的；控制的；调整的；regulative 调整的，调节的；管制的
palm	/pɑm/	n. 手掌， 掌状物； 棕榈树	He held the pebble in the palm of his hand .	他把那颗卵石握在手心里。	同义：vola	同根：palmate 手掌状的，[生物] 掌状的；palmy 繁荣的；多棕榈的
hydrogen	/ˈhaɪdrədʒən/	n. 氢	At the South Pole, in a region of continuous darkness, humans could access water to produce hydrogen and oxygen.	月球南极是一个持续黑暗的区域，在这里，人类能够接触到水，以生产氢和氧。		同根：hydrogenated 氢化的，加氢的；hydrogenation 加氢；[化学] 氢化作用；hydrogenated 使氢化（hydrogenate的过去分词）
infant	/ˈɪnfənt/	adj. 婴儿的； 幼稚的 n. 婴儿	infant formula milk	婴(幼)儿配方奶	同义：baby, minor, earlier, young	同根：infantile 婴儿的；幼稚的；初期的；infancy 初期；婴儿期；幼年；infantilism 幼稚症；[医] 幼稚型，[医] 婴儿型
hen	/hɛn/	n. 母鸡， 雌禽	She does not like the hen that pecks all day.	她不喜欢这个整天啄来啄去的母鸡。	同义：female, she	
whoever	/hʊˈɛvɚ/	pron. 谁； 无论谁； 究竟是谁	I’ll take whoever wants to go.	谁想去我就带谁去。		
carbon	/ˈkɑrbən/	n. 碳	They degrade into carbon and oxygen.	他们能被降解成碳和氧。	同义：kryptol	同根：carbonated 碳化的，碳酸的；含二氧化碳的；carbonized 碳化的；carbonous 碳的；含碳的
unload	/ˈʌnˈlod/	v. 卸， 卸货； 下客； 退出子弹； 卸下胶卷	Unload everything from the boat and clean it thoroughly.	从小船上卸下所有的货物并彻底地清洗。	同义：debark, discharge of goods, load off	同根：unloading 卸载；卸货；unloading 卸货（unload的ing形式）
payment	/ˈpemənt/	n. 支付， 支付的款项	You can make a payment in any bank.	你可以在任何一家银行付款。	同义：compensation, punishment, consideration, rod	同根：payoff 支付的；决定性的；产生结果的；payable 应付的；到期的；可付的；可获利的；paying 支付的；赢利的；合算的
specifically	/spəˈsɪfɪkli/	adv. 特别地， 特定地； 明确地， 具体地	advertising that specifically targets children	专门针对儿童的广告	同义：particularly, extra, definitely, positively	同根：specific 特殊的，特定的；明确的；详细的；[药] 具有特效的；specially 特别地；专门地；specific 特性；细节；特效药
controversial	/,kɑntrəˈvɝʃl/	adj. 引起争论的， 有争议的	the controversial issue of welfare reform	福利改革这一有争议的话题	同义：disputed, questioned	同根：controversially 颇有争议地；引起争议地；controversy 争论；论战；辩论；controvert 争论；辩论
trap	/træp/	n. 陷阱，捕捉器；圈套，诡计；困境 vt. 设陷阱捕捉； 诱骗	The only way to catch mice is to set a trap .	抓老鼠的唯一办法就是放置捕鼠器。	同义：ensnare, web, mesh, pit	同根：trapped 捕获的；陷入困境的；收集的；受到限制的；trapping 俘获的；封闭的；trapping 俘获；设陷阱；隔气
gallery	/ˈgæləri/	n. 画廊， 美术馆； 楼座； 旁听席； 回廊， 走廊	an exhibition of African art at the Hayward Gallery	海沃德美术馆的非洲艺术展览	同义：hall, passage, corridor, underground	
hardware	/ˈhɑrdwɛr/	n. 五金器具； 硬件	...a shop from which an uncle had sold hardware and timber.	…一家叔叔曾经在那里卖五金器具和木材的店铺。	同义：brightwork	
deputy	/ˈdɛpjuti/	n. 副职， 副手； 代表， 代理人	...Jack Lang, France's minister for culture, and his deputy, Catherine Tasca.	…法国文化部长杰克·朗和他的副手凯瑟琳·塔斯卡。	同义：agent, representation, factor, secondary	同根：deputation 代表团，代表；委任代理；deputise 担任代表；deputize 代理；代表
warmth	/wɔrmθ/	n. 暖和， 温暖； 热烈， 热情， 热心	She went further into the room, drawn by the warmth of the fire.	她被火的温暖吸引着，走进了房间。	同义：passion, flame, fire	同根：warm 温暖的；热情的；warming 让人感到暖和的；warmly 热情地；温暖地；亲切地
supreme	/suˈprim/	adj. 最高的， 最大的； 极度的， 最重要的	the Supreme Allied Commander in Europe	欧洲盟军最高指挥官	同义：highest, maximum, peak, top	同根：supremely 至上地；崇高地；supremacy 霸权；至高无上；主权；最高地位
ambulance	/ˈæmbjələns/	n. 救护车； 野战医院	the ambulance service	救护车服务	同义：meat wagon	同根：ambulatory 流动的；走动的；非固定的；ambulant 走动的，流动的；可走动的；ambulatory [建] 回廊
priority	/praɪˈɔrəti/	n. 优先， 重点； 优先考虑的事	I want to start work on the garden but the house must take priority .	我想开始整修花园，不过还是先得打扫屋子。	同义：precedence, preference to sth	同根：prior 优先的；在先的，在前的；prior 在前，居先；prioritize 把事情按优先顺序排好
slope	/slop/	v. 倾斜 n. 倾斜；斜面	The bank sloped down sharply to the river.	那座堤岸陡峭地朝着那条河倾斜下去。	同义：hill, pitch, pitch, tip up	同根：sloping 倾斜的；有坡度的；成斜坡的；sloped 倾斜的；sloping 溢出（slop的ing形式）
philosophy	/fəˈlɑsəfi/	n. 哲学， 哲理， 人生哲学	Emma studies philosophy at university.	埃玛在大学攻读哲学。	同义：Weltbild, Anschauung	同根：philosophic 哲学的；贤明的；philosophically 哲学上；贤明地；philosopher 哲学家；哲人
preventive	/priˈvɛntɪv/	adj. 预防性的	preventive health programs	预防性的保健计划	同义：prophylactic, precautionary	同根：preventable 可预防的；可阻止的；可防止的；prevenient 预期的；以前的；预防的；先行的；prevention 预防；阻止；妨碍
creative	/krɪˈetɪv/	adj. 创造性的， 创作的	This job is so boring. I wish I could do something more creative.	这工作太单调了，我希望能做些更有创造性的事情。		同根：creatively 创造性地；有创造力地；creature 动物，生物；人；创造物；creation 创造，创作；创作物，产物
junior	/ˈdʒunɪɚ/	adj. 年少的；资历较浅的 n. 晚辈； 三年级学生	the junior football club	青少年足球俱乐部	同义：inferior, lower	
allocate	/ˈæləket/	vt. 分配， 分派， 把…拨给	Tickets are limited and will be allocated to those who apply first.	票数有限，将分配给那些先申请的人。	同义：portion, part, appropriate, parcel out	同根：allocable 可拨出的；可分配的；allocation 分配，配置；安置；allocator 分配算符
provide	/prəˈvaɪd/	vt. 提供， 供给	Tea and biscuits will be provided.	有茶水和饼干供应。	同义：afford, define, regulate, tender	同根：provisional 临时的，暂时的；暂定的；provision 规定；条款；准备；[经] 供应品；provisional 临时邮票
standpoint	/ˈstændpɔɪnt/	n. 立场， 观点	a discussion of marriage from the standpoint of women	从女性角度对婚姻的探讨	同义：viewpoint, perspective, outlook, eye	
worship	/ˈwɝʃɪp/	n. 礼拜；崇拜；信奉 vt. 崇拜	...the worship of the ancient Roman gods.	…对古罗马众神的敬奉。	同义：respect, church, praise, exercise	同根：worshipful 崇拜的，虔诚的；尊贵的；尊敬的；worshipper 崇拜者；礼拜者；爱慕者；worshiper 崇拜者；礼拜者（等于worshipper）
lawn	/lɔn/	n. 草地， 草坪， 草场	I spent all morning mowing the lawn (= cutting the grass ).	我整个上午都在修剪草坪。	同义：grass, meadow	
primary	/ˈpraɪmɛri/	adj. 首要的， 主要的； 基本的； 最初的， 初级的	Our primary concern is to provide the refugees with food and health care.	我们的头等大事是向难民提供食品和医疗。	同义：elementary, major, central, main	同根：prime 主要的；最好的；基本的；primal 原始的；主要的；最初的；prima （意）第一的，主要的
log	/lɔɡ/	n. 原木，木料；航海日志 vt. 正式记录	a roaring log fire	原木燃烧的熊熊大火	同义：lumber, incise, page, register	同根：logging 记录；伐木工作；logger （美）樵夫，伐木工；记录器；logging 把…锯成段木；砍伐树木（log的ing形式）
solar	/ˈsolɚ/	adj. 太阳的， 日光的； 太阳能的	a solar eclipse	日食	同义：heliacal, sunroom, sun porch	同根：solarization 日晒；[摄] 负感作用；solarise 过度曝光（等于solarize）；solarize 曝光过度
consume	/kənˈsum/	vt. 消费， 吃完， 喝光； 毁灭； 使着迷， 充满	Only 27% of the paper we consume is recycled.	我们消耗的纸张只有 27% 得到回收利用。	同义：waste, to use up, peter, spend	同根：consuming 消费的；强烈的；consumed 充满的；对…著迷的；consumable 可消耗的；可消费的
formation	/fɔrˈmeʃən/	n. 形成， 构成， 形成物； 队形， 排列	We now know a lot more about the early stages of planetary formation.	我们现在对行星形成过程的早期阶段有了更多的了解。	同义：constitution, fabric, becoming, structure	
layer	/ˈleɪr/	n. 层， 层次	He pulled off layer upon layer of clothing (= many layers of clothing ).	他把衣服一件件地脱掉。	同义：thickness, degree, stratum, tier	同根：layered 分层的；层状的；layered 分层堆积；用压条法培植（layer的过去分词）
triangle	/ˈtraɪæŋɡl/	n. 三角	a triangle of land	一块三角地	同义：trigona, Misumi	同根：triangulate 由三角形组成的；有三角斑纹的；triangulation [测] 三角测量；三角形划分；triangularity 成三角形；三角关系
accidental	/,æksɪˈdɛntl/	adj. 偶然的， 意外的	an accidental discharge of toxic waste	有毒废料的意外排放	同义：unexpected, sudden, subsidiary, surprising	同根：accidentally 意外地；偶然地；accident 事故；意外；[法] 意外事件；机遇
theme	/θim/	n. 主题， 题目	The book’s theme is the conflict between love and duty.	本书的主题是爱与责任之间的冲突。	同义：topic, subject, titles, motive	同根：thematic 主题的，主旋律的；题目的；语干的；thematically 主题上；主题方面
smash	/smæʃ/	v. 粉碎，打烂；狠打，猛击；破灭，失败；猛撞，猛冲 n. 破碎 ； 猛击， 猛撞； 轰动的演出， 巨大的成功	Vandals had smashed all the windows.	破坏分子打碎了所有的窗子。	同义：comminute, pulverize, interference, conflict	同根：smashed 破碎的；喝醉酒的；smashing 了不起的，极好的；粉碎性的，猛烈的；smasher 击碎者；撞击物；扣球手；猛烈的打击
merely	/ˈmɪrli/	adv. 仅仅， 只不过	He’s merely a boy – you can’t expect him to understand.	他只是个孩子——你不要指望他能理解。	同义：simply, just, only, but	同根：mere 仅仅的；只不过的；mere 小湖；池塘
contradiction	/,kɑntrəˈdɪkʃən/	n. 矛盾， 不一致； 否认， 反驳	apparent contradictions in the defendant’s testimony	被告证词中的明显矛盾	同义：conflict, discrepancy	同根：contradictory 矛盾的；反对的；反驳的；抗辩的；contradictorily 矛盾地；反驳地；逆；contradictory 对立物；矛盾因素
fuss	/fʌs/	n&vi. 忙乱； 大惊小怪， 小题大做； 烦恼， 过于忧虑	James said he’d better be getting back or there’d be a fuss .	詹姆斯说他最好回来，否则就会有人小题大做了。	同义：make a big deal out of, break a butterfly on the wheel, alarmism, hoo-ha	同根：fussy 爱挑剔的，难取悦的；易烦恼的；fussily 大惊小怪地；无事空扰地；小题大做地
wealth	/wɛlθ/	n. 财富， 财产； 丰富	The country’s wealth comes from its oil.	这个国家的财富来自石油。	同义：treasure, lots of, ocean, money	同根：wealthy 富有的；充分的；丰裕的；wealthily 丰富地；富有地；wealthy 富人
barrel	/ˈbærəl/	n. 桶； 圆筒； 枪管	The wine is aged in oak barrels.	这种葡萄酒是用橡木酒桶放陈的。	同义：bucket, pail, skirr	同根：barreled 桶装的；有管的；barrelled 桶装的；装了桶的；barreled 装桶；磨研；疾驶（barrel的过去分词）
means	/minz/	n. 方法， 手段， 工具； 金钱， 财产	The only means of communication was sign language.	唯一的交流方法是手语。	同义：ways, methods, techniques, modes	
survive	/sɚˈvaɪv/	vi. 活下来， 幸存 vt. 从…逃出，幸免于；从中挺过来；比…活得长	Only 12 of the 140 passengers survived.	140 名乘客中只有 12 人生还。		同根：surviving 继续存在的；未死的；依然健在的；survival 幸存，残存；幸存者，残存物；survivor 幸存者；生还者；残存物
initial	/ɪˈnɪʃəl/	adj. 最初的，开始的 n. 首字母	an initial investment of £5,000	5,000英镑的初始投资	同义：premier, original	同根：initially 最初，首先；开头；initialization [计] 初始化；赋初值；initialize 初始化
unfortunately	/ʌnˈfɔrtʃənətli/	adv. 不幸地	Unfortunately, you were out when we called.	很遗憾，我们来的时候你出去了。	同义：unhappily, unluckily	同根：unfortunate 不幸的；令人遗憾的；不成功的
consistent	/kənˈsɪstənt/	adj. 坚持的， 一贯的； 一致的， 符合的	She’s the team’s most consistent player.	她是该队中表现最为稳定的选手。	同义：united, corresponding, uniform, matching	同根：consistently 一贯地；一致地；坚实地；consistency [计] 一致性；稠度；相容性
reverse	/rɪˈvɝs/	v. 撤销，推翻；反向，倒转；彻底改变 adj. 反向的， 相反的， 倒转的 n. 相反，对立面；反面，背面，后面；挫折，逆境	Reverse the paper in the printer.	把打印机中的纸翻过来。	同义：failure, loss, contrary, losing	同根：reversible 可逆的；可撤消的；可反转的；reversed 颠倒的；相反的；（判决等）撤销的；reversionary 倒退的；复归的；应继承的；将来应享有的
heterogeneity	/ˌhetərədʒəˈniːəti/	n. 异种， 异质， 不同成分	Such political communities are characterized by heterogeneity and difference with no shared object of design.	这样的政治共同体的特征是不会共享别人的设计的异质性和区别。	同义：nonuniformity, ununiformity	同根：heterogeneous [化学] 多相的；异种的；[化学] 不均匀的；由不同成分形成的；heterogenous 异质的；[生物] 异源的；异种的
sword	/sɔːrd/	n. 剑， 刀	The treaty hung like a sword of Damocles over French politics.	这个条约好像一把达摩克利斯之剑悬在法国政坛之上。	同义：blade, knife, force, war	
permanent	/ˈpɝmənənt/	adj. 永久的， 固定的	He gave up a permanent job in order to freelance.	他放弃了固定工作，为的是当一名自由职业者。	同义：eternal, constant, steady, lasting	同根：permanently 永久地，长期不变地；perm 电烫发；permanence 持久；永久
barely	/ˈbɛrli/	adv. 仅仅， 只不过， 几乎不	She was barely aware of his presence.	她几乎没有注意到他的存在。	同义：merely, simply, just, only	
summarize	/ˈsʌməraɪz/	vt. 概括， 概述， 总结	The authors summarize their views in the introduction.	作者在序言里概述了他们的观点。	同义：sum up, outline	同根：summative 总结性；总结的；sum 金额；总数；summarization [图情] 摘要；概要
chap	/tʃæp/	n. 小伙子， 男人， 家伙	a decent sort of chap	一个正派的小伙子	同义：apple, customer, checking, egg	同根：chapped 有裂痕的；裂开的；chapped 裂开（chap的过去式和过去分词）
facility	/fəˈsɪləti/	n. 设备； 容易； 场所	What recreational facilities are now available?	什么娱乐设施现在是可用的？	同义：equipment, furniture, establishment, plant	同根：facile 温和的；灵巧的；易做到的；facilitation 简易化；[生理] 助长；容易；facilitate 促进；帮助；使容易
beam	/bim/	n. 梁，横梁；束，柱；笑容，喜色 vt. 面露喜色； 定向发出， 播送	...high-energy laser beams.	…高能激光束。	同义：ray, stream, to transmit, send out	同根：beaming 喜气洋洋的；愉快的；光亮的；耀眼的；beamy 光亮的；船身宽大的；象梁一样的；beaming 照耀（beam的ing形式）
alliance	/əˈlaɪəns/	n. 结盟， 联盟	independent organizations and alliances	独立组织和联盟	同义：union, association, league, combined with	
civilization	/,sɪvələˈzeʃən/	n. 文明， 文化； 开化	modern American civilization	现代美国文明	同义：culture, kultur	同根：civil 公民的；民间的；文职的；有礼貌的；根据民法的；civilized 文明的；有礼貌的；civilised 文明的
fiction	/ˈfɪkʃən/	n. 小说； 虚构， 杜撰	romantic fiction	爱情小说	同义：invention, novel	同根：fictitious 虚构的；假想的；编造的；假装的；fictional 虚构的；小说的；fictive 虚构的；想象上的；虚伪的
possession	/pəˈzɛʃən/	n. 有， 所有； 所有物	That information is not in our possession.	那则信息不归我们所有。	同义：estate, property, treasure, worth	同根：possessive 占有的；所有的；所有格的；占有欲强的；possessive 所有格；possessor 持有人；所有人
replace	/rɪˈples/	vt. 代替， 取代； 更换， 调换； 把…放回原处	I’m replacing Sue on the team.	我将接替队里的休。	同义：restore, return, shift, tender	同根：replaceable 可替换的；可置换的；可放在原处的；replacement 更换；复位；代替者；补充兵员；replaceability 可替换性，替代性；置换能力
hip	/hɪp/	n. 臀部， 髋部	She stood there with her hands on her hips glaring at him.	她站在那里，双手叉腰瞪着他。	同义：bottom, croup	同根：hipster 低及臀部的；hipped 着迷的；忧抑的；（牲畜等）股关节脱节的；（屋顶）有斜脊的；hipster 世面灵通的人；赶时髦的人；颓废派成员（等于beatnik）
merry	/ˈmɛri/	adj. 欢乐的， 愉快的	He marched off, whistling a merry tune.	他吹着一首欢快的曲子大步走了。	同义：good, bright, fragrant, cheerful	同根：merrymaking 狂欢的；快乐的；mirthful 愉快的，高兴的；令人欢乐的；mirthless 不快乐的；悲伤的；阴郁的
dam	/dæm/	n. 水坝，水堤；障碍物 vt. 筑堤挡住	Before the dam was built, Campbell River used to flood in the spring.	大坝建好之前，坎贝尔河常在春季发大水。	同义：control over, take control of, bar, obstacle	
pessimistic	/,pɛsɪˈmɪstɪk/	adj. 悲观的	a pessimistic view of life	对人生的悲观看法	同义：world-weary, futilitarian	同根：pessimistically 悲观地；pessimism 悲观，悲观情绪；厌世主义；pessimist 悲观主义者
commander	/kəˈmændɚ/	n. 司令官， 指挥员	the American Commander, General Otis	美军指挥官奥蒂斯将军	同义：comandante, sardar	同根：commanding 指挥的；居高临下的；威风凛凛的；command 指挥，控制；命令；司令部；commandant 司令官，指挥官；军事学校的校长
bloom	/blum/	v. 开花 n. 花，开花，开花期；青春焕发	These plants bloom in spring.	这些植物在春天开花。	同义：youth, flower, green, flower	同根：blooming 盛开的；妙龄的；bloomer [机] 初轧机；从前女用灯笼裤；纰漏；开花植物；blooming [植] 开花（bloom的ing形式）
major	/ˈmedʒɚ/	adj. 较大的；主要的；重大的 n. 少校； 专业	There is a major problem with parking in London.	在伦敦，停车是个很大的问题。	同义：crucial, important, primary, considerable	同根：majority 多数；成年
zone	/zon/	n. 地区， 区域， 范围	San Francisco and Tokyo are both located in earthquake zones.	旧金山和东京都位于地震带。	同义：region, area, section, corner	同根：zonal 带状的；形成地带的
interrupt	/ˈɪntəˈrʌpt/	v. 打断， 打扰， 中断	Will you stop interrupting me!	别打断我的话！	同义：let, violate, cut in on, to break in on	
feasible	/ˈfizəbl/	adj. 可行的， 可能的	a feasible solution	可行的解决方法	同义：possible, working, potential, viable	同根：feasibility 可行性；可能性
prescribe	/prɪˈskraɪb/	vt. 开； 吩咐采用； 规定， 指定	What punishment does the law prescribe for this crime?	法律规定这种罪行应受何处罚？	同义：to stipulate, to formulate, define, regulate	同根：prescribed 规定的
potential	/pəˈtɛnʃl/	adj. 潜在的，可能的 n. 潜力， 潜能	The company has identified 60 potential customers.	该公司已确定了60位潜在的客户。	同义：possibility, probability, feasibility, maybe	同根：potentially 可能地，潜在地；potentiality 潜力；可能性
bean	/bin/	n. 豆， 蚕豆	baked beans	烘豆	同义：legumen, nihil	
accustomed	/əˈkʌstəmd/	adj. 惯常的， 习惯的	The pans were in their accustomed places.	那些锅在老地方。	同义：usual, used, particular, common	同根：accustom 使习惯于
combination	/,kɑmbɪˈneʃən/	n. 结合， 联合； 化合	a combination nightclub and café	夜总会兼咖啡馆	同义：combined with, alliance, unity, union	同根：combined 结合的；[数] 组合的；combining 化合的，结合性的；combinatorial 组合的
obtain	/əbˈten/	v. 获得； 通用， 流行； 存在	These conditions no longer obtain.	这些状况已不复存在。	同义：pick up, get access to, acquire, earn	同根：obtainable 能得到的；obtainment 获得
turbine	/ˈtɝbaɪn/	n. 叶轮机， 汽轮机	The new ship will be powered by two gas turbines and four diesel engines.	那艘新轮船将由2台燃气涡轮机和4台柴油机驱动。		同根：turbogenerator 涡轮式发电机
repeatedly	/rɪˈpitɪdli/	adv. 一再， 再三， 多次地	Graham was repeatedly warned not to work so hard.	格雷厄姆一再被提醒工作不要这么拼命。	同义：again and again, iteratively	同根：repetitive 重复的；repeated 再三的，反复的；repeatable 可重复的；可复验的
curiosity	/,kjʊrɪˈɑsəti/	n. 好奇， 好奇心； 奇物， 奇事， 珍品	I opened the packet just to satisfy my curiosity .	我打开包裹只是为了满足我的好奇心。	同义：treasure, pearl	同根：curious 好奇的，有求知欲的；古怪的；爱挑剔的；curiously 好奇地；curio 古董；珍品
gross	/ɡros/	adj. 总的； 严重的； 粗俗的； 臃肿的	The company was guilty of gross negligence.	该公司犯了重大的失职罪。	同义：robust, rough, country, dirty	同根：grossness 粗野；肥满；粗劣
workshop	/ˈwɝkʃɑp/	n. 车间， 作坊， 创作室； 研讨会， 讲习班	Trumpeter Marcus Belgrave ran a jazz workshop for young artists.	鼓手马库斯马贝尔格瑞夫为年轻艺术家们举办了一场爵士乐研讨会。	同义：plant, proseminar	
resist	/rɪˈzɪst/	v. 抵抗， 反抗， 抵制； 抗， 耐； 忍住， 拒受…的影响	They only wanted 3 dollars for it, so how could I resist?	他们只要3美元，我怎能不买？	同义：hit back, stick up to, tough, hit back	同根：resistant 抵抗的，反抗的；顽固的；resistive 有抵抗力的；resistible 可抵抗的
liter	/litɚ/	n. 升	Give me a big bag and a two-liter of diet Sprite.	给我一包大包的和一瓶两公升的低糖“雪碧”汽水。	同义：litre	
format	/ˈfɔrmæt/	n. 设计，安排；格式，样式，版式 vt. 使格式化	The courses were run to a consistent format.	这些课程的编排是有连续性的。		同根：formative 形成的；造型的；格式化的；formalized 形式化的；正式的；formative 构词要素
sacrifice	/ˈsækrɪfaɪs/	v. 牺牲，舍身；献祭，供奉 n. 牺牲； 供奉； 祭品	The priest sacrificed a chicken.	牧师献祭了一只鸡。	同义：offering, victimization, immolate, martyr	同根：sacrificial 牺牲的；献祭的
illegal	/ɪˈligl/	adj. 不合法的， 非法的	illegal drugs	违禁药品	同义：unauthorized, unlawful, espionage, secret agent	
stimulate	/ˈstɪmjəˈlet/	vt. 刺激， 激励， 激发	Her interest in art was stimulated by her father.	她对艺术的兴趣是她父亲激发的。	同义：fan, power, motivate, needle	同根：stimulating 刺激的；有刺激性的；stimulated 受激的；stimulant 激励的；使人兴奋的
formal	/ˈfɔrml/	adj. 正式的， 礼仪上的	formal recognition of the reformed church	改革后的教会所获得的官方承认	同义：official, state, evening dress	同根：formalized 形式化的；正式的；formless 没有形状的；无定形的；形体不明的；formally 正式地；形式上
congratulate	/kənˈɡrætʃulet/	vt. 祝贺， 向…道喜	He never even stopped to congratulate me.	他甚至没有过来向我祝贺。	同义：celebrate, felicitate	同根：congratulatory 祝贺的；庆祝的；congratulation 祝贺；贺辞
rainbow	/ˈrenbo/	n. 虹， 彩虹	...silk and satin in every shade of the rainbow.	…如彩虹般五颜六色的丝绸与锦缎。	同义：fancy, fantasy, multicolour, pavonine	
soak	/sok/	v. 浸， 泡	Soak the clothes in cold water.	把衣服浸泡在冷水里。	同义：absorb, drink in, dip in, sink	同根：soaking 湿透的，极湿的；soaking 湿透地；soaking 浸湿，浸透
soar	/sɔr/	vi. 猛增， 剧增； 高飞， 升腾； 高涨； 高耸， 屹立	Her temperature soared.	她的体温骤然升高。	同义：rise, tower, rear, flying high	同根：soaring 翱翔的；高耸的；猛增的；soaring 高耸（soar的现在分词形式）；高飞；猛增
salesman	/ˈselzmən/	n. 售货员， 推销员	...an insurance salesman.	…一位男保险推销员。	同义：seller, runner	同根：salesmanship 推销；推销术；游说术；saleslady 女售货员
interference	/,ɪntɚˈfɪrəns/	n. 干涉， 干预， 阻碍	Industrial relations should be free from state interference.	劳资关系应不受政府干预。	同义：conflict, disturbance, war, obstacle	同根：interfering 干涉的；多管闲事的；interferon [生化][药] 干扰素；interferometer [光] 干涉仪；干涉计
fibre	/ˈfaibə/	n. 纤维， 纤维质	Fruit and vegetables are high in fibre content .	水果和蔬菜的纤维素含量很高。	同义：fiber, funicle	同根：fibrillate 有原纤维组织的；fiber 纤维；光纤（等于fibre）；fibrillation [医] 纤维性颤动，[生物] 原纤维形成
sustain	/səˈsten/	vt. 保持， 使持续下去； 供养， 维持； 支持， 支撑； 经受， 遭受	She found it difficult to sustain the children’s interest.	她发现很难保持孩子们的兴趣。	同义：maintain, undertake, support, accept	同根：sustainable 可以忍受的；足可支撑的；养得起的；sustained 持续的；持久的；持久不变的；sustainability 持续性；永续性；能维持性
altitude	/ˈæltɪtud/	n. 海拔， 高度； 高处	The aircraft had reached its cruising altitude of about 39,000 feet.	那架飞机已经达到了大约三万九千英尺的巡航高度。	同义：height, raise, elevation, rise	同根：altitudinal 高度的
critical	/ˈkrɪtɪkl/	adj. 决定性的； 批评的	He made some highly critical remarks.	他发表了一些严厉的批判性言论。	同义：dangerous, crucial, final, decisive	同根：critically 精密地；危急地；批评性地；用钻研眼光地；criticism 批评；考证；苛求；critic 批评家，评论家；爱挑剔的人
colony	/ˈkɑləni/	n. 殖民地； 侨居地， 聚居地； 群体， 集群	Algeria was formerly a French colony.	阿尔及利亚以前是法国的殖民地。	同义：settlements	同根：colonial 殖民地的，殖民的；colonist 殖民主义者的；奉行殖民主义的；colonialist 殖民主义者的
mathematics	/,mæθəˈmætɪks/	n. 数学	...a professor of mathematics at Boston College.	…一位波士顿大学的数学教授。	同义：arith	同根：mathematical 数学的，数学上的；精确的；mathematically 算术地，数学上地；math 数学（等于mathematics）
wagon	/ˈwægən/	n. 四轮马车， 大篷车； 铁路货车， 客货两用车	In the wagon.	在货车里。	同义：carriage, lorry	同根：wagoner 车夫；御夫座
penetrate	/ˈpɛnətret/	vt. 透入， 渗入， 进入； 刺穿； 洞察， 了解	bullets that penetrate thick armour plating	穿过厚装甲的子弹	同义：filter, permeate, sink, osmose	同根：penetrating 渗透的；尖锐的；有洞察力的；penetrable 可穿透的；可渗透的；penetration 渗透；突破；侵入；洞察力
principal	/ˈprɪnsəpl/	adj. 最重要的，主要的 n. 负责人， 校长； 资本， 本金； 主要演员， 主角	His principal reason for making the journey was to visit his family.	他那次旅程的首要目的是探访家人。	同义：president, client, party, headmaster	同根：principally 主要地；大部分；principalship 首要的地位、职务
tend	/tɛnd/	vi. 照管， 照料， 护理 vt. 易于，往往会；趋向，倾向	Sofia was in the bedroom tending to her son.	索菲娅在卧室里照料她的儿子。	同义：trend, affect, attend, attend	同根：tender 温柔的；柔软的；脆弱的；幼稚的；难对付的；tendentious 有偏见的，有倾向的；宣传性的；tendencious 宣传性的；有支持某种立场的倾向
exceedingly	/ɪkˈsidɪŋli/	adv. 极端地， 非常	Thank you. You’ve been exceedingly kind.	谢谢，你真是太好了。	同义：extremely, badly, highly, greatly	同根：exceeding 超越的；非常的；过度的；exceeding 超过；占优势（exceed的ing形式）；exceed 超过其他
specimen	/ˈspɛsəmən/	n. 样本， 标本， 样品	a blood specimen	血样	同义：pattern, swatch	
relief	/rɪˈlif/	n. 轻松， 宽慰； 缓解； 调剂， 消遣； 接替	I felt a huge surge of relief and happiness.	我如释重负，大感欣慰。	同义：comfort, almsgiving	同根：relieved 放心的；relievedly 宽慰地；relieved 减轻；解除（relieve的过去分词）
introduction	/,ɪntrəˈdʌkʃən/	n. 介绍， 引进； 引言	Pete, are you going to make the introductions?	皮特，你来作一下介绍吧。	同义：presentation, adoption	同根：introductory 引导的，介绍的；开端的；intro 介绍；简介；introduce 介绍；引进；提出；采用
process	/proˈsɛs/	n. 过程；制作法；程序 vt. 加工； 办理	the Israeli-Egyptian peace process	以－埃和平进程	同义：manufacture, cope with, going on, course	同根：procedural 程序上的；processible 适合加工的；可处理的；processional 游行的；列队行进的
philosopher	/fəˈlɑsəfɚ/	n. 哲学家， 哲人	Plato, Aristotle, and other Greek philosophers	柏拉图、亚里士多德和其他希腊哲学家	同义：wise man, rishi	同根：philosophic 哲学的；贤明的；philosophically 哲学上；贤明地；philosophy 哲学；哲理；人生观
restore	/rɪˈstɔr/	vt. 恢复， 使回复； 修复， 整修； 归还， 交还	She was hoping that the Mediterranean climate would restore her to full health.	她希望地中海的气候能使她的身体完全复原。	同义：replace, return, repair, recover from	同根：restorative 滋补的，有助于复元的；恢复健康的；restoration 恢复；复位；王政复辟；归还；restorative [药] 恢复药，滋补剂
therapy	/ˈθɛrəpi/	n. 治疗， 理疗	new drug therapies	新的药物疗法	同义：cure, medical treatment	同根：therapeutic 治疗的；治疗学的；有益于健康的；therapeutical 治疗的；治疗学的（等于therapeutic）；therapist 临床医学家；治疗学家
banner	/ˈbænɚ/	n. 横幅； 旗， 旗帜	The onlookers were shouting, cheering, and waving banners.	观众挥动着横幅，又是叫喊又是欢呼。	同义：slogan, oriflamme	
concentration	/ˈkɑnsnˈtreʃən/	n. 集中； 专注， 专心； 浓缩， 浓度	She needed all her powers of concentration to stop herself from slipping on the icy road.	她需要集中全部注意力才能不让自己在结冰的路上滑倒。	同义：thickness, compression, assembly, convergence	同根：concentrated 集中的；浓缩的；全神贯注的；concentrate 浓缩，精选；浓缩液；concentricity 同心；集中性
encounter	/ɪnˈkaʊntɚ/	vt. 遭遇，遇到 n. 遭遇	The doctor had encountered several similar cases in the past.	那位医生过去曾碰到过好几个类似病例。	同义：confront, bring up against, fell in with, lit on	
soda	/ˈsodə/	n. 碳酸钠， 纯碱； 汽水， 苏打水	a Scotch and soda	一杯加苏打水的苏格兰威士忌	同义：sodium carbonate decahydrate, carbonated water	
colleague	/ˈkɑliɡ/	n. 同事， 同僚	a colleague of mine from the bank	我在银行的一位同事	同义：brother, fellow, associate	
gratitude	/ˈɡrætɪtud/	n. 感激， 感谢， 感恩	Tears of gratitude filled her eyes.	她眼里充满感激的泪水。		
interaction	/,ɪntəˈrækʃən/	n. 相互作用， 干扰	The interaction between user and expert system arising from the expert system 's use.	使用专家系统而发生的用户和专家系统之间的交互作用。	同义：reciprocity, mutual effect	同根：interactive 交互式的；相互作用的；interactional 相互作用的；interact 幕间剧；幕间休息
chew	/tʃʊ/	vt. 咀嚼， 嚼碎	This meat’s so tough I can hardly chew it!	这肉太老了，我几乎嚼不动！	同义：mastication, quid, masticate, consider	同根：chewy 柔软而会黏着的；难嚼的
interfere	/,ɪntɚˈfɪr/	vi. 干涉， 干预， 妨碍	My daughter-in-law said that I was interfering, but I was only trying to help.	我的儿媳说我多管闲事，但我只是想帮忙。	同义：influence in, meddle in, impact, collide with	同根：interfering 干涉的；多管闲事的；interference 干扰，冲突；干涉；interferometer [光] 干涉仪；干涉计
uneasy	/ʌnˈizi/	adj. 心神不安的， 忧虑的	She eventually fell into an uneasy sleep.	她终于睡着了，但睡得并不踏实。	同义：uncomfortable, unstable	同根：uneasily 不自在地；不稳定地；心神不安地；uneasiness 不安；担忧；局促
tolerate	/ˈtɑləret/	vt. 忍受， 容忍； 容许， 承认	We simply will not tolerate vigilante groups on our streets.	我们决不容许有自行惩办犯罪的组织出现在我们的街头。	同义：stomach, go, stand, abide	同根：tolerant 宽容的；容忍的；有耐药力的；tolerantly 宽容地，容忍地；tolerance 公差；宽容；容忍；公差
developmental	/dɪ,vɛləpˈmɛntl/	adj. 发展的	the developmental stages of childhood	儿童时期的各个发育阶段	同义：growing, changing, evolutionary	同根：developed 发达的（国家或地区）；成熟的；developing 发展中的；development 发展；开发；发育；住宅小区（专指由同一开发商开发的）；[摄] 显影
stack	/stæk/	n. 堆，垛 vt. 堆积， 堆放于	stacks of dirty dishes	一摞摞脏盘子	同义：pile, bing, pile, heap up	同根：stacked 妖艳的；（女人）身材丰满匀称的；stacked 堆放（stack的过去分词）
underline	/ˈʌndəlaɪn/	vt. 在…下面画线； 强调， 使…突出	This tragic incident underlines the need for immediate action.	这一悲剧事件突显了立即采取行动的必要性。	同义：emphasize, stress, highlight	
innocent	/ˈɪnəsnt/	adj. 清白的； 幼稚的； 没有恶意的	Nobody would believe that I was innocent.	没人肯相信我是清白的。	同义：dark, empty, clear, simple	同根：innocently 纯洁地；无罪地；innocence 清白，无罪；天真无邪；innocency 天真行为；无罪
compassion	/kəmˈpæʃən/	n. 同情， 怜悯	I was shocked by the doctor’s lack of compassion .	我对这个医生如此缺乏同情心感到震惊。	同义：feeling, sympathy, pity, mercy	同根：compassionate 慈悲的；富于同情心的；compassionately 同情地；慈悲地；富有同情心地；compassionate 同情；怜悯
alphabet	/ˈælfəˈbɛt/	n. 字母表， 字母系统	The modern Russian alphabet has 31 letters.	现代俄语字母表有31个字母。	同义：ABC, rudiments	同根：alphabetical 字母的；[计] 依字母顺序的；alphabetic 字母的；照字母次序的；alphabetically 照字母顺序排列地
parliament	/ˈpɑrləmənt/	n. 议会， 国会	They demanded a free parliament and press.	他们要求议会自由和新闻自由。	同义：congress, house	同根：parliamentary 议会的；国会的；议会制度的；parliamentarian 议会的；parliamentarian 国会议员，熟练而又有经验的议员
crack	/kræk/	vi. 爆裂； 噼啪地响； 打， 击 n. 裂缝，裂纹；破裂声	Thunder cracked overhead.	雷声在头顶炸响。	同义：fracture, open up, fracture, come apart at the seams	同根：cracked 破裂的；声音嘶哑的；精神失常的；cracking 重大的；敏捷的；出色的；cracking 非常；极其
trim	/trɪm/	adj. 整齐的 vt. 使整齐	trim suburban gardens	修剪齐整的郊区花园	同义：shear, arrange, crop, cut to the bone	同根：trimly 整齐地，整洁地；trimming 整理；装饰品；配料；修剪下来的东西；trimmer 整理者；装饰者；机会主义者
dental	/ˈdɛntl/	adj. 牙齿的， 牙科的	Good oral hygiene and regular dental care are important, whatever your age.	无论年龄大小，良好的口腔卫生和定期的牙齿保健都非常重要。	同义：odontic	同根：dentist 牙科医生；dent 凹痕；削弱；减少；齿；denture 齿列，托牙；一副假牙
predictable	/prɪˈdɪktəbl/	adj. 可预料的	The snow had a predictable effect on traffic.	这场雪对交通造成的影响可以预见。	同义：divinable	同根：predictive 预言性的；成为前兆的；predictably 可预言地；prediction 预报；预言
diverse	/daɪˈvɝs/	adj. 不一样的， 相异的； 多种多样的	subjects as diverse as pop music and archaeology	像流行音乐和考古学这样各不相同的学科	同义：different, unlike, varying, another	同根：diversified 多样化的；各种的；diversely 不同地；各色各样地；diversity 多样性；差异
railway	/ˈrelwe/	n. 铁路	a railway company	铁路公司	同义：path, track, trajectory, orbit	同根：railroad 铁路；铁路公司；railcar 气动车，轨道车；railhead [铁路] 轨头；铁路末端
cube	/kjʊb/	adj. 清澈透明的 n. 立方形，立方	a sugar cube	一块方糖	同义：solid, die	同根：cubic 立方体的，立方的；cubical [数] 立方的；立方体的；体积的；cubist 立体派的；立体主义的
rally	/ˈræli/	v. 集合， 团结； 恢复， 重新振作 n. 集会；公路汽车赛	an attempt to rally support for the party	为政党争取支持的努力	同义：league, restore, assemble, fall in	
prime	/praɪm/	adj. 首要的；最好的 n. 青春；全盛时期 vt. 使准备好	Smoking is the prime cause of lung disease.	抽烟是引发肺部疾病的首要原因。	同义：greatest, major, elementary, central	同根：primary 主要的；初级的；基本的；primeval 原始的；初期的（等于primaeval）；prim 拘谨的；整洁的；呆板的
happen	/ˈhæpən/	vi. 发生； 碰巧， 恰好	When did the accident happen?	事故什么时候发生的？	同义：occur, proceed, chance	同根：haphazard 偶然的；随便的；无计划的；haphazard 偶然地；随意地；haphazardly 偶然地，随意地；杂乱地
festival	/ˈfɛstəvl/	n. 节日； 音乐节	Christmas is one of the main festivals in the Christian Calendar.	圣诞节是基督教历的重大节日之一。	同义：holiday, joy, celebration, cheerful	同根：festive 节日的；喜庆的；欢乐的；festal 节日的；喜庆的，欢乐的；festivity 欢庆，欢宴；庆典；欢乐
mild	/maɪld/	adj. 温柔的； 温暖的； 轻微的	We had an exceptionally mild winter last year.	去年冬天我们这里异常暖和。	同义：pacific, gentle, moderate, soft	同根：mildly 温和地，和善地；适度地；mildness 温和；温暖
profile	/ˈprofaɪl/	n. 侧面；人物简介；轮廓，形象；姿态，引人注目的状态 vt. 为…描绘； 写…的传略	Dani has a lovely profile.	达尼的侧面轮廓很好看。	同义：configuration, side, shell, outline	同根：profiling 压型；[机] 仿形切削；profiling 作断面图（profile的ing形式）
loyal	/ˈlɔɪəl/	adj. 忠诚的， 忠心的	a loyal supporter of the team	球队的忠实支持者	同义：loving, devoted, faithful	同根：loyally 忠诚地；诚实地；loyalty 忠诚；忠心；忠实；loyalist 忠诚的人；反对独立者
preference	/ˈprɛfrəns/	n. 喜爱， 偏爱； 偏爱的事物； 优先	Do you have a colour preference ?	你有什么颜色上的偏好吗？	同义：tendency, liability, priority, trend	同根：preferred 优先的；首选的；preferential 优先的；选择的；特惠的；先取的；preferentially 优先地；优惠地
impact	/ɪmˈpækt/	n. 影响， 作用， 冲击	The force of the impact knocked the breath out of her.	撞击力使她喘不过气来。	同义：affect, influence, reach, work on	同根：impacted 压紧的；结实的；嵌入的；（人口）稠密的；impactive 冲击的；有不良影响的；impaction 压紧；装紧；嵌入
dorm	/dɔrm/	n. 宿舍	My dorm always has the best parties.	我的宿舍总是有最好的派对。	同义：lodging house, lodging quarters	同根：dormitory 住宅区的；dormitory 宿舍，学生宿舍
whichever	/wɪtʃˈɛvɚ/	pron&adj. 无论哪个， 无论哪些	Letting taxes rise abruptly would hurt not only the recovery but also whichever party the electorate ended up blaming.	突然的增税不但会妨害经济复苏，而且无论哪个政党这样做都会受到选民指责。		
court	/kɔrt/	n. 法院， 法庭； 庭院； 宫廷； 球场	It could not be proved in a court of law.	这无法在法庭上证实。	同义：playfield, banc, invite, secure	同根：courtesy 殷勤的；被承认的；出于礼节的；courtly 尊严而有礼貌的；奉承的；有宫廷气派的，威严的；courtesy 礼貌；好意；恩惠
venture	/ˈvɛntʃɚ/	v. 冒险， 敢于 n. 风险投资，风险项目	When darkness fell, he would venture out.	天黑以后，他就会壮着胆子出去。	同义：dare to, be bold to, adventure, take a risk	同根：venturesome 冒险的；危险的；好冒险的；venturous 不顾一切的；好冒险的；大胆的；vent （感情的）发泄；出口；通风孔
mill	/mɪl/	v. 磨， 碾 n. 磨坊；碾磨机；制造厂，工厂	All our flours are milled using traditional methods.	我们所有的面粉全是用传统方法碾磨的。	同义：factory, plant, work, mix round	同根：milled 磨碎的；滚花的；铣成的；milling 磨；制粉；轧齿边；miller 磨坊主；碾磨工；蛾
bucket	/ˈbʌkɪt/	n. 水桶， 吊桶； 铲斗	We drew water in a bucket from the well outside the door.	我们用水桶从门外的井里提水。	同义：barrel, pail, pour down	同根：bucketful 满桶；一桶之量
senior	/ˈsinɪɚ/	adj. 资格较老的，地位较高的；年长的 n. 较年长者； 毕业班学生	the senior Democrat on the House committee	众议院委员会中的资深民主党人	同义：older, advanced, high, superior officer	同根：seniority 长辈；老资格；前任者的特权
dose	/dos/	n. 剂量， 用量， 一剂	I quite like Jamie in small doses (= in limited amounts but not a lot or often ) .	如果偶尔在一起的话，我还是蛮喜欢杰米的。	同义：dosage, potion, take medicine, physic	同根：dosage 剂量，用量；dosing 定量给料，配量；精密分注；dosimetry [临床] 剂量学；放射量测定
route	/raʊt/	n. 路线， 路程	the most direct route home	最直接的回家路线	同义：door, vector, exit, channel	
enthusiasm	/ɪnˈθuzɪæzəm/	n. 热情， 热心， 热忱； 巨大兴趣	Gillian and Darren greeted the speakers with great enthusiasm.	吉利恩和达伦非常热情地接待了演讲者。	同义：passion, flame, fire, warmth	同根：enthusiastic 热情的；热心的；狂热的；enthusiastically 热心地；满腔热情地
flexible	/ˈflɛksəbl/	adj. 易弯曲的， 灵活的	We can be flexible about your starting date.	你具体从哪天开始，我们可以灵活一点。	同义：elastic, pliable	同根：flex 弹性工作制的；flexile 可弯曲的；柔韧的；可变通的；flexuous 动摇不定的；弯曲的；波状的；[生物] 之字形的；不稳定的
adult	/ˈædʌlt/	adj. 成年的； 成年人的， 适宜于成年人的 n. 成年人	an adult lion	一头成年的狮子	同义：developed, grown, mature, major	同根：adulthood 成年；成人期
relative	/ˈrɛlətɪv/	adj. 有关系的，相对的 n. 亲属， 亲戚	The relative merits of both approaches have to be considered.	两种方法的相对优点都得考虑在内。	同义：opposing, proportional, kin, belongings	同根：related 有关系的，有关联的；讲述的，叙述的；relational 相关的；亲属的；relativistic 相对的；相对论的
organ	/ˈɔrɡən/	n. 器官； 机构； 管风琴； 新闻媒介	the decision-making organs	决策机关	同义：machinery, apparatus, voice, house	同根：organic [有化] 有机的；组织的；器官的；根本的；organised 有组织的；组织起来的（等于organized）；organismal 生物的；有机体的
treatment	/ˈtritmənt/	n. 待遇； 治疗， 疗法； 对待， 处理	Just lately, Kyra has been giving me the silent treatment (= refusing to speak to me because she is angry with me ) .	就在最近，凯拉一直对我不理不睬。	同义：therapy, transactions, settlement, disposal	同根：treat 请客；款待；treater [化工] 处理器；精制器；treat 探讨；请客；协商
pluralism	/ˈplʊər(ə)lɪz(ə)m/	n. 多重性； 兼职， 兼任	a nation characterized by cultural pluralism	以多元文化为特色的国家	同义：additional post	同根：pluralist 兼职者；多元论者；兼管数个教堂者
influential	/,ɪnfluˈɛnʃl/	adj. 有影响的； 有权势的	He had influential friends.	他有一些有影响力的朋友。	同义：mighty, predominant	同根：influentially 有影响地；有力地；influence 影响；势力；感化；有影响的人或事；influence 影响；改变
shiver	/ˈʃɪvɚ/	n&vi. 战栗， 颤抖	Jake stood shivering in the cold air.	大冷天里，杰克站着冻得瑟瑟发抖。	同义：chip, debris, quake, judder	同根：shivering 颤抖的；shivery 颤抖的；寒冷的；令人毛骨悚然的；shivering 颤抖；小片
Bible	/ˈbaɪbl/	n. 圣经	...a publisher of bibles and hymn books.	…一家《圣经》册本和圣歌集出版商。		
liquor	/ˈlɪkɚ/	n. 酒， 烈性酒	The room was filled with cases of liquor.	房间里满是一箱箱的烈性酒。	同义：solution, fluid, wine, knock over a drink	同根：liquid 液体的；清澈的；明亮的；易变的；liquid 液体，流体；流音
honourable	/ˈɔnərəbl/	adj. 光荣的； 可敬的； 正直的	My father didn’t think acting was an honorable profession.	我父亲认为当演员不是受人尊敬的职业。	同义：straight, square, just	同根：honored 受尊敬的；已承兑或付款的；honorary 荣誉的；名誉的；道义上的；honorific 尊敬的；敬称的
transparent	/trænsˈpærənt/	adj. 透明的； 易识破的； 明显的， 清楚的	a transparent plastic container	透明的塑料容器	同义：apparent, honest, decided, crystal	同根：transparently 显然地，易觉察地；明亮地；transparency 透明，透明度；幻灯片；有图案的玻璃；transparence 透明；透明度
interior	/ɪnˈtɪrɪɚ/	adj. 内部的；内地的 n. 内部	The interior walls are all painted white.	室内墙壁都粉刷成了白色。	同义：essence, principle, texture, entity	同根：interiorize 使看法深入内心；使成内景
rouse	/raʊz/	vt. 惊起； 唤起； 唤醒	His banging roused the neighbours.	他重重的关门声把邻居都吵醒了。	同义：arouse, wake sb. up, wake up, waken up	同根：rousing 活泼的；使奋起的；使感动的；rouser 激励者；唤醒者；rousing 唤醒；激怒；唤起（rouse的ing形式）
journal	/ˈdʒɝnl/	n. 日报， 杂志， 日志	the British Medical Journal	《英国医学杂志》	同义：magazine, diary	同根：journalist 新闻工作者；报人；记日志者；journalism 新闻业，新闻工作；报章杂志
grasp	/ɡræsp/	vt. 抓紧，握紧；理解 n. 抓； 理解	I grasped his arm firmly and led him away.	我紧紧抓住他的胳膊把他带走。	同义：control, understanding, comprehension, guiding	同根：grasping 贪婪的；紧紧抓住的；graspable 可抓住的；能理解的；grasping 理解，领会（grasp的现在分词形式）；抓紧，抓牢
involvement	/ɪnˈvɔlvmənt/	n. 连累； 包含	School officials say they welcome parental involvement.	校方说他们欢迎学生父母参与。	同义：containing, chaos, disorder, confusion	同根：involved 有关的；卷入的；复杂的；involved 涉及；使参与；包含（involve的过去式和过去分词）；involve 包含；牵涉；使陷于；潜心于
spark	/spɑrk/	vi. 发出火花 n. 火花，火星	The wires were sparking above me.	电线正在我头顶上方冒火花。	同义：A FRAME, scintilla, stimulate, launch	同根：sparkling 闪闪发光的，闪烁的；起泡沫的；sparker 电火花器；点火线圈；[海洋] 电火花震源；火花捕捉器；sparkling 闪耀；发出火花；起泡沫（sparkle的ing形式）
unlike	/ˈʌnˈlaɪk/	adj. 不同的 prep. 不像…	Now I see that, unlike her, they were my positive models.	现在我知道了，那些人不像她，他们是我的正面的表率。	同义：different, diverse, varying, another	同根：unlikely 不太可能的；没希望的；unlikely 未必；unlikelihood 不可信；未必有；不大可能的事
assembly	/əˈsɛmbli/	n. 立法机构； 议会； 集合； 集会的人们； 装配， 组装	the General Assembly of the Church of Scotland	苏格兰长老会大会	同义：concentration, convergence, fishing, set	同根：assembled 组合的；安装的；assembling 装配的；组合的；assembling 装配；[计] 汇编
hearing	/ˈhɪrɪŋ/	n. 听力， 听觉； 听力所及之距离； 意见听取会； 申辩的机会	a child with a hearing disability	有听力障碍的儿童	同义：trial, aural comprehension, earring	同根：hearable 听得见的；中听的；hearer 听者；旁听人；hear 听；听见
acquisition	/,ækwɪˈzɪʃən/	n. 取得， 获得， 习得； 获得物， 增添的人	the acquisition of language	语言的习得	同义：getting, procurement, winning	同根：acquisitive 贪得的；想获得的；可学到的；有获得可能性的
volcano	/vɑlˈkeno/	n. 火山	Pompeii was destroyed when the volcano erupted in 79 AD.	庞贝城于公元79年在火山爆发中毁灭。		同根：volcanic 火山的；猛烈的；易突然发作的；volcanically 火山似地；猛烈地；volcanic 火山岩
rigid	/ˈrɪdʒɪd/	adj. 严格的； 死板的； 刚硬的， 僵硬的	rigid and authoritarian methods of education	死板、专断的教育方法	同义：strict, precise, wooden, accurate	同根：rigorous 严格的，严厉的；严密的；严酷的；rigidly 严格地；坚硬地；严厉地；牢牢地；rigidity [物] 硬度，[力] 刚性；严格，刻板；僵化；坚硬
deadline	/ˈdedlaɪn/	n. 最后期限	I’m always working under pressure to meet deadlines (= finish something on time ) .	我总是在赶工期的压力下工作。		
so-called	/,soˈkɔld/	adj. 所谓的， 号称的	The so-called experts couldn’t tell us what was wrong.	那些所谓的专家说不出问题出在哪里。	同义：alleged	
grateful	/ˈɡretfl/	adj. 感激的； 令人愉快的	Our grateful thanks go to all who participated.	我们衷心感谢所有参与者。	同义：pleasant, lovely, thankful	同根：gratefully 感激地；感谢地；gratefulness 感激，感恩
chip	/tʃɪp/	n. 屑片， 碎片； 炸土豆条； 集成电路片， 集成块； 缺口， 瑕疵	the age of the silicon chip	芯片时代	同义：pele, whittle, shell, flake off	同根：chipper 爽朗的；活泼的；chipping 破片；碎屑；chipper 削片机；凿子；削东西的人；唧唧喳喳
chin	/tʃɪn/	n. 颏， 下巴	He rubbed his chin thoughtfully.	他若有所思地抚摸着下巴。	同义：chat, jaw, visit, dish	同根：chinless 无下颚的；优柔寡断的
emotional	/ɪˈmoʃənl/	adj. 感情的， 情绪的	She provided emotional support at a very distressing time for me.	在我非常痛苦的时候，她是我的情感支柱。	同义：excitable, nervy	同根：emotive 感情的；情绪的；表现感情的；emotionless 没有情感的；不露情感的；emotionally 感情上；情绪上；令人激动地；情绪冲动地
operational	/ˈɑpəˈreʃənl/	adj. 运转的； 可使用的； 操作上的	The boat should be operational by this afternoon.	今天下午这艘船应该可以使用了。	同义：handling, working	同根：operating 操作的；[外科] 外科手术的；operative 有效的；运转着的；从事生产劳动的；operant 操作的；有效的
staff	/stæf/	n. 工作人员；参谋 vt. 为…配备人员	10 staff were allocated to the task.	10名员工被分派做这项任务。	同义：rod, bar	同根：staffer 职员；编辑；采访记者
involve	/ɪnˈvɑlv/	vt. 使卷入， 牵涉； 包含， 含有	What will the job involve?	这份工作包括什么？	同义：contain, comprise	同根：involved 有关的；卷入的；复杂的；involvement 牵连；包含；混乱；财政困难；involved 涉及；使参与；包含（involve的过去式和过去分词）
noticeable	/ˈnotɪsəbl/	adj. 显而易见的	Alcohol has a noticeable effect on the body.	酒精对身体有明显的影响。	同义：obvious, prominent, remarkable, marked	同根：noted 著名的；显著的；附有乐谱的；noteworthy 值得注意的；显著的；noticeably 显著地，明显地；引人注目地
assemble	/əˈsɛmbl/	v. 集合， 召集； 装配	A large crowd had assembled outside the American embassy.	一大群人聚集在美国大使馆外。	同义：aggregate, fall in, concentrate, collect	同根：assembled 组合的；安装的；assembling 装配的；组合的；assembly 装配；集会，集合
blast	/blæst/	n. 爆炸，冲击波；一阵 vt. 炸	250 people were killed in the blast.	250人在这次大爆炸中丧生。	同义：detonation, burst, tear into, charge at	同根：blasted 枯萎的；被害的；被咒的；blasting 爆炸；破坏；由爆破而产生的碎石块；枯萎；blaster 导火线，爆裂药；爆破工
series	/ˈsɪriz/	n. 一系列， 连续； 丛书， 连续剧	the series of events that led to the outbreak of war	导致战争爆发的一系列事件	同义：succession, progression	同根：serially 连续地；连载地；serialize 连载，使连续；serialise 连载；使…连续
complicated	/ˈkɑmplɪketɪd/	adj. 复杂的， 难懂的	a complicated voting system	复杂的选举制度	同义：involved, detailed, sophisticated, elusive	同根：complication 并发症；复杂；复杂化；混乱；complicate 使复杂化；使恶化；使卷入
maximum	/ˈmæksəməm/	adj. 最大的， 最高的， 顶点的 n. 最大量，顶点	The car has a maximum speed of 120 mph.	这辆汽车的最高时速为120英里。	同义：ceiling amount, highest, supreme, peak	同根：maximal 最高的，最大的；最全面的；maximally 最大地；最高地；maximization [数] 极大化，最大化
thrive	/θraɪv/	vi. 兴旺， 繁荣， 旺盛	plants that thrive in tropical rain forests	在热带雨林蓬勃生长的植物	同义：succeed, flower	同根：thriving 繁荣的；蒸蒸日上的；旺盛的；thriving 兴旺（thrive的ing形式）
purse	/pɝs/	n. 钱包， 女用小提包	Julie opened her handbag and took out her purse.	朱莉打开手袋，拿出钱包。	同义：bag, wallet, rivel	同根：pursy 皱起的；肥胖的
represent	/,rɛprɪˈzɛnt/	vt. 作为…的代表； 表示， 象征； 描绘， 表现	Mr Kobayashi was chosen to represent the company at the conference.	小林先生被选中代表公司出席会议。	同义：conduct oneself, bear oneself, trace, figure	同根：representative 典型的，有代表性的；代议制的；representational 代表的；具象派的；representable 能被代表的；能上演的；能被描绘的
dialect	/ˈdaɪəˈlɛkt/	n. 方言， 土语， 地方话	the local dialect	当地方言	同义：patois, provincialism	同根：dialectic 辩证的；辩证法的；方言的；dialectical 辩证的；辩证法的；方言的；dialectal 方言的；乡音的
accountant	/əˈkaʊntənt/	n. 会计人员， 会计师	Do you want me to invite your accountant to this meeting?	你想让我把你的会计师也邀请到会议里么？		同根：accounting 会计，会计学；帐单；accountancy 会计工作；会计学；会计师之职；accountantship 会计职务
stocking	/ˈstɑkɪŋ/	n. 长袜	Santa Claus fills each stocking with presents on Christmas Eve.	在平安夜，圣诞老人用礼物装满每个长袜子。 。		同根：stockinged 穿袜的；穿袜而未穿鞋的
dip	/dɪp/	v. 蘸，浸 n. 游一会儿泳	Dip each apple in the syrup until thickly coated.	把每个苹果在糖浆里蘸一下，直到被厚厚地裹上糖浆。	同义：steep, dunk, decline, pitch	同根：dipper 长柄勺；浸染工；[鸟] 河鸟
recreational	/,rɛkriˈeʃənəl/	adj. 休养的； 娱乐的	...parks and other recreational facilities.	…公园及其它娱乐设施。	同义：sportful	同根：recreation 娱乐；消遣；休养；recreate 娱乐；消遣；recreate 再创造；使得到娱乐/消遣
faculty	/ˈfæklti/	n. 才能， 能力； 系， 科； 全体教员	Both faculty and students oppose the measures.	教师和学生都反对这些措施。	同义：ability, capacity, competence, department	
trail	/trel/	n. 痕迹，小径 vt. 跟踪， 追踪	The trail led over Boulder Pass before descending to a lake.	小路越过博尔德山口，然后向下通往湖边。	同义：trace, pull, mark, track	同根：trailing 后面的；拖尾的；牵引的；被拖动的；蔓延的；trailer 拖车；[电视] 预告片；追踪者；trailing 拖尾；泥浆彩饰
passport	/ˈpæspɔrt/	n. 护照	I have an Irish passport.	我持爱尔兰护照。	同义：protection, instrument, shift, road	
prior	/ˈpraɪɚ/	adj. 在前的； 优先的	You do not need any prior knowledge of the subject.	你无需事先具备该方面的知识。	同义：preferred, underlying, before, antecedently	同根：priority 优先；优先权；[数] 优先次序；优先考虑的事；prioritize 把事情按优先顺序排好；prioritize 把…区分优先次序
considerate	/kənˈsɪdərɪt/	adj. 考虑周到的， 体贴的， 体谅的	I think he's the most charming, most considerate man I've ever known.	我觉得他是我所认识的最有魅力、最体贴的男士。	同义：thoughtful, wary	
clue	/klʊ/	n. 线索， 暗示， 提示	Police have found a vital clue .	警方发现了至关重要的线索。	同义：action, plot, scenario	同根：clueless 无线索的；愚蠢的
legal	/ˈligl/	adj. 法律的； 合法的	What the company has done is perfectly legal.	公司所做的这一切完全合法。	同义：legitimate, lawful	同根：legally 合法地；法律上；legality 合法；合法性；墨守法规；legalization [法] 合法化；法律认可
bracket	/ˈbrækɪt/	n. 括号 vt. 把…归为同一类	I think you should bracket this word.	我认为你应该给这个字加上括号。	同义：rest, supporting stand, eliminate, exclude	
highway	/ˈhaɪwe/	n. 公路， 大路	Interstate Highway 75	75号州际公路	同义：high road, chaussee	同根：highroad 公路；最容易的途径；highwayman 拦路强盗；公路响马
vanish	/ˈvænɪʃ/	v. 突然不见， 消失； 不复存在， 绝迹	My keys were here a minute ago but now they’ve vanished.	我的钥匙刚刚还在这里，现在却不翼而飞了。	同义：disappear, blank, unmake	同根：vanishing 消没的；vanishingly 难以察觉地；消遁似地；趋于零地；vanishing 消失
signal	/ˈsɪgnl/	adj. 显著的， 重大的 n. 信号，暗号；标志，表示 vt. 发信号；标志着	He pressed the red alarm signal to see if it was on or off.	他按了一下红色报警信号钮，检查一下它是开著的还是关著的。	同义：high sign, alarm-word, mark, obvious	同根：signed 有符号的；已签字的；有正负之分的；signally 显著地；突出地；非凡地；sign 迹象；符号；记号；手势
sightseeing	/ˈsaɪtsiɪŋ/	n. 观光， 游览	She swam and sunbathed, went sightseeing and relaxed.	她游泳，晒日光浴，观光，放松。	同义：tourism, pleasure trip, visiting, touring	同根：sightseer 观光者；游客
parcel	/ˈpɑrsl/	n. 包裹，小包，邮包 vt. 分， 分配； 把…包起来， 捆扎	The parcel was delivered last week.	那个邮包上周送到了。	同义：package, bindle, package, enlace	同根：parceling 缠包帆布条；打包；parceling 把…划成部分后分配；把…作成包裹（parcel的ing形式）
static	/ˈstætɪk/	adj. 静的，静态的；静止的，停滞的 n. 静电	The number of young people obtaining qualifications has remained static or decreased.	获得各种资格证书的年轻人的数量一直保持不变或者已经减少。	同义：electrostatic, franklinic	同根：statically 静态地；静止地；statics [力] 静力学
journey	/ˈdʒɝ​nɪ/	vi. 旅行 n. 旅行，旅程	They left the town and journeyed south.	他们离开小镇，去南方旅行。	同义：tour, trip, travel, have a trip	
planet	/ˈplænɪt/	n. 行星	The picture shows six of the nine planets in the solar system.	这张图片展示太阳系9个行星中的6个行星。		同根：planetary 行星的；planetesimal 星子的；星子组成的；小行星体的；planetesimal 小行星体；星子
finally	/ˈfaɪnlɪ/	adv. 最后； 决定性地	After several delays we finally took off at six o’clock.	几经耽搁后，我们终于在六点起飞了。	同义：eventually, ultimately, lastly	同根：final 最终的；决定性的；不可更改的；final 决赛；期末考试；当日报纸的末版；finale 结局；终曲；最后一场；最后乐章；尾声
exhaust	/ɪɡˈzɔst/	vt. 使筋疲力尽；用尽；详尽论述 n. 排气装置； 废气	A full day’s teaching exhausts me.	讲一整天课令我精疲力竭。	同义：issue, drain out, air out, air discharge	同根：exhausted 疲惫的；耗尽的；exhaustive 详尽的；彻底的；消耗的；exhausting 使筋疲力尽的；使耗尽的
creep	/krip/	vi. 爬行， 缓慢地行进	He crept back up the stairs, trying to avoid the ones that creaked.	他蹑手蹑脚地回楼上，尽量避开那些嘎吱作响的梯级。	同义：to spread, to extend, toadeater, kiss-ass	同根：creepy 令人毛骨悚然的；爬行的；creeping 爬行的；迟缓的；毛骨悚然的；奉承的；creeping 爬行
strap	/stræp/	n. 带子 vt. 捆扎； 用绷带包扎	a bra strap	胸罩肩带	同义：restrict, hold in, belt, band	同根：strapping 魁梧的；高大健壮的；strapless 无带的；无背带的；无肩带的；strapping 鞭打；皮带材料；裹伤胶带
grape	/ɡrep/	n. 葡萄， 葡萄藤	a bunch of grapes	一串葡萄	同义：wine, Vitis vinifera	同根：grapy 葡萄的；似葡萄的；由葡萄制成的；有葡萄（酒）味的
conviction	/kənˈvɪkʃən/	n. 确信； 坚定的信仰； 说服， 信服； 定罪， 判罪	It was a reasonable explanation, but his voice lacked conviction .	这解释合情合理，只是他的语气不坚定。	同义：assurance, damningness	同根：convict 罪犯；convict 证明…有罪；宣告…有罪
scholar	/ˈskɑlɚ/	n. 学者； 奖学金获得者	a Shakespearean scholar	研究莎士比亚的学者	同义：student, academic	同根：scholarly 博学的；学者风度的；学者派头的；scholastic 学校的；学者的；学术的（等于scholastical）；scholarship 奖学金；学识，学问
straw	/strɔ/	n. 稻草； 麦秆吸管， 吸管	She sipped her lemonade through a straw.	她用吸管吸着柠檬水。	同义：halm, haulm, worthless, fourth-rate	
regarding	/rɪˈɡɑrdɪŋ/	prep. 关于	Regarding your recent inquiry, I have enclosed a copy of our new brochure.	关于你最近的咨询，我随信附上一本我们最新的手册。	同义：concerning, about, in the case of, with reference to	
graph	/ɡræf/	n. 图， 图表	Martin showed me a graph of their recent sales.	马丁给我看了他们最近销售情况的图表。	同义：chart, diagram	同根：graphic 形象的；图表的；绘画似的；graphically 生动地；活灵活现地；用图表表示；轮廓分明地；graphics [测] 制图学；制图法；图表算法
vision	/ˈvɪʒən/	n. 想象力； 梦幻； 视力， 视觉	She suffered temporary loss of vision after being struck on the head.	她头部受撞击以后出现暂时性失明。	同义：sight, imagination, eye, seeing	同根：visual 视觉的，视力的；栩栩如生的；visible 明显的；看得见的；现有的；可得到的；visionary 梦想的；幻影的
petrol	/ˈpɛtrəl/	n. 汽油	unleaded petrol	无铅汽油	同义：gasoline, gas	
acceptance	/əkˈsɛptəns/	n. 接受； 承认； 容忍	He wrote a letter of acceptance (=  a letter in which you agree to accept a job, university place etc  ) to the university.	他给那所大学写了一封接受函。	同义：receiving, adoption	同根：acceptable 可接受的；合意的；可忍受的；accepted 公认的；录取的；可接受的；已承兑的；accepting 承兑的；易接受的；赞同的
relativity	/,rɛləˈtɪvəti/	n. 相对论； 相关性	They teach the relativity of all ethical ideas.	他们宣扬一切道德观念的相对性。	同义：relative theory, pertinency	同根：relative 相对的；有关系的；成比例的；related 有关系的，有关联的；讲述的，叙述的；relational 相关的；亲属的
beneficial	/,bɛnɪˈfɪʃl/	adj. 有利的， 有益的	a drug that has a beneficial effect on the immune system	有益于免疫系统的一种药物	同义：helpful, useful, favorable, advantageous	同根：benefic 有益的；beneficially 受益地；获利地；有使用权地；benefit 利益，好处；救济金
tackle	/ˈtækl/	vt. 对付，处理；与…交涉；阻截，擒抱 n. 阻截， 擒抱； 用具， 钓具； 辘轳， 滑车	There is more than one way to tackle the problem.	解决这个问题不止一个办法。	同义：equipment, tool, arm, setup	同根：tacking 定位焊；紧钉；顶风转向；tackler 做抓和揪动作的人；阻截队员；抱住并摔倒对方抱球队员者；tacking 固定住；暂时缝上；附加；改变航向（tack的ing形式）
reckon	/ˈrɛkən/	vt. 认为， 估计； 指望， 盼望； 测算， 测量	‘There’s nothing we can do about it.’ ‘You reckon (= used to express doubt or disagreement ) ?’	“这件事我们无能为力。”“是吗？”	同义：expect, feel, find, cast	同根：reckoning 计算；清算；算帐；reckoner 计算手册；计算者；清算人；reckoning 计算；认为；指望（reckon的ing形式）
confusion	/kənˈfjʊʒən/	n. 困惑， 糊涂； 混淆； 骚乱	To avoid confusion, the teams wore different colours.	为了避免混淆，各队穿着不同颜色的服装。	同义：chaos, disorder, involvement, mix	同根：confused 困惑的；混乱的；糊涂的；confusing 混乱的；混淆的；令人困惑的；confusable 可能被混淆的；可能被弄糊涂的
occasion	/əˈkeʒn/	n. 场合，时刻；重大活动；时机；起因 vt. 引起	She had met Zahid on two separate occasions.	她遇到过扎希德两次。	同义：opportunity, chance, opening, sake	同根：occasional 偶然的；临时的；特殊场合的
loan	/lon/	n&v. 贷款， 借	I had to take out a loan to buy my car.	我只得贷款买车。	同义：debt, credit, borrowing, borrow	
virtual	/ˈvɝ​tʃʊəl/	adj. 实质上的， 事实上的， 实际上的	Argentina came to a virtual standstill while the game was being played.	阿根廷在比赛进行期间全国上下事实上进入了停顿状态。	同义：valid, available, effective, telling	同根：virtually 事实上，几乎；实质上
squeeze	/skwiz/	v. 挤；压榨，榨取；捏，握 n. 挤； 握手； 拮据， 紧缺	She smiled as he squeezed her hand.	他捏了捏她的手，她笑了。	同义：force one's way, thread one's way, compression, commission	同根：squeezing 挤压的；压榨的；squeezable 可压缩的；可压榨的；squeezing 压榨；推挤；挤出酌；轧水
blank	/blæŋk/	adj. 空白的；茫然的，无表情的 n. 空白； 空白表格	Leave the last page blank .	最后一页留空。	同义：flat, vacant, gap, vacancy	同根：blankly 茫然地；毫无表情地；茫然若失；blankness 空白；空虚；单调
landlord	/ˈlændlɔrd/	n. 地主， 房东； 店主	His landlord doubled the rent.	他的房东把房租提高了一倍。	同义：boss, employer	同根：landlady 女房东；女地主；女店主；landowner 地主，土地所有者；landholder 地主；土地拥有者
session	/ˈsɛʃən/	n. 会议， 一届会期； 集会	Board members met in closed session (= with nobody else present ) .	委员会成员举行了闭门会议。	同义：meeting, congress, term, sitting	
worthy	/wɜði/	adj. 有价值的， 值得的	Leeds United were worthy winners of the competition.	利兹联队是比赛当之无愧的获胜者。	同义：valuable, matching, out-and-outer, dilly	同根：worth 值…的；worthwhile 值得做的，值得花时间的；worthless 无价值的；不值钱的；卑微的
expectation	/,ɛkspɛkˈteʃən/	n. 期待， 期望， 预期； 前程， 成功的前景	Having raised expectations (= made people more hopeful ), he went on to help only a few people.	他唤起了大家的希望，但接着只是帮助了几个人。	同义：Prospects, looking forward to, be	同根：expectant 期待的；怀孕的；预期中的；expectable 能预期的；意料中的；expectantly 期望地，期待地
title	/ˈtaɪtl/	n. 标题， 题目； 称号， 头衔； 权利， 权益	"Patience and Sarah" was first published in 1969 under the title "A Place for Us."	《耐心与萨拉》于1969年以《我们的地方》为书名首次出版。	同义：rights, champion, honor, first	同根：titled 有头衔的；有标题的；titled 加标题于；授予…称号（title的过去分词）
mist	/mɪst/	v. 蒙上薄雾； 模糊 n. 薄雾	The windows misted, blurring the stark streetlight.	窗户蒙上了一层水汽，使得明亮的街灯模糊了。	同义：gauze, fog, fog, obfuscate	同根：misty 模糊的；有雾的；mistily 雾浓地；朦胧地，不清楚地；mistiness 模糊；雾浓；朦胧
primarily	/praɪˈmɛrəli/	adv. 首先； 主要地	The advertisement is aimed primarily at children.	这则广告的对象主要是儿童。	同义：firstly, basically, mainly, mostly	同根：primary 主要的；初级的；基本的；prime 主要的；最好的；基本的；primal 原始的；主要的；最初的
plantation	/plænˈteʃən/	n. 种植园， 人工林	a rubber plantation	橡胶园	同义：settlement, colonization	同根：plant 工厂，车间；植物；设备；庄稼；planter 种植机，[农机] 播种机；种植者；种植园主；耕作者；殖民者；planting 栽培，种植；花圃
ignore	/ɪɡˈnɔr/	vt. 不顾， 不理， 忽视	You can’t ignore the fact that many criminals never go to prison.	你不能无视很多罪犯从未获刑的事实。	同义：neglect, pass sb by	同根：ignored 被忽视的；被忽略的；ignorantly 无知地；不学无术地；ignorance 无知，愚昧；不知，不懂
loaf	/lof/	vi. 游荡， 闲逛 n. 面包	There were always a lot of men loafing in the shop.	总有许多人在商店里闲逛。	同义：bar, piece, block, mass	同根：loafer 游手好闲的人；拖鞋
nuclear	/ˈnuklɪɚ/	adj. 核子的， 核能的， 核武器的； 核心的	France’s reliance on nuclear energy	法国对核能的依赖	同义：central, atomic	同根：nucleonics 核子学；原子核物理学
reception	/rɪˈsɛpʃən/	n. 招待会， 欢迎会； 接受； 接待； 接收效果	She was unsure of her reception after everything that had happened.	发生了这些事后，她对自己是否还受欢迎没把握。	同义：reaction, response, behavior	同根：received 被一般承认的；被认为标准的；receptive 善于接受的；能容纳的；receptively 容纳地；感受
outward	/ˈaʊtwɚd/	adj. 外面的； 外表的； 向外的	The economy and outward appearance of the area have changed considerably.	该地区的经济和面貌发生了很大的变化。	同义：outer, outside, external, material	同根：out 外面的；出局的；下台的；outer 外面的，外部的；远离中心的；outing 远足适用的
bloody	/ˈblʌdi/	adv. [用于加强语气]非常，很 adj. [用于加强语气]非常的；该死的；流血的；嗜杀的 vt. 血染	It serves you bloody well right.	你实在是活该。	同义：intense, cruel, greatly, quite	同根：bleeding 流血的；同情的；blooded 血统优良的；有血的；bloodthirsty 嗜杀的；残忍的
poetry	/ˈpoətri/	n. 诗， 诗歌， 诗集	He reads a lot of poetry.	他大量阅读诗歌。	同义：poem, verse	同根：poetic 诗的，诗歌的；诗意的；诗人的；poetically 用韵文；有诗意地；poetic 诗学，诗论
owner	/ˈonɚ/	n. 物主， 所有人	He was now the proud owner of a bright red sports car.	他现在拥有了一辆亮红色跑车，很是自豪。	同义：proprietor	同根：own 自己的；特有的；ownerless 无主的；own 自己的
vapour	/ˈvepɚ/	n. 蒸汽	water vapour	水蒸气		同根：vaporous 空想的；多蒸气的；雾状的；vaporish 似蒸气的；模糊的；忧郁病的；vapourous 汽化的；气态
sole	/sol/	adj. 单独的， 唯一的 n. 脚底，鞋底，袜底	the sole American in the room	房间里唯一的美国人	同义：elements, basis, foundation, base	同根：soled …底的（常用以构成复合词）；solely 单独地，唯一地；soled 给…上底（sole的过去分词）
jury	/ˈdʒʊri/	n. 陪审团； 评奖团	the members of the jury	陪审团成员	同义：quick-fix, lash-up	同根：juror 审查委员，陪审员；juryman 陪审员；jurywoman 女陪审员
holy	/ˈholi/	adj. 神圣的， 圣洁的， 虔诚的	the holy city of Varanasi	圣城瓦拉纳西		同根：holiness 神圣；圣座（大写，对教宗等的尊称）
spelling	/ˈspɛlɪŋ/	n. 拼字， 拼法， 拼写法	Her spelling has improved.	她的拼写进步了。	同义：beguiling	同根：spellbound 被咒语所镇住的；出神的；被迷住的；茫然不知所之的；spell 符咒；一段时间；魅力；spelt 斯佩耳特小麦
relax	/rɪˈlæks/	v. 放松， 松弛； 放宽， 缓和	I just want to sit down and relax.	我只想坐下来休息一下。	同义：lighten up, ease down, rest, lighten up	同根：relaxed 松懈的，放松的；悠闲的，自在的；不严格的，不拘束的；relaxant 放松的，[医] 弛缓的；relaxation 放松；缓和；消遣
priest	/prist/	n. 神父， 牧师	He had trained to be a Catholic priest.	他接受培训成了一名天主教神父。	同义：minister, father, preacher	同根：priestly 祭司的；僧侣的；似教士的；priestlike 僧侣的；似教士的；祭司的；priesthood 祭司职；神职；僧职
monitor	/ˈmɔnɪtɚ/	n. 班长；监视器，检测器；显示器 vt. 监听； 检测	a heart monitor	心脏监测仪	同义：detectophone, invigilator	同根：monitory 训戒的；monitory 告诫书
permission	/pɚˈmɪʃən/	n. 允许， 许可， 准许	He asked permission to leave the room.	他请求离开房间的许可。	同义：allows, liberty, leave	同根：permissible 可允许的；获得准许的；permissive 许可的；自由的；宽容的；（两性关系）放纵的；permissibly 获准地；得到许可地
grand	/ɡrænd/	adj. 宏伟的； 重大的； 傲慢的； 派头大的； 绝佳的； 全部的	a grand country house	豪华的乡间大宅	同义：magnificent, noble, gee	同根：grandly 盛大地；宏伟地；堂皇地；grandness 壮大；伟大；宏伟
schedule	/ˈskedʒʊl/	n. 时刻表，日程安排表；清单，明细表 vt. 安排， 排定	How can he fit everything into his busy schedule ?	他是怎么把所有的事情都排进自己忙碌的时间表的？	同义：budget, propose, design, map	同根：scheduled 预定的；已排程的；scheduling 时序安排，行程安排；scheduler 调度程序；制表人，计划员；程序机
postage	/ˈpostɪdʒ/	n. 邮费， 邮资	How much is the postage for a postcard?	寄一张明信片的邮资是多少？	同义：taxe, franking	同根：postal 邮政的；邮局的；post 岗位；邮件；标杆；postal 明信片
tame	/teɪm/	adj. 驯服的，顺从的；沉闷的，乏味的 vt. 制服， 控制并利用； 驯化， 驯服	Most of the criticism has been pretty tame.	评论的大部分内容很乏味。	同义：stupid, docile, domesticate, bring under	同根：tamable 可驯服的；tameable 可驯服的（等于tamable）；tamely 驯服地，温顺地；没骨气地
material	/məˈtɪrɪəl/	adj. 物质的， 实体的； 肉体的； 重要的， 实质性的 n. 材料，素材	According to some, the material world is all that exists.	有些人认为，物质世界就是存在的一切。	同义：crucial, important, considerable, big	同根：materially 实质地；物质上；极大地；materialism 唯物主义；唯物论；物质主义；materiality 物质性，重要性；物质
universe	/ˈjunɪvɝs/	n. 宇宙， 世界； 领域， 范围	Einstein's equations showed the universe to be expanding.	爱因斯坦的方程式表明宇宙正在扩大。	同义：world, domain, province, territory	同根：universal 普遍的；通用的；宇宙的；全世界的；全体的；universal 一般概念；普通性
interpret	/ɪnˈtɝprɪt/	v. 解释， 说明； 口译	They spoke good Spanish, and promised to interpret for me.	他们西班牙语说得很好，答应替我翻译。	同义：say, bring sb to do sth, account, translate	同根：interpretive 解释的；作为说明的；interpretative 解释的；作为说明的；interpretable 可说明的；可判断的；可翻译的
spectacular	/spɛkˈtækjəlɚ/	adj. 壮观的，引人注目的 n. 壮观的演出； 惊人之举	a mountainous area with spectacular scenery	景色壮丽的山区	同义：tremendous, incredible	同根：spectacularly 壮观地；引人注目地
inherit	/ɪnˈhɛrɪt/	vi. 成为继承人 vt. 继承	inherited wealth	继承的财富	同义：succeed to, take sth over	同根：inherent 固有的；内在的；与生俱来的，遗传的；inherited 遗传的；继承权的；通过继承得到的；inheritable 可继承的；会遗传的
peculiar	/pɪˈkjulɪɚ/	adj. 奇怪的， 古怪的； 特有的	There was a peculiar smell in the kitchen.	厨房里有一股怪味。	同义：specific, distinct, unique, strange	同根：peculiarly 特别；尤其；古怪地；奇怪地；peculiarity 特性；特质；怪癖；奇特
blanket	/ˈblæŋkɪt/	n. 毛毯， 毯子， 羊毛毯			同义：soogan, sugan, entire, corporate	同根：blankety 可憎的；可恶的；毫无道理的；blankety 毫无道理地；可恨地
grant	/ɡrænt/	n. 授予物；补助金 vt. 授予， 给予； 同意	The university gets a government grant.	这所大学获得政府拨款。	同义：award, let, accept, recognize	同根：grantee 受让人；被授与者；grantor 授予者；[法] 让与人；granter 出让方；出让人；授与者；转让者
injection	/ɪnˈdʒɛkʃən/	n. 注射， 注入； 充满	The nurse gave me a tetanus injection.	护士给我打了破伤风预防针。	同义：congestion, inoculability	同根：injectable 可注射的；injector 注射器；注射者；注水器；injectable 血管注射剂
envy	/ˈɛnvi/	n. 妒忌，羡慕；妒忌的对象 vt. 妒忌， 羡慕	She could see that all the other girls were green with envy(= feeling a lot of envy ).	她看得出其他女孩都很眼红。	同义：jealousy, green-eyed monster, green eyed, be jealous	同根：envious 羡慕的；嫉妒的；enviable 值得羡慕的；引起忌妒的；enviously 羡慕地；嫉妒地
hut	/hʌt/	n. 小屋， 棚屋	a wooden hut	小木屋	同义：shed, cottage, cabin, station	同根：hutment 临时营房；在临时营房住宿
invincible	/ɪnˈvɪnsəbl/	adj. 不能征服的， 无敌的	an invincible army	无敌的军队	同义：unbeatable, unrivaled	同根：invincibly 无敌地；不屈不挠地；invincibility 无敌；不可战胜
discount	/dɪsˈkaʊnt/	n. 折扣 vt. 将…打折扣； 不信； 漠视， 低估	They are often available at a discount.	它们经常可以以折扣价买到。	同义：agio, rabato, water sth. down, preach down	同根：discounter 折扣商店；廉价商店
convert	/kənˈvɝt/	v. 转变， 转化； 改变	a 19th-century converted barn	由19世纪谷仓改建的房子	同义：transform, shift, idolater, proselytizer	同根：convertible 可改变的；同意义的；可交换的；converted 修改的；改变信仰的；conversion 转换；变换；[金融] 兑换；改变信仰
thick	/θɪk/	adv. 厚厚地 adj. 厚的，密的，浓的；不清楚的，口音重的	peanut butter spread thick	抹得很厚的花生酱	同义：deeply, densely	同根：thickly 厚地；浓地；thickness 厚度；层；浓度；含混不清；thickening 增厚；增稠剂，[食品] 芡粉；稠化
superficial	/,supɚˈfɪʃl/	adj. 表面的， 肤浅的	They only have the most superficial understanding of prison life.	他们对监狱生活只有最粗浅的了解。	同义：surface, external, facial, shallow	同根：superficially 表面地；浅薄地；superficiality 浅薄，肤浅；表面性的事物；superficies 外表，表面；面积
executive	/ɪɡˈzɛkjətɪv/	adj. 执行的 n. 执行者	a commission with executive powers	有执行权的委员会	同义：administrative, front-office, manager, gerente	同根：exec 实行（execute）；实行的（executive）；executed 已执行的；已生效的；executable 可执行的；可实行的
navigation	/ˈnævəˈgeʃən/	n. 航行， 航海， 航空； 导航， 领航	compasses and other instruments of navigation	罗盘及其他导航仪器	同义：salling, siling	同根：navigational 航行的，航运的；navigable 可航行的；可驾驶的；适于航行的；navigator 航海家；领航员；驾驶员
melt	/mɛlt/	v. 融化； 熔化； 消散	It was warmer now, and the snow was beginning to melt.	现在天气暖和了，雪开始融化。	同义：flux, fuse, oil, soften up	同根：melting 融化的；溶解的；动人的；感伤的；melted 融化的；溶解的；meltable 可熔的；易溶化的
hook	/hʊk/	v. 钩住 n. 钩，挂钩	Ruth hooked her arm through Tony’s.	露丝挽住了托尼的手臂。	同义：towing eye, drawhook, hitch	同根：hooked 钩状的；吸毒成瘾的；入迷的；hooky 多钩的；hooky 逃学；逃学者
stale	/stel/	adj. 不新鲜的； 陈腐的， 过时的	French bread goes stale (= becomes stale ) very quickly.	法式面包极易变味。	同义：banal, trite, urinate, urine	同根：staleness 腐败；陈腐；不新鲜；泄气
cigar	/sɪˈɡɑr/	n. 雪茄烟	He was smoking a big cigar.	他在抽一只大雪茄。		
stadium	/ˈstedɪəm/	n. 运动场， 体育场	the new Olympic Stadium	新的奥林匹克体育场	同义：palaestra, sports field	
whereas	/ˈwɛrˈæz/	conj. 然而， 但是， 尽管	The old system was fairly complicated whereas the new system is really very simple.	旧系统相当复杂，而新系统却很简单。	同义：however, while, nevertheless, but	
pitch	/pɪtʃ/	vi. 投， 掷； 架设， 搭， 营； 颠簸 n. 球场；程度，强度；高度；音高；沥青 vt. 投掷；使猛然倒下；表达；把…定于特定程度；定调	She crumpled up the page and pitched it into the fire.	她把那页纸揉成团，扔进了火里。	同义：slope, throw, lean, throw	同根：pitched 斜的；人字形的；pitching 倾斜的；陡的；pitchy 漆黑的；沥青的；粘性的
kindness	/ˈkaɪndnəs/	n. 仁慈， 好意	I can’t thank you enough for your kindness.	你的好意我感激不尽。	同义：humanity, mercy, benevolence	同根：kindly 亲切的；和蔼的；体贴的；爽快的；kindhearted 仁慈的，好心肠的；kindly 亲切地；温和地；仁慈地
adoptive	/əˈdɑptɪv/	adj. 收养关系的； 采用的	He was brought up by adoptive parents in Kentucky.	他是被他在肯塔基州的养父母抚养大的。		同根：adopted 被收养的；被采用的；adoptable 可采用的；可收养的；adoption 采用；收养；接受
chop	/tʃɑp/	vt. 砍，劈；切细 n. 排骨	He went outside to chop some more wood for the fire.	他出去再砍些木材来生火。	同义：brand, label, logo, cut	同根：chopper [电子] 斩波器；斧头；切碎机；chopper 乘直升机飞行；chopper 用直升机运送
electrical	/ɪˈlɛktrɪkl/	adj. 电的， 电气科学的	The fire was caused by an electrical fault.	大火是电力故障引起的。		同根：electric 电的；电动的；发电的；导电的；令人震惊的；electrically 电力地；有关电地；electric 电；电气车辆；带电体
statue	/ˈstætʃu/	n. 塑像， 雕像， 铸像	Churchill’s statue stands outside the parliament building.	丘吉尔的塑像矗立在议会大厦外。	同义：effigy	同根：statuary 雕塑的；雕像用的；statuary 雕像；雕像艺术
being	/ˈbiɪŋ/	n. 存在； 生物， 生命	a law that first came into being in 1912	于1912年制定的一条法律	同义：presence, existence, entity, essence	
sensitive	/ˈsɛnsətɪv/	adj. 敏感的， 灵敏的， 神经过敏的； 容易生气的， 易受伤害的	a very sensitive child	一个很敏感的小孩	同义：vulnerable, subtle, quick	同根：sensible 明智的；明显的；意识到的；通晓事理的；sensing 敏感的；sensitively 敏感地；易感知地
protest	/prəˈtɛst/	v. 抗议， 反对 n. 抗议， 反对	‘I don’t see why I should take the blame for this!’ she protested.	“我不明白为什么我要对此承担责任！”她抗议道。	同义：exclaim at, take exception to, declare, aver	同根：protestant 抗议的；持异议的；protestingly 抗议地；protestant 抗议者；持异议者
classification	/,klæsɪfɪˈkeʃən/	n. 分类， 分级， 分类法； 类别， 级别	the classification of wines according to quality	葡萄酒按品质的分类	同义：category, degree, grade, rate	同根：class 极好的；classified 分类的；类别的；机密的；classifiable 可分类的
vacant	/ˈvekənt/	adj. 空的， 未被占用的； 空缺的； 茫然的， 空虚的	Only a few apartments were still vacant.	只有几套公寓仍然空着。	同义：available, empty, blank, leisure	同根：vacantly 神情茫然地；vacancy 空缺；空位；空白；空虚；vacuity 空虚；空白；思想贫乏；无聊之事
physicist	/ˈfɪzɪsɪst/	n. 物理学家	...a nuclear physicist.	…一位核物理学家。	同义：physical scientist	同根：physical [物] 物理的；身体的；物质的；physiological 生理学的，生理的；physicochemical 物理化学的
underground	/ʌndɚˈɡraʊnd/	adv. 在地下，往地下；秘密地，不公开地 adj. 地下的；秘密的，不公开的 n. 地铁； 地下组织	This animal spends most of its life underground.	这种动物一生中的大部分时间都待在地下。	同义：quietly, privately, secretly, secret	
curse	/kɝs/	v. 诅咒，咒骂 n. 天谴； 祸害， 祸根	Gilbert was cursing under his breath.	吉尔伯特在低声咒骂。	同义：oath, anathema, drat, beshrew	同根：cursed 被诅咒的；curst 被诅咒的；爱吵架的（等于cursed）；cursed 诅咒（curse的过去分词）
impression	/ɪmˈprɛʃən/	n. 印象； 印记	When we looked around the school we got a very good impression.	我们参观了学校，对它的印象很好。	同义：infection, effect, influence, affection	同根：impressive 感人的；令人钦佩的；给人以深刻印象的；impressionable 敏感的；易受影响的；impressionistic 印象派的；印象主义的；给人深刻印象的
baseball	/ˈbesbɔl/	n. 棒球	Yes, I like basketball and baseball.	是的，我喜欢篮球和棒球。	同义：ballgame, horsehide	
interval	/ˈɪntɚvl/	n. 间隔， 间距； 幕间休息	He left the room, returning after a short interval with a message.	他离开房间，过了一会儿就带回来一条消息。	同义：separation, distance	
evaluate	/ɪˈvæljʊˈet/	vt. 评价； 估…的价	You should be able to evaluate your own work.	你应该能够评估自己的工作。	同义：value, score, rate, prize	同根：evaluative 可估价的；evaluation 评价；[审计] 评估；估价；求值
machinery	/məˈʃinəri/	n. 机器， 机械	...quality tools and machinery.	…优质工具和机械。	同义：organization, mechanism, house	同根：machinelike 机器般的；machine 机械，机器；机构；机械般工作的人；machinist 机械工；机械师；机械安装修理工
status	/ˈstetəs/	n. 地位， 身份； 情形， 状况	These documents have no legal status in Britain.	这些文件在英国并无法律效力。	同义：capacity, ranking	
shield	/ʃild/	n. 防护物，护罩；盾 vt. 保护， 防护	He used his left hand as a shield against the reflecting sunlight.	他用左手遮挡反射过来的阳光。	同义：dong, fendering, avoid, shadow	同根：shielding 屏蔽的；防护的；shielding [电子] 屏蔽；防护；shielding 保护（shield的ing形式）
upset	/ʌpˈsɛt/	adj. 心烦的， 苦恼的； 不适的 vt. 使心烦意乱，使苦恼，使不适；搅乱；弄翻，倾覆 n. 翻倒；搅乱；不安；不适	You’re not still upset with me, are you?	你不是还在生我的气吧？	同义：disorder, subvert, tip, keel over	同根：upsetting 令人心烦意乱的，令人苦恼的；upsetting 缩锻，镦锻；倾复，倒转
inference	/ˈɪnfərəns/	n. 推断结果， 结论； 推论， 推理， 推断	There were two inferences to be drawn from her letter.	从她的来信可以得到两种推论。	同义：conclusion, reasoning, consequence	同根：inferential 推理的；推论的；根据推理的；infer 推断；作出推论；infer 推断；推论
curve	/kɝv/	v. 弯曲 n. 曲线，弯，弯曲处	The track curved round the side of the hill.	小路弯弯曲曲，依山盘旋。	同义：give, winding, wind, bend	同根：curved 弯曲的；弄弯的；curving 弯曲的；curvy 弯曲的；曲线美的（等于curvaceous）
dot	/dɑt/	n. 点，圆点 vt. 打点于	a pattern of dots	圆点图案	同义：dowry, tocher	同根：dotted 星罗棋布的；有点的；dotty 薄弱的；多点的；精神不定的；dotter 加点的人；点标器；标点器，描点器
skim	/skɪm/	v. 撇去， 掠过， 擦过； 浏览， 略读	Julie skimmed the sports page.	朱莉浏览了体育版。	同义：conceal, hold back, page, brush	同根：skimmed 脱脂的；skimming 撇取浮沫；浮渣；skimmer 漏杓；燕鸥类；大略阅读的人；撇去浮沫的器具
phenomenon	/fəˈnɑmɪnən/	n. 现象	Homelessness is not a new phenomenon .	无家可归已不是什么新现象。	同义：wonder, miracle	同根：phenomenal 现象的；显著的；异常的；能知觉的；phenomenally 现象上地；明白地；从感官认识到；phenomenology 现象学；现象论
notify	/ˈnotəˈfai/	vt. 通知， 告知， 报告	The skipper notified the coastguard of the tragedy.	船长通知了海岸警卫队这一灾难。	同义：message, post, publish	同根：notice 通知，布告；注意；公告；notification 通知；通告；[法] 告示；notice 引起注意
mention	/ˈmɛnʃən/	n&vt. 提及， 说起	Was my name mentioned at all?	我的名字被提到过吗？	同义：indicate to, make reference to, reference, allusion	
stream	/strim/	v. 流出， 涌出 n. 河，溪流；一股，一串	Tears streamed down their faces.	泪水顺着他们的脸颊流下来。	同义：tide, ray, flow, flood	同根：streaming 流；（英）按能力分组；streaming 流动（stream的ing形式）
laundry	/ˈlɔndri/	n. 洗衣房， 洗衣店； 待洗的衣服， 洗好的衣服	She did the laundry (= washed the clothes etc ) and hung it out to dry.	她洗了衣服，然后挂出去晾干。	同义：cleaners, loundry	同根：laundromat （美）自助洗衣店；launder 流水槽；launderette 自助洗衣店
accumulate	/əˈkjumjəlet/	v. 积累， 堆积	It is unjust that a privileged few should continue to accumulate wealth.	少数特权阶级继续积聚财富，这是不公平的。	同义：store up, scrape up	同根：accumulated 累积的；累计的；达到；accumulative 累计的；累积的；积聚而成的；accumulation 积聚，累积；堆积物
crime	/kraɪm/	n. 罪， 罪行， 犯罪	We moved here because there was very little crime.	我们搬到这里来是因为这里的犯罪率很低。	同义：sin, evil, guilt	同根：criminal 刑事的；犯罪的；罪恶的；criminative 控告的；使负罪的；责难的；criminological 犯罪学的
heave	/hiv/	vi. 起伏，隆起；呕吐，恶心 vt. 举起，提起，拉起，拖；扔；发出 n. 举起； 起伏， 升降	Michael’s shoulders heaved with silent laughter.	迈克尔憋着不笑出声来，双肩直抖。	同义：lift up, hold up, wave, roll	同根：heaver 挑夫，[机] 杠杆；举起物件的装置；举起者
leisure	/ˈliʒɚ/	n. 空闲时间； 悠闲	Most people now enjoy shorter working hours and more leisure time.	现在大多数人都喜欢工作时间短些，闲暇时间多些。	同义：ease, idlesse, available, off	同根：leisurely 悠闲的；从容的；leisured 从容的；有闲的；leisureful 从容不迫的（等于leisurely）
nourish	/ˈnɜrɪʃ/	vt. 提供养分， 养育	The food she eats nourishes both her and the baby.	她吃的食物为她和婴儿提供营养。	同义：harbor	同根：nourishing 有营养的；滋养多的；nourishment 食物；营养品；滋养品；nourishing 滋养；养育（nourish的ing形式）
surround	/səˈraʊnd/	vt. 围， 围绕； 圈住	He glared at the people who surrounded the tent.	他怒视着围住帐篷的那些人。	同义：invest, case, enclose, entironment	同根：surrounding 周围的，附近的；surrounding 环境，周围的事物
mat	/mæt/	n. 席子， 垫子	Wipe your feet on the mat.	在地垫上蹭蹭你的鞋底。	同义：cushion, gaddi, entwist, lustreless	同根：matt 无光泽的；不光滑的；matted 铺席子的；纠缠的；暗淡的，无光泽的；matt 无光表面；衬边
cigarette	/ˌsɪɡəˈrɛt, ˈsɪɡəˌrɛt/	n. 香烟， 纸烟， 卷烟	a packet of cigarettes	一包香烟	同义：coffin nail	
torch	/tɔrtʃ/	n. 火炬， 火把； 手电筒	We shone our torches around the cavern.	我们用手电筒照着山洞。	同义：firebrand, flashlight	同根：torchbearer 启蒙者；持火炬者
positive	/ˈpɑzətɪv/	adj. 确实的， 明确的； 积极的， 肯定的	At least something positive has come out of the situation.	至少这个情况也产生了一些积极的东西。	同义：active, established, practical, actual	同根：positively 肯定地；明确地；断然地；posit 假设；设想；positivism 实证主义；实证论；积极性；武断
favourite	/ˈfevərɪt/	adj. 特别受喜爱的 n. 特别受喜爱的人	a child’s favourite toy	孩子最喜欢的玩具		同根：favorable 有利的；良好的；赞成的，赞许的；讨人喜欢的；favored 有利的；受到优待的；受到喜爱的；favor 喜爱；欢心；好感
menu	/ˈmɛnju/	n. 菜单	Could we have the menu, please?	请把菜单给我们，好吗？	同义：carte, memu	
prospect	/ˈprɑspɛkt/	v. 勘探， 勘察 n. 前景， 前途， 可能性； 景象， 景色； 可能成为主顾的人； 有希望的候选人	He had prospected for minerals everywhere from the Gobi Desert to the Transvaal.	他在世界各地探过矿，从戈壁沙漠到德兰士瓦。	同义：scenery, future, picture, expectation	同根：prospective 未来的；预期的；prospective 预期；展望；prospector 探勘者；采矿者
radar	/ˈredɑr/	n. 雷达	The coastline can now be monitored by radar.	现在能用雷达监测海岸线了。		
refugee	/ˈrɛfjʊdʒi/	n. 难民	Refugees were streaming across the border.	难民正涌过边境。	同义：asylee, displaced persons	
aluminium	/,æljəˈmɪnɪəm/	n. 铝	recycled aluminium cans	再生铝罐		
comparable	/ˈkɑmpərəbl/	adj. 可比较的； 类似的； 比得上的	A car of comparable size would cost far more abroad.	同样大小的汽车在国外要贵得多。		同根：comparative 比较的；相当的；comparatively 比较地；相当地；comparably 同等地；可比较地
specialize	/ˈspɛʃəlaɪz/	vi. 成为…专家； 专攻	...a University professor who specializes in the history of the Russian empire.	…一位专门研究沙俄历史的大学教授。	同义：specialise in, elaborate on, technicalize, elaborate on	同根：special 特别的；专门的，专用的；specialist 专家的；专业的；specialty 特色的；专门的；独立的
rotate	/ˈrotet/	v. 旋转， 转动； 轮流	The Earth rotates on its axis once every 24 hours.	地球每24小时绕地轴自转一周。	同义：wheel, circle, spin, turn	同根：rotary 旋转的，转动的；轮流的；rotational 转动的；回转的；轮流的；rotated 旋转的
instance	/ˈɪnstəns/	n. 例子， 实例， 事例	We need to rethink the way we consume energy. Take, for instance, our approach to transport.	我们需要重新考虑我们使用能源的方式，例如我们的运输方式。	同义：situation, case, circumstance, suggestion	同根：instantiation 实例化；[计] 例示
opera	/ˈɑprə/	n. 歌剧	We go to the opera (= go to a performance of opera ) regularly.	我们常去听歌剧。		同根：operatic 歌剧的；歌剧风格的；operagoer 经常看歌剧的人
presumably	/prɪˈzuməbli/	adv. 大概， 可能， 据推测	It’s raining, which presumably means that your football match will be cancelled.	下雨了，这可能意味着你们的足球比赛要取消。	同义：probably, possibly, maybe	同根：presumable 可能有的；可推测的；presumptive 假定的；根据推定的；presumption 放肆，傲慢；推测
conscience	/ˈkɑːnʃəns/	n. 良心， 道德心	Well, at least I can face them all with a clear conscience (= the knowledge that you have done nothing wrong ) .	好吧，至少我可以问心无愧地面对他们所有人。		同根：conscientious 认真的；尽责的；本着良心的；小心谨慎的；conscienceless 不知廉耻的；没良心的；conscientiously 良心上
subject	/ˈsʌbdʒɪkt/	n. 题目； 学科； 主语 vt. 使隶属	Paul has strong opinions on most subjects.	保罗在大多数问题上观点激烈。	同义：topic, theme, nation, titles	同根：subjective 主观的；个人的；自觉的；subjectivist 主观主义的；subjectively 主观地；臆想地；内省地
practically	/ˈpræktɪkli/	adv. 几乎， 简直； 实际上	He'd known the old man practically all his life.	他几乎从小就认识那位老人。	同义：almost, nearly, actually, really	同根：practical 实际的；实用性的；practicable 可用的；行得通的；可实行的；practicably 实用地；能用地
recognition	/,rɛkəɡˈnɪʃən/	n. 认出， 识别； 承认； 赏识， 表彰， 报偿	He has achieved recognition and respect as a scientist.	作为科学家，他得到人们的赞赏和尊敬。	同义：identification, discernment	同根：recognized 公认的；经过验证的；recognised 认可的；recognizable 可辨认的；可认识的；可承认的
cassette	/kəˈsɛt/	n. 盒式录音带	His two albums released on cassette have sold 10 million copies.	他以磁带形式发行的两张专辑已售出1000万份。		
blade	/bled/	n. 刀刃， 刀片， 叶片	a razor blade	剃刀刀片	同义：sword, vane	同根：bladed 有叶片的；有刀刃的（blade的形容词形式）
arrangement	/əˈrendʒmənt/	n. 整理， 排列， 安排； 准备工作	Have you made all your travel arrangements?	你的旅行都安排好了吗？	同义：preparation, positioning, preliminary, setting	同根：arranged 安排的；arranged 安排；计划；准备（arrange的过去式和过去分词）；arrange 安排；排列；协商
revenue	/ˈrɛvənu/	n. 收入， 收益； 税收， 岁入	advertising revenue	广告收入	同义：taxes, income, proceeds, yield	同根：revenuer 税务官员；缉私船
strip	/strɪp/	v. 脱光衣服；剥夺，夺去 n. 条带	Strip the beds and wash the sheets.	把床单撤下来清洗。	同义：shear, destitute of, belt, band	同根：stripped 剥去的；striped 有条纹的；有斑纹的；stripy 有条纹的；条纹状的
solution	/səˈluʃən/	n. 解决； 解决办法； 溶液	The best solution would be for them to separate.	最好的解决方法是他们分开。	同义：liquor, dissolution	同根：solvent 有偿付能力的；有溶解力的；soluble [化学] 可溶的，可溶解的；可解决的；solute 溶解的
continuous	/kənˈtɪnjʊəs/	adj. 连续不断的； 延伸的	continuous economic growth	持续的经济增长		同根：continued 继续的；持久的；continuing 继续的；持续的；连续的；continuant 连续音的
opponent	/əˈponənt/	n. 对手， 敌手， 对抗者	Graf’s opponent in today’s final will be Sukova.	格拉芙今天的决赛对手将是苏科娃。	同义：equal, anti, comparative, rival	
backward	/ˈbækwɚd/	adv. [-]倒； 向后， 往回 adj. 向后的，倒的；落后的，进步慢的	The diver flipped over backward into the water.	跳水运动员向后翻转跳入水中。	同义：retarded, inverted, contrary, counter	同根：back 后面的；过去的；拖欠的；backed 有背的；有财力支持的；backless 无背的；无靠背的；无后盾的
grain	/ɡren/	n. 谷物， 谷粒； 颗粒； 少量， 微量	There were crumbs and grains of sugar on the table.	桌子上有面包屑和糖粒。	同义：particle, texture, corn, commissariat	同根：grainy 粒状的；木纹状的；多粒的；有纹理的；graininess 粒状；多粒；木纹状的；微粒状态；graining 粒化；漆纹理；结晶
maid	/med/	n. 女仆， 侍女	a kitchen maid	厨房女佣人	同义：servant girl, jill, wait upon, attend on	同根：maiden 未婚的，处女的；初次的；maiden 少女；处女；maidservant 女佣，女仆
residence	/ˈrɛzɪdəns/	n. 住处， 住宅； 居住； 居住资格	Rome was his main place of residence .	罗马是他的主要居住地。	同义：home, accommodation	同根：resident 居住的；住院医师；定居的；residential 住宅的；与居住有关的；resident 居民
credit	/ˈkrɛdɪt/	n. 信贷，赊欠；赞扬，荣誉；学分；信任 vt. 相信； 把…记入贷方； 把…归于	The store agreed to let him have credit.	商店同意他赊购。	同义：faith, reputation, honor, loan	同根：cred 信誉；可靠性（credibility）；creditable 可信的；声誉好的；值得称赞的；creditworthy 信誉卓著的，有信誉的
regardless	/rɪˈɡɑrdləs/	adv. 不顾后果地； 不管怎样， 无论如何	Despite her recent surgery she has been carrying on regardless.	尽管她最近动了手术，她却一直在不顾一切地继续工作。	同义：irregardless	同根：regardful 留心的；表示敬意的；深切注意的；关心的；regard 注意；尊重；问候；凝视；regard 注意，注重；注视
oxygen	/ˈɑksɪdʒən/	n. 氧， 氧气	The human brain needs to be without oxygen for only four minutes before permanent damage occurs.	人脑缺氧只需4分钟就会造成永久性损伤。	同义：O2	同根：oxygenation 以氧处理，氧化作用；oxygenate 氧化，充氧；以氧处理；使…与氧化合；oxygenize 使氧化
intensive	/ɪnˈtɛnsɪv/	adj. 加强的； 精深的， 透彻的； 精耕细作的	a one-week intensive course in English	为期一周的英语强化课程	同义：enhanced, reinforced, concentrated, searching	同根：intense 强烈的；紧张的；非常的；热情的；intensely 强烈地；紧张地；热情地；intensity 强度；强烈；[电子] 亮度；紧张
ideal	/aɪˈdiəl/	adj. 理想的；观念的；空想的 n. 理想； 理想的东西	advice on how to reach your ideal weight	如何达到理想体重的建议	同义：perfect, full, unreasonable, dream	同根：idealistic 理想主义的；唯心论的；唯心主义者的；空想家的；idealist 理想主义的；唯心主义的；idealized 理想化的
bearing	/ˈbɛrɪŋ/	n. 举止， 风度； 方位， 方向感； 影响	Exercise has a direct bearing on how healthy you are.	锻炼直接影响你的身体状况。	同义：relationship, connection, behavior, link	同根：bearable 可忍受的；支持得住的；bear 熊；bearer 持票人；[建] 承木；[机] 托架；送信人；搬运工人
illustrate	/ˈɪləstret/	vt. 说明	Let me give an example to illustrate the point.	让我举个例子来说明这一点。	同义：clarify, elucidate, give an example, cite an example	同根：illustrative 说明的；作例证的；解说的；illustration 说明；插图；例证；图解；illustrator 插图画家；说明者；图解者
occur	/əˈkɝ/	vi. 发生， 出现， 存在； 被想起， 被想到	A third of accidental deaths occur in the home.	有三分之一的意外死亡发生在家里。	同义：happen, exist, proceed, figure	同根：occurrent 正在发生的；偶然发生的；occurrence 发生；出现；事件；发现
comedy	/ˈkɑmədi/	n. 喜剧， 喜剧性	a career in stand-up comedy	单口喜剧表演职业		
broom	/brum/	n. 扫帚	Deer brought the broom.	小鹿带来了扫帚。	同义：genista, gorse, clean off, sweep out	
establishment	/ɪˈstæblɪʃmənt/	n. 建立， 设立， 确立； 企业； 当权人物	a top class training establishment	一流的培训机构	同义：corporation, facility, company, firm	同根：established 确定的；已制定的，已建立的；establish 植物定植；establish 建立；创办；安置
pressure	/ˈprɛʃɚ/	n. 压，压强；压迫 vt. 对…施加压力， 迫使	They are putting pressure on people to vote yes.	他们正在向民众施加压力，要求他们投赞成票。	同义：heat, compression force, reduce to, compel	同根：pressing 紧迫的；迫切的；恳切的；pressurized 加压的；受压的；pressor 加压的；有使血压增高的；收缩血管的
breeze	/briz/	vi. 飘然而行 n. 微风，和风	flowers waving in the breeze	在微风中摇曳的花儿	同义：breath, doddle, tail out, pull foot	同根：breezy 有微风的；轻松愉快的；通风好的；活泼的；breezily 吹微风地；通风地；轻松活泼地；breeziness 活泼；微风的轻吹
trash	/træʃ/	n. 垃圾，废物；拙劣的文学作品；没用的人，社会渣滓，败类 vt. 捣毁， 破坏	Will someone take out the trash (= take it outside the house ) ?	谁把垃圾拿出去好吗？	同义：refuse, garbage, waste, junk	同根：trashy 没用的；碎屑的；垃圾似的；无价值的
painter	/ˈpentɚ/	n. 漆工； 画家	Gerry’s ambition was to become a portrait painter.	格里的志向是成为一名肖像画家。	同义：limner, penman	同根：painted 描画的；着色的；刷上油漆的；paintable 适于绘画的；painterly 画家的；美术的；开放式画风的
millimetre	/ˈmili,mi:tə/	n. 毫米	The creature is a tiny centipede, just 10 millimetres long.	那个生物是一只很小的蜈蚣，只有10毫米长。	同义：strich, milimetre	同根：millimeter [计量] 毫米
horn	/hɔrn/	n. 角； 号角； 警报器	A mature cow has horns.	成年母牛头上长有角。	同义：angle, hao	同根：horny 角的；角状的；淫荡的；horned 有角的；角状的；hornless 无角的
specialist	/ˈspɛʃəlɪst/	n. 专家	a heart specialist	心脏专科医生	同义：expert, mavin, professional	同根：special 特别的；专门的，专用的；specialty 特色的；专门的；独立的；specialized 专业的；专门的
infer	/ɪnˈfɝ/	vt. 推论， 推断； 猜想	I inferred from what she said that you have not been well.	我从她的话里推断出你身体一直不大好。	同义：understand, conclude, reason, conclude	同根：inferential 推理的；推论的；根据推理的；inference 推理；推论；推断
compass	/ˈkʌmpəs/	n. 罗盘， 指南针； 圆规； 界限， 范围	a map and compass	地图和指南针	同义：calliper, divider, case, invest	
background	/ˈbækɡraʊnd/	n. 出身背景， 经历； 背景资料； 背景， 底子	Students with a background in chemistry will probably find the course easier.	学过化学的学生可能会觉得这门课程容易些。	同义：prehistory	同根：backgrounder 政府官员举行的记者招待会；提供背景资料的简报或报告
sore	/sɔr/	adj. 痛的；恼火的；急剧的，剧烈的 n. 疮， 痛处	I had a sore throat and aching limbs.	我喉咙疼，四肢酸痛。	同义：excessive, severe, painful, extreme	同根：sorely 疼痛地；非常；剧烈地；soreness 悲伤；痛苦；愤慨
dispose	/dɪˈspoz/	vt. 处理， 解决； 使倾向于	Chinese vases are disposed around the gallery.	中国花瓶摆放在展馆四周。	同义：schedule, budget, settle, place in	同根：disposable 可任意处理的；可自由使用的；用完即可丢弃的；disposed 有…倾向的；打算做…的；有某种健康状态的；disposal 处理；支配；清理；安排
glow	/ɡlo/	v. 发白热光 n. 白热光；脸红；激情	The bedside lamp glowed dimly.	床头灯发出暗淡的光。	同义：burn, fever heat, calorescence, ardor	同根：glowing 灼热的；热情洋溢的；鲜艳的；glowingly 热心地；白热地；灼热地；glower 怒视；热切的注视；灯丝
curtain	/ˈkɝtn/	n. 门帘， 窗帘； 幕	red velvet curtains	红色的丝绒窗帘	同义：screen, window hangings, shadow, shield	
laughter	/ˈlæftɚ/	n. 笑， 笑声	Foster joined in the laughter.	福斯特也跟着笑了起来。	同义：risus	同根：laughing 可笑的；高兴的；带笑的；laughing 笑；笑声；laughing 笑（laugh的ing形式）
constitution	/ˈkɑnstəˈtʊʃən/	n. 宪法， 章程； 组成； 设立	The right to speak freely is written into the Constitution of the United States.	言论自由的权利被写入美国宪法。	同义：formation, fabric, structure, build	同根：constitutional 宪法的；本质的；体质上的；保健的；constitutive 基本的；本质的；制定的；构成分子的；constitutionally 本质地；体质上；天生
blend	/blɛnd/	n&v. 混合	a story that blends fact and legend	事实与传说相糅合的一个故事	同义：compound, mix together, intermingle with, to mix	同根：blending 混合的；blending 混合；调配；混和物；blender （美）搅拌机；掺和者；混合物
certificate	/sɚˈtɪfɪkɪt/	n. 证书， 证件， 执照	a degree certificate	学位证书	同义：license, letter, patent, permit	同根：certified 被证明的；有保证的；具有证明文件的；certificated 具有证明文件的；立有证据的；业经证明的；certifiable 可证明的；可确认的；可保证的
mess	/mɛs/	n. 凌乱状态，混乱的局面；困境 vt. 弄糟， 弄脏， 搞乱	What a mess!	太乱了！	同义：difficulty, disorder, chaos, confusion	同根：messy 凌乱的，散乱的；肮脏的，污秽的；麻烦的；messily 乱糟糟地；棘手地；messiness 乱糟糟；混乱
sour	/ˈsaʊɚ/	adj. 酸的；馊的，酸味的；脾气坏的 v. 变酸， 变馊； 变得乖戾	Rachel sampled the wine. It was sour.	雷切尔尝了尝葡萄酒，是酸的。	同义：grinding, acid, raised, evil	同根：sourish 微酸的；sourly 性情乖僻地；坏心眼地；酸酸地；sourness 酸味；性情乖僻；坏心眼
delete	/dɪˈlit/	vt. 删除， 擦掉	His name was deleted from the list.	他的名字从名单上删掉了。	同义：expurgate, prune away	同根：deletion 删除；[遗] 缺失；删除部分
nonsense	/ˈnɑnsɛns/	n. 胡说， 废话； 冒失的行动	‘I’m a prisoner in my own home.’ ‘Nonsense!’	“我在自己家里就像个囚犯。”“胡说！”	同义：bullshit, kibosh, ridiculous, preposterous	同根：nonsensical 无意义的；荒谬的
stain	/sten/	vt. 玷污；给…着色 n. 污点， 污迹	We’ve decided to stain the shelves blue.	我们决定把架子涂成蓝色。	同义：poison, pollute, tainture, jaup	同根：stainless 不锈的；纯洁的，未被玷污的；无瑕疵的；stained 玷污的；著色的；stainable 可染色的
transform	/trænsˈfɔrm/	vt. 使改观， 改革； 变换， 把…转换成	Increased population has transformed the landscape.	人口的增加使景观发生了变化。	同义：influence, fashion, vary, innovate	同根：transformable 可变化的；可变形的；可转化的；transformation [遗] 转化；转换；改革；变形；transformer [电] 变压器；促使变化的人
leadership	/ˈlidɚʃɪp/	n. 领导	The US must now take a firm leadership role.	美国现在必须扮演一个强有力的领导人角色。		同根：lead 带头的；最重要的；leading 领导的；主要的；leaded [冶] 加铅的
genuine	/ˈdʒɛnjʊɪn/	adj. 真的， 真正的； 真诚的	‘Did he really?’ Her surprise seemed genuine.	“他真的这样？”她好像是真的惊讶。	同义：actual, sincere, true, real	同根：genuinely 真诚地；诚实地；genuineness 真实，真正；真诚，真挚
X-ray	/ˈeksreɪ/	n. X射线， X光	The X-ray showed that her leg was not broken.	X光片显示她的腿没有骨折。		
physical	/ˈfɪzɪkl/	adj. 身体的； 物理的； 物质的， 有形的	She was in constant physical pain.	她一直感到身上疼痛。	同义：personal, material, natural, medical examination	同根：physicochemical 物理化学的；physically 身体上，身体上地；physics 物理学；物理现象
fulfil	/fulˈfil/	vt. 履行， 实现， 完成； 满足， 使满意	Visiting Disneyland has fulfilled a boyhood dream .	迪士尼乐园之游使童年梦想成真。	同义：accomplish, carry out, achieve, perform	同根：fulfillment 履行；实行；fulfilment 实现；成就
wicked	/ˈwɪkɪd/	adj. 坏的， 令人厌恶的； 淘气的， 顽皮的	the wicked stepmother in ‘Hansel and Gretel’	《糖果屋》中那个恶毒的继母	同义：evil, ill, black, gross	同根：wickedly 恶劣地；居心叵测地；wickedness 邪恶；不道德
spokesman	/ˈspoksmən/	n. 发言人	a White House spokesman	白宫发言人	同义：prolocutor, public speaker	
equation	/ɪˈkweʒn/	n. 方程， 等式	In the equation 2x + 1 = 7, what is x?	在方程式2x+1=7中，x的值为多少？	同义：eqs, equivalence	同根：equate 等同；equate 使相等；视为平等
impressive	/ɪmˈprɛsɪv/	adj. 给人深刻印象的	The figures certainly look impressive.	这些数字看上去确实很可观。	同义：affecting, heart-warming	同根：impressionable 敏感的；易受影响的；impressible 敏感的；感受性强烈的；易感动的；impressively 令人难忘地；感人地
compound	/ˈkɑmpaʊnd/	adj. 复合的， 化合的 n. 化合物，复合物；复合词 vt. 使恶化， 加重； 使化合， 使合成	...the big compound eyes of dragonflies.	…蜻蜓的大复眼。	同义：synthetise, mix together, make it up, make peace with someone	
structure	/ˈstrʌktʃɚ/	n. 结构，构造 vt. 建造	challenges to the existing power structure	对现有权力结构的挑战	同义：configuration, mechanics, formation, framework	同根：structural 结构的；建筑的；structured 有结构的；有组织的；structurally 在结构上
intensity	/ɪnˈtɛnsəti/	n. 强烈， 剧烈； 强度	The intensity of the hurricane was frightening.	飓风的猛烈程度令人恐惧。	同义：stress, tension, brightness	同根：intense 强烈的；紧张的；非常的；热情的；intensive 加强的；集中的；透彻的；加强语气的；intensional 内涵的；紧张的
waken	/ˈwekən/	v. 醒来， 弄醒	She gently wakened the sleeping child.	她轻轻地唤醒睡梦中的孩子。	同义：arouse, wake sb. up, wake up, awake	同根：waking 醒着的；wakeful 醒着的；失眠的；警觉的；wake 尾迹；守夜；守丧
stake	/stek/	n. 桩；利害关系；股份；赌金，赌注 vt. 以…打赌， 拿…冒险	Young people don’t feel they have a stake in the country’s future.	年轻人觉得自己与国家的未来没有关系。	同义：bonus, dividend, encourage, carry	
witness	/ˈwɪtnɪs/	n. 证据；目击者，证人 vt. 目击； 为…作证， 证明	Police have appealed for witnesses to come forward.	警方呼吁目击者站出来。	同义：proof, teste, demonstrate, prove	
concerning	/kənˈsɝnɪŋ/	prep. 关于	calls from young children concerning lost pets	小孩子打来的有关宠物走失的电话	同义：about, as for, with reference to, in relation to	
attraction	/əˈtrækʃən/	n. 吸引， 吸引力； 引力； 具有吸引力的事物	The attraction between them was almost immediate.	他们几乎是一见钟情。	同义：appeal, charm	同根：attractive 吸引人的；有魅力的；引人注目的；attractable 可被吸引的；attractively 迷人地；有吸引力地；动人地
conventional	/kənˈvɛnʃənl/	adj. 普通的； 习惯的， 常规的； 因循守旧的	Internet connections through conventional phone lines are fairly slow.	通过传统的电话线来连接因特网速度很慢。	同义：traditional, usual, familiar, classical	同根：conventionalized 定型化的；约定俗成的；conventionally 照惯例，照常套；convention 大会；[法] 惯例；[计] 约定；[法] 协定；习俗
regulation	/ˌrɛɡjəˈleʃən/	n. 规章， 规则； 管理， 控制； 调节	There seem to be so many rules and regulations these days.	如今好像条条框框很多。	同义：governance, administration, management, supervision	同根：regulatory 管理的；控制的；调整的；regulative 调整的，调节的；管制的；regulator 调整者；校准器
puzzle	/ˈpʌzl/	v. 迷惑，为难；苦思 n. 智力测验； 谜， 难题， 令人费解的事； 困惑， 迷惑	a question that continues to puzzle scientists	一直困扰科学家的问题	同义：baffle, discomfit, contemplate, enigma	同根：puzzled 困惑的；茫然的；搞糊涂的；puzzling 使迷惑的；使莫明其妙的；puzzlement 迷惑；费解
circulation	/,sɝkjəˈleʃən/	n. 循环； 流传； 发行， 流通	Exercise improves the circulation.	运动能促进血液循环。	同义：revolution, rotation, cycle, propagation	同根：circular 循环的；圆形的；间接的；circulating 循环的；流通的；circulatory 循环的
bake	/bek/	vt. 烤， 烘， 焙	I’m baking some bread.	我在烤一些面包。	同义：to roast, torrefy, spitchcock	同根：baked 烤的；烘焙的；baking 烘烤的；bakery 面包店
mere	/mɪr/	adj. 仅仅的； 纯粹的	She lost the election by a mere 20 votes.	她仅仅以20票之差落选。	同义：tank, lakelet	同根：merely 仅仅，只不过；只是
accommodation	/ə,kɑməˈdeʃən/	n. 住处； 膳宿	The price for the holiday includes flights and accommodation.	度假的价格包括机票和住宿。	同义：residence, adjustment, conditioning	同根：accommodating 随和的；乐于助人的；肯通融的；accommodative 适应的；[自] 调节的；予以方便的；随和的（等于accommodating）；accommodationist 迁就的，妥协的
evident	/ˈɛvɪdənt/	adj. 明显的， 明白的	Bob ate his lunch with evident enjoyment.	显然鲍勃吃午饭吃得津津有味。	同义：obvious, distinct, visible	同根：evidently 显然，明显地；清楚地；evidence 证据，证明；迹象；明显；evidence 证明
suburb	/ˈsʌbɝb/	n. 郊区， 郊外， 近郊	a London suburb	一个伦敦郊区	同义：margin, banlieue	同根：suburbanize 变成市郊；suburbanize 郊区化；使成为市郊
lodge	/lɑdʒ/	v. 暂住，借宿 n. 乡间小屋； 旅舍	a building used to lodge prisoners of war	一座关押战俘的建筑物	同义：hotel, fonda, introduce, present	同根：lodging 寄宿；寄宿处；出租的房间、住房；lodgement 住宿；寄存；沉积（等于lodgment）；lodger 房客；寄宿人；投宿者
threat	/θrɛt/	n. 威胁， 恐吓； 凶兆， 征兆	Your threats don’t scare me.	你的那些威胁吓不倒我。	同义：danger, intimidation	同根：threatened 受到威胁的；threatening 危险的；胁迫的；凶兆的；threateningly 威胁地；危险地；险恶地
writer	/ˈraɪtɚ/	n. 作者， 作家	She’s one of my favourite writers.	她是我最喜欢的作家之一。	同义：author, pen	同根：writing 书写；作品；著作；[法] 笔迹；writing 书写（write的ing形式）；write 写，写字；写作，作曲；写信
simplify	/ˈsɪmplɪfaɪ/	vt. 简化， 使简明	an attempt to simplify the tax system	简化税制的尝试	同义：predigest, deformalize	同根：simple 简单的；单纯的；天真的；simplified 简化了的；simplex 单纯的；单一的
breast	/brɛst/	n. 乳房； 胸脯， 胸膛	These bras are specially designed for women with large breasts.	这些胸罩专为乳房丰满的女性设计。	同义：chest, uber, be at grips with	
invention	/ɪnˈvɛnʃən/	n. 发明， 创造； 捏造	The dishwasher is a wonderful invention.	洗碗机是一项奇妙的发明。	同义：fiction, contrivance	同根：inventive 发明的；有发明才能的；独出心裁的；inventor 发明家；[专利] 发明人；创造者；inventiveness 创造性；发明的才能
mercy	/ˈmɝsi/	n. 仁慈， 宽容； 恩惠； 幸运	He showed no mercy to his enemies.	他对敌人毫不仁慈。	同义：humanity, tolerance, kindness, charity	同根：merciful 仁慈的；慈悲的；宽容的；merciless 残忍的；无慈悲心的；mercilessly 残忍地；毫无慈悲地
annoy	/əˈnɔɪ/	vt. 使恼怒； 打搅	What annoyed him most was that he had received no apology.	最令他生气的是没人向他道歉。	同义：harry, ply with, brown off, worry	同根：annoying 讨厌的；恼人的；annoyingly 恼人地；烦人地；令人不快地（annoying的副词形式）；annoyance 烦恼；可厌之事；打扰
curl	/kɝl/	n. 鬈发； 卷曲， 卷曲物	a little boy with beautiful blonde curls	满头漂亮的金色鬈发的小男孩	同义：crisp, wave, wavy hair	同根：curly 卷曲的；卷毛的；（木材）有皱状纹理的；蜷缩的；curling 头发的卷曲；卷缩；冰上溜石游戏；curler 卷发的人；卷发夹子
inform	/ɪnˈfɔrm/	vi. 告发， 告密 vt. 通知；报告	They would inform him of any progress they had made.	他们将把自己所取得的任何进展都告诉他。	同义：message, bring in on, tell on, blow the whistle	同根：informative 教育性的，有益的；情报的；见闻广博的；informed 消息灵通的；见多识广的；informal 非正式的；不拘礼节的；通俗的；日常使用的
psychological	/,saɪkəˈlɑdʒɪkl/	adj. 心理的	Sleep disorders are a serious psychological problem .	睡眠障碍是严重的心理疾病。	同义：moral, numinous	同根：psychometric 心理测量的；psychoanalytic 精神分析的；心理分析的；psychomotor 精神运动的
glue	/ɡlu/	n. 胶，胶水 vt. 胶合	...a tube of glue.	…一管胶水。	同义：conglutinate	同根：glued 胶合的；gluey 胶的；粘着的；胶质的；glueyness 胶粘性
scream	/skrim/	vi. 尖叫，呼啸 n. 尖叫声	After the first few shots, people started screaming.	几声枪响过后，人们开始尖叫起来。	同义：pipe, shriek, squeal	同根：screaming 尖叫的；使人惊叹的；使人捧腹大笑的；screamingly 尖叫地；令人惊愕地；screaming 尖叫声；啸声；振动
sorrow	/sɑro/	n. 悲痛， 悲哀， 悲伤； 伤心事， 不幸的事	the family’s joys and sorrows	这家人的喜与悲	同义：soreness, disconsolateness, feel sad	同根：sorry 遗憾的；对不起的，抱歉的；sorrowful 悲伤的，伤心的；sorrowfully 悲哀地；悔恨地
crash	/kræʃ/	vi. 发出撞击声；垮台，破产；冲，闯 vt. 碰撞；坠落 n. 碰撞； 破裂声	We watched the waves crashing against the rocks.	我们看着海浪哗啦哗啦地冲击岩石。	同义：collision, precipitation, impact, fall of	同根：crashing 彻底的；最好的；猛撞的；crasher 猛击；破碎机；不速之客；crashing 打碎（crash的ing形式）
patch	/pætʃ/	n. 补丁；斑，与周围不同的部分；一小块地 vt. 补， 修补	Look out for icy patches on the road.	小心路上结冰的地方。	同义：spot, chip, debris, decide	同根：patchy 不调和的；拼凑成的；有补丁的；patchiness 补缀的性质；patching 修补；（路面）补坑；搪衬
observer	/əbˈzɝvɚ/	n. 观察员， 观察者	political observers	政治观察员	同义：viewer, watcher	同根：observed 观察的；观测的；observant 善于观察的；机警的；严格遵守的；observable 显著的；觉察得到的；看得见的
reflect	/rɪˈflɛkt/	v. 反映， 显示； 反射， 映现； 深思， 考虑， 反省	The drop in consumer spending reflects concern about the economy.	消费支出的下降反映出人们对经济的担忧。	同义：glass, image, give back, flash back	同根：reflective 反射的；反映的；沉思的；reflected 反射的；得自他人的；reflecting 反射的；沉思的
procession	/prəˈsɛʃən/	n. 队伍， 行列	They marched in procession to the Capitol building.	他们列队向国会大厦行进。	同义：train, cavalcade, file	同根：process 经过特殊加工（或处理）的；processible 适合加工的；可处理的；processional 游行的；列队行进的
contribution	/,kɑntrɪˈbjuʃən/	n. 贡献， 促成作用； 捐款， 捐献物； 稿件	a campaign contribution	竞选捐款	同义：subscription, contributing to	同根：contributing 贡献的；起作用的；contributory 捐助的；贡献的；有助于…的；contributive 出资的；贡献的；有助于；助长...的
Marxist	/ˈmɑrksɪst/	adj. 马克思主义的 n. 马克思主义者	a Marxist perspective	马克思主义思想观		
bang	/bæŋ/	vi. 猛击， 猛撞； 发出砰的一声， 砰砰地响 n. 巨响，枪声；猛击 vt. 猛击，猛撞；砰地敲	The baby kept banging the table with his spoon.	宝宝不停地拿调羹敲桌子。	同义：pound, devel, directly, immediately	
brow	/braʊ/	n. 额， 眉， 眉毛	He wiped his brow with the back of his hand.	他用手背擦了擦额头。	同义：quantum, supercilium	
meaning	/ˈminɪŋ/	n. 意义， 意思； 目的； 重要性	What’s the meaning of this? I asked you to be here an hour ago!	这是什么意思？我让你一小时之前就要到的！	同义：significance, intention, will, import	同根：mean 平均的；卑鄙的；低劣的；meaningful 有意义的；意味深长的；meaningless 无意义的；无目的的
ignorant	/ˈɪɡnərənt/	adj. 不知道的， 无知的	an ignorant and uneducated man	不学无术的人	同义：dark, empty, innocent	同根：ignorantly 无知地；不学无术地；ignorance 无知，愚昧；不知，不懂；ignoramus 不学无术的人；无知的人
magnetic	/mægˈnɛtɪk/	adj. 磁的； 有吸引力的	magnetic forces	磁力	同义：geomagnetic	同根：magnetized 已磁化的；magnetically 有磁力地；有吸引力地；magnetism 磁性，磁力；磁学；吸引力
band	/bænd/	n. 乐队；群，伙；带；条纹；波段 vt. 用带绑扎	The band was playing old Beatles songs.	乐队正在演奏披头士的老歌。	同义：strip, crowd, combine, connect	同根：banded 有带子的；bandy 向外弯曲的；bandage 绷带
orbit	/ˈɔrbɪt/	n. 轨道 vt. 做轨道运行	Mars and Earth have orbits which change with time.	火星和地球的轨道随着时间而发生改变。	同义：path, track, railway, trajectory	同根：orbital 轨道的；眼窝的；orbiter 人造卫星；盘旋物
comprise	/kəmˈpraɪz/	vt. 包含， 包括， 构成	The house comprises two bedrooms, a kitchen, and a living room.	这座房子有两间卧室、一间厨房和一间起居室。	同义：involve, contain	
moderate	/ˈmɑdərɪt/	adj. 中等的； 温和的， 稳健的； 有节制的 v. 和缓， 减轻； 节制	Even moderate amounts of alcohol can be dangerous.	喝酒即使不多也会有危险。	同义：pacific, medium, secondary, soft	同根：moderated 慢化的，适中的；moderating 减速的；慢化的；moderato （意）中板的
resident	/ˈrɛzɪdənt/	adj. 居住的， 定居的； 住校的， 住院的 n. 居民，定居者；住院医生	a resident tutor	住校辅导老师	同义：stationary, liver, dweller, inhabitant	同根：residential 住宅的；与居住有关的；residence 住宅，住处；居住；residency 住处；住院医生实习期
spray	/spreɪ/	v. 喷， 溅散 n. 浪花，水花；喷雾	A sprayer hooked to a tractor can spray five gallons onto ten acres.	挂在拖拉机上的喷雾器用五加仑液量能喷洒十英亩地。	同义：foam, atomizer, eject, sparge	同根：sprayer 喷雾器；喷出水沫的人；洒水车
receiver	/rɪˈsivɚ/	n. 听筒； 接收器	a satellite receiver	卫星信号接收器	同义：taker, acceptor	同根：received 被一般承认的；被认为标准的；receivable 可接受的；可信的；receivable 应收帐款
outer	/ˈaʊtɚ/	adj. 外面的， 外层的	Remove the tough outer leaves before cooking.	烹煮之前先把外面的老叶子去掉。	同义：outside, external, out	同根：out 外面的；出局的；下台的；outward 向外的；外面的；公开的；外服的；肉体的；outing 远足适用的
invent	/ɪnˈvɛnt/	vt. 发明， 创造； 捏造	Alexander Graham Bell invented the telephone in 1876.	亚历山大 · 格雷厄姆 · 贝尔于1876年发明了电话。	同义：father, coin	同根：inventive 发明的；有发明才能的；独出心裁的；inventively 有创造力地；率先的；invention 发明；发明物；虚构；发明才能
fluent	/ˈfluənt/	adj. 流利的， 流畅的	He spoke in fluent Italian.	他用流利的意大利语讲话。	同义：fluid, mellifluous	同根：fluently 流利地；通畅地；fluency 流畅，流利
shortcoming	/ˈʃɔrtkʌmɪŋ/	n. 短处， 缺点	Peter was painfully aware of his own shortcomings.	彼得痛苦地认识到了自己的短处。	同义：defect, deficiency, disadvantage, vice	
substantial	/səbˈstænʃəl/	adj. 可观的， 大量的； 结实的， 坚固的； 实质的， 真实的	We have the support of a substantial number of parents.	我们有相当多家长的支持。	同义：massive, extensive, macro, much	同根：substantive 有实质的；大量的；真实的；独立存在的；substantiated 实体化的；被证实了的；substantially 实质上；大体上；充分地
flood	/flʌd/	v. 淹没； 涌入 n. 洪水；大量	Towns and cities all over the country have been flooded.	全国各地的城镇都被淹没了。	同义：drown out, inundate, stream, spill into	同根：flooding 泛滥；产后出血
vitamin	/ˈvaɪtəmɪn/	n. 维生素	Try to eat foods that are rich in vitamins and minerals.	尽量吃富含维生素和矿物质的食物。	同义：thiamine hydrochloride	
intention	/ɪnˈtɛnʃən/	n. 意图， 意向， 目的	They went into town with the intention of visiting the library.	他们进了城，打算参观图书馆。	同义：goals, purpose, sake, meaning	同根：intent 专心的；急切的；坚决的；intentional 故意的；蓄意的；策划的；intentionally 故意地，有意地
rude	/rud/	adj. 粗鲁的， 不礼貌的； 粗糙的， 粗陋的	a rude remark	粗鲁的话	同义：angry, robust, crude	同根：rudely 无礼地；粗暴地；rudeness 无礼；粗蛮
symptom	/ˈsɪmptəm/	n. 症状； 征候， 征兆	One of the most common symptoms of schizophrenia is hearing imaginary voices.	精神分裂症最常见的症状之一是幻听。	同义：premonitor, prefiguration	同根：symptomatic 有症状的；症候的；symptomless 无症状的
pillar	/ˈpɪlɚ/	n. 柱， 柱子； 栋梁	Eight massive stone pillars supported the roof.	八根巨大的石柱支撑起房顶。	同义：column, ridgepole	同根：pillared 成柱状的；有柱的；pillared 用柱支持；用柱子的形式体现（pillar的过去分词）
thereby	/,ðɛrˈbaɪ/	adv. 因此， 从而， 由此	Our bodies can sweat, thereby losing heat by evaporation.	我们的身体会流汗，由此能通过蒸发散热。	同义：hence, accordingly, thus, consequently	同根：therefore 因此；所以；there 在那里；在那边；在那点上；therein 在其中；在那里
unique	/jʊˈnik/	adj. 唯一的， 独一无二的； 极不寻常的， 极好的	a unique opportunity to study these rare creatures	研究这些珍稀动物的难得机会	同义：distinct, individual, one, sole	同根：uniquely 独特地；珍奇地；uniqueness 独特性；独一无二；单值性
funeral	/ˈfjunərəl/	n. 葬礼， 丧礼， 丧葬	The funeral will be held at St. Martin’s Church.	葬礼将在圣马丁教堂举行。	同义：obsequies, interment, sepulchral	同根：funerary 埋葬的；葬礼的；funereal 悲哀的；送葬的；适合葬礼的
boost	/bʊst/	vt. 提高，使增长；推动，激励；替…做广告，宣扬 n. 提高， 增长； 推动， 激励	The new resort area has boosted tourism.	新的度假区促进了旅游业的发展。	同义：facilitate, promote, enhance, further	同根：booster 升压机；支持者；扩爆器
fireman	/ˈfaɪrmən/	n. 消防队员； 司炉工	Would you like to be a fireman?	你愿意是一名消防队员吗？	同义：pompier	同根：firefighter 消防队员
sincere	/sɪnˈsɪr/	adj. 真诚的， 诚挚的	Please accept my sincere apologies .	请接受我真诚的道歉。	同义：actual, positive, true, real	同根：sincerely 真诚地；由衷地，诚恳地；sincerity 真实，诚挚
male	/mel/	adj. 男的，雄的 n. 男子， 雄性动物	a deep male voice	低沉的男声	同义：vigorous, energetic, boy, tom	同根：maleness 男性；雄性
ministry	/ˈmɪnɪstri/	n. 部	...the Ministry of Justice.	…司法部。	同义：division, department, sector	
religious	/rɪˈlɪdʒəs/	adj. 宗教的； 笃信宗教的， 虔诚的	I don’t share her religious beliefs .	她的宗教信仰和我的不同。	同义：good, sacred, monk, cenobite	同根：religiously 虔诚地，笃信地；religion 宗教；宗教信仰；religiosity 虔诚；宗教狂；虚伪信仰
nevertheless	/,nɛvɚðəˈlɛs/	adv. 仍然， 然而	What you said was true. It was, nevertheless, a little unkind.	你说的都是实话，只不过有点刻薄。	同义：though, natheless, whereas, however	
prominent	/ˈprɑmɪnənt/	adj. 突出的， 杰出的； 突起的， 凸出的	a prominent Russian scientist	杰出的俄罗斯科学家	同义：obvious, excellent, remarkable, brilliant	同根：prominently 显著地；prominence 突出；显著；突出物；卓越
shelter	/ˈʃɛltɚ/	n. 掩蔽处，躲避处；住所；掩蔽，保护 vt. 掩蔽， 庇护； 躲避	The men took shelter in a bombed-out farmhouse.	那些男人躲在一间被炸毁的农舍里。	同义：housing, haven, shadow, home	同根：sheltered 受保护的；掩蔽的；免税的；为弱者提供方便的；sheltered 庇护（shelter的过去分词）
outset	/ˈaʊtsɛt/	n. 开始， 开端	It was clear from the outset that there were going to be problems.	从一开始就很清楚会有问题出现的。	同义：beginning, threshold, opening, conception	
jewel	/ˈdʒuəl/	n. 宝石； 宝石饰物	She loved dressing up and wearing priceless jewels.	她喜欢穿上盛装，戴上极为昂贵的珠宝首饰。	同义：gem, gemstone	同根：jewelry 珠宝；珠宝类；jewellery 珠宝（等于jewelry）；jeweler 珠宝商；宝石匠；钟表匠；钟表商
scan	/skæn/	vt. 细看，审视；扫描，浏览 n. 扫描	He scanned the horizon, but there was no sign of the ship.	他朝地平线处仔细眺望，但是找不到那艘船的踪影。	同义：glance through, look through, survey, scrutiny	同根：scanning 扫描的；观测的；搜索的；扫掠的；scanner [计] 扫描仪；扫描器；光电子扫描装置；scanning 扫描；搜索，观测；扫掠
fundamental	/,fʌndəˈmɛntl/	adj. 基础的，基本的 n. 基本原则	We have to tackle the fundamental cause of the problem.	我们必须解决问题的根本原因。	同义：elementary, basic, essential, organic	同根：fundamentalist 基要主义的；fundamentally 根本地，从根本上；基础地；fundamentalist 基要主义者；信奉正统派基督教的人
eliminate	/ɪˈlɪmɪnet/	vt. 消灭， 消除， 排除； 淘汰	Our team was eliminated in the first round.	我们队第一轮就被淘汰了。	同义：avoid, exclude	同根：elimination 消除；淘汰；除去；eliminator 消除器；消除者
global	/ˈɡlobl/	adj. 全球的， 全世界的； 总的， 完整的	global climate change	全球气候变化	同义：spherical, ball-shaped	同根：globally 全球的；全局地；世界上；globe 地球；地球仪；球体；globalization 全球化
entitle	/ɪnˈtaɪtl/	vt. 给…权利； 给题名	a documentary entitled ‘The Price of Perfection’	一部名为《完美的代价》的纪录片		同根：entitled 有资格的；给与名称的；entitlement 权利；津贴；entitled 给…权利；给…定书名；授…以荣誉（entitle的过去分词）
outline	/ˈaʊtlaɪn/	n. 提纲，要点；外形，略图 vt. 概述； 描…外形	a research proposal outline	研究计划梗概	同义：profile, program, brief, contour	
fade	/fed/	vi. 褪色；逐渐消失；凋谢 vt. 使褪色	Hopes of a peace settlement are beginning to fade.	达成和平协议的希望日渐渺茫。	同义：peter, color fading, discolor, stupid	同根：faded 已褪色的；已凋谢的；fading 褪色；衰退；凋谢；fading 使衰落（fade的ing形式）；褪色
unless	/ənˈlɛs/	conj. 除非， 如果不	Unless some extra money is found, the theatre will close.	要是不能找到更多资金，剧院将要关闭。	同义：besides, except as, in addition to	
butterfly	/ˈbʌtɚflaɪ/	n. 蝴蝶	Butterflies and moths are attracted to the wild flowers.	蝴蝶和飞蛾为野花所吸引。	同义：scalewing, papilio	
excess	/ˈɛkˈsɛs/	adj. 过量的， 额外的 n. 超越； 过量， 过度	Cut any excess fat from the meat.	将肉中多余的肥肉切掉。	同义：immoderation, exorbitance, additional, added	同根：excessive 过多的，极度的；过分的；excessively 过分地；极度；excessiveness 过度（非常，格外）；冗余
glance	/ɡlæns/	vi. 看一下 n. 一瞥 vt. 用扫视； 反射	Wyatt glanced around the restaurant.	怀亚特环视了一下餐馆。	同义：dekko, shufti, run one's eyes over, catch a glimpse of	
perspective	/pɚˈspɛktɪv/	n. 视角， 观点； 远景， 景观； 透视画法， 透视图	the artist’s use of perspective	那位画家对透视法的运用	同义：viewpoint, outlook, eye, sentiment	
relationship	/rɪˈleʃənˈʃɪp/	n. 关系， 关联	He’s never had a sexual relationship before.	他以前从未与人有过性关系。	同义：connection, correlation, bearing, concern	同根：relative 相对的；有关系的；成比例的；related 有关系的，有关联的；讲述的，叙述的；relational 相关的；亲属的
equality	/ɪˈkwɑləti/	n. 等同， 平等， 相等	...equality of the sexes.	…性别平等。	同义：equivalence, egality	同根：equal 平等的；相等的；胜任的；equalized 平衡的；equally 同样地；相等地，平等地；公平地
dictation	/dɪkˈteʃən/	n. 口授； 听写	There were no secretaries available to take dictation (= write down what someone is saying ) .	身边没有秘书记录口授内容。	同义：instruction, bidding, order, word	同根：dictate 命令；指示；dictator 独裁者；命令者；dictate 口述；听写
stiff	/stɪf/	adv. 极其， 非常； 僵硬地 adj. 硬的，僵直的；不灵活的；拘谨的，生硬的；费劲的；强烈的	Anna tried to look interested. Actually, she was bored stiff.	安娜试图装出感兴趣的样子。实际上她都厌烦透了。	同义：mechanical, severe, wooden, rigid	同根：stiffness 僵硬；坚硬；不自然；顽固；stiffen 变硬；变猛烈；变粘；stiffen 使变硬；使粘稠
expression	/ɪkˈsprɛʃən/	n. 词语； 表达； 表情	Student leaders are demanding greater freedom of expression (= the right to say what you think without being punished ).	学生领袖要求得到更多的言论自由。	同义：utterance, representative of	同根：express 明确的；迅速的；专门的；expressive 表现的；有表现力的；表达…的；expressionless 无表情的；呆板的
invade	/ɪnˈved/	vt. 入侵， 侵略， 侵袭	The Romans invaded Britain 2,000 years ago.	2,000年前古罗马人入侵了英国。	同义：strike, make inroads into, make inroads into, intrude upon	同根：invasive 侵略性的；攻击性的；invasion 入侵，侵略；侵袭；侵犯；invader 侵略者；侵入物
reaction	/rɪˈækʃən/	n. 反应； 反作用	What was Jeff’s reaction when you told him about the job?	你告诉杰夫这个工作时，他是什么反应？	同义：response, behavior, induction, reception	同根：reactive 反应的；电抗的；反动的；reactionary 反动的；反动主义的；反对改革的；reactionist 反动的
childhood	/ˈtʃaɪldhʊd/	n. 童年， 幼年， 早期	She had a happy childhood.	她有过一个快乐的童年。		同根：childish 幼稚的，孩子气的；childishly 天真地，幼小地；幼稚地；child 儿童，孩子；产物；子孙
wolf	/wʊlf/	n. 狼	a pack of wolves	一群狼	同义：Lothario, lady-killer, tie into, gulp down	同根：wolfish 残忍的；贪婪的；狼似的；wolfishly 残忍地；贪婪地；似狼地
accordance	/əˈkɔrdns/	n. 一致； 和谐	I am in accordance with him in this matter.	在这件事情上我同他是一致的。	同义：unity, agreement, identity, consensus	同根：accordant 一致的；调和的；accord 符合；一致；协议；自愿；accord 符合；一致
thorough	/ˈθʌrəʊ/	adj. 彻底的， 详尽的	The doctor gave him a thorough check-up.	医生给他做了一次全面的体检。	同义：complete, radical	同根：thoroughgoing 完全的，彻底的；thoroughly 彻底地，完全地；thoroughness 十分，完全；彻底
democracy	/dɪˈmɑkrəsi/	n. 民主， 民主制； 民主国家	a return to democracy after 16 years of military rule	16年军人统治后民主制度的恢复		同根：democratic 民主的；民主政治的；大众的；democratically 民主地；民主主义地；demo 演示；样本唱片；示威；民主党员
transportation	/,trænspɔrˈteʃən/	n. 运输， 运送， 客运	The city needs to improve its public transportation (= buses, trains etc ) .	这座城市需要改善公共交通。	同义：carriage, traffic	同根：transportable 可运输的；便携式的；transport 运输；运输机；狂喜；流放犯；transporter 运输机；输送者
dye	/daɪ/	vt. 染 n. 染料； 染色	The women prepared, spun, and dyed the wool.	妇女们将羊毛预备、纺线并染色。	同义：dyeing, dyestuff, tint	同根：dyed 被染色的；dyeing 染色的；dyeing 染色；染色工艺
extensive	/ɪkˈstɛnsɪv/	adj. 广阔的， 广泛的	The house stands in extensive grounds.	这栋房子占地面积很大。	同义：widespread, massive, comprehensive, substantial	同根：extended 延伸的；扩大的；长期的；广大的；extensively 广阔地；广大地；extension 延长；延期；扩大；伸展；电话分机
congratulation	/kən,ɡrætʃuˈleʃən/	n. 贺词； 祝贺， 恭喜	letters of congratulation	祝贺信	同义：felicitation, gala	同根：congratulatory 祝贺的；庆祝的；congratulate 祝贺；恭喜；庆贺
definitely	/ˈdɛfɪnətli/	adv. 一定地， 明确地	‘Do you reckon Margot will be there?’ ‘ Definitely not .’	“你估计玛戈会在那里吗？” “肯定不会。”	同义：certainly, surely, specifically, particularly	同根：definite 一定的；确切的；defined 有定义的，确定的；清晰的，轮廓分明的；definitive 决定性的；最后的；限定的
inspire	/ɪnˈspaɪɚ/	vi. 吸气； 赋予灵感 vt. 鼓舞，给…以灵感	The story was inspired by a chance meeting with an old Russian duke.	这个故事的创作灵感来自与一位俄国老公爵的不期而遇。	同义：stimulate, lift, wake, spirit	同根：inspired 有灵感的；官方授意的；inspiring 鼓舞人心的；灌输的；启发灵感的；inspiration 灵感；鼓舞；吸气；妙计
marvelous	/ˈmɑrvələs/	adj. 奇迹般的， 了不起的	Wonderful, marvelous. Police always are servants of upper caste, money, politicians. You cant expect justice for dalits in this country.	好极了，了不起。警察一直是高种姓、金钱、政客的仆人。达利特在这个国家无法期望得到公正。	同义：remarkable, extraordinary, unusual, amazing	同根：marvelously 奇迹般地；不可思议地；令人惊讶地；marvel 奇迹；marvel 感到惊讶
household	/ˈhaʊshold/	adj. 家庭的； 家喻户晓的 n. 家庭，户；家务	household chores	家务杂活	同义：domestic, family, daily, everyday	同根：householder 户主，家长；房主
geometry	/dʒɪˈɑmətri/	n. 几何， 几何学	...the very ordered way in which mathematics and geometry describe nature.	…数学和几何学描述自然的条理性。		同根：geometric 几何学的；[数] 几何学图形的；geometrically 用几何学；几何学上地；按几何级数地；geometer [植保] 尺蠖（一种虫子，行动时身体弯成弧状）；几何学者
ratio	/ˈreʃɪo/	n. 比， 比率	The adult to child ratio is one to six.	成人与儿童之比是1比6。	同义：rate, scale	同根：rateable 按比例的；可估价的；应纳税的（等于ratable）
wool	/wʊl/	n. 羊毛； 毛线， 绒线	a ball of wool	一团毛线	同义：erio, Lana	同根：woolen 羊毛的；羊毛制的；woollen 羊毛制的；woolly 羊毛的；模糊的；似羊毛的
wholly	/ˈholli/	adv. 完全地， 全部地	a wholly satisfactory solution	完全令人满意的解决办法	同义：totally, entirely, completely, absolutely	同根：whole 完整的；纯粹的；wholesome 健全的；有益健康的；合乎卫生的；审慎的；wholesomely 卫生地；有益健康地；审慎地；安全地
instinct	/ˈɪnstɪŋkt/	n. 本能， 天性； 直觉	Her instinct told her that something was wrong.	直觉告诉她有些不对劲。	同义：intuition, natural ability, abrim	同根：instinctive 本能的；直觉的；天生的；instinctively 本能地
approximate	/əˈprɑksɪmət/	adj. 近似的 vt. 近似； 估计	The approximate cost varies from around $150 to $250.	大致的费用在$150至$250之间不等。	同义：close to, border on, near, broad	
invest	/ɪnˈvɛst/	v. 投资， 投入； 授予	I’ve got a few thousand dollars I’m looking to invest.	我有几千美元想作投资。	同义：fund, award, give, house	同根：investment 投资；投入；封锁；investor 投资者；investiture 授职仪式；授权仪式；装饰或覆盖物
afterward	/ˈæftərwərd/	adv. 后来， 以后	Shortly afterward, police arrested four suspects.	之后不久，警方逮捕了４名嫌疑犯。	同义：since, subsequently	同根：after 以后的；aftermost 最后的；最后部的；最靠近船尾的；after 后来，以后
reputation	/,rɛpjuˈteʃən/	n. 名誉， 名气， 名声	Alice Munro has a reputation for being a very depressing writer.	艾丽斯•门罗有文风抑郁的名声。	同义：credit, name, fame, celebrity	同根：reputable 声誉好的；受尊敬的；卓越的；reputed 名誉好的；被普遍认为…的；repute 名誉；声望
project	/prəˈdʒɛkt/	v. 伸出； 投射； 预计 n. 方案， 计划； 课题， 项目； 工程	The company projected an annual growth rate of 3%.	该公司预计每年的增长率为3%。	同义：design, engineer, design, schedule	同根：projecting 突出的；伸出的；projection 投射；规划；突出；发射；推测；projector [仪] 投影仪；放映机；探照灯；设计者
shrug	/ʃrʌɡ/	n&v. 耸肩	I just shrugged my shoulders and ignored him.	我只是耸耸肩，没有理睬他。	同义：hunch	
independence	/,ɪndɪˈpɛndəns/	n. 独立， 自主， 自立	The country has made great advances since independence.	该国自独立以来发展迅速。	同义：freedom, juche	同根：independent 独立的；单独的；无党派的；不受约束的；independently 独立地；自立地；independent 独立自主者；无党派者
coordination	/ko,ɔrdɪˈneʃən/	n. 同等； 调和	Too much alcohol affects your coordination.	喝酒太多会影响你动作的协调。	同义：harmony, keeping	同根：coordinate 并列的；同等的；coordinated 协调的；coordinating 协调的
presentation	/,prizɛnˈteʃən/	n. 提供， 显示； 外观， 图像； 授予， 赠送； 报告， 介绍； 表演	the presentation ceremony	颁奖仪式	同义：description, statement, representation, characterization	同根：present 现在的；出席的；presentational 表象的；演出的；上演的；直觉的；present 现在；礼物；瞄准
diameter	/daɪˈæmɪtɚ/	n. 直径	...a tube less than a fifth of the diameter of a human hair.	…一根直径不到头发五分之一的微管。		同根：diametrical 直径的；正好相反的；截然的；diametral 直径的；diametric 直径的；正相反的
barn	/bɑrn/	n. 谷仓； 牲口棚			同义：granary, garage	
bark	/bɑrk/	vi. 吠，叫 n. 吠声， 叫声； 树皮	Don't let the dogs bark.	别让狗叫。	同义：have a cough, huff and puff, rap out, ululation	同根：barky [植] 含有树皮的；似树皮的；barker [木] 剥皮机；剥树皮工；杂耍、戏院前叫喊招揽观众的人
loop	/lup/	v. 成环， 成圈 n. 圈，环，回路；循环	The ball looped over the goalkeeper into the back of the net.	那个球绕过守门员射入网底。	同义：somersault, annulus, anulus	同根：looped 成圈的；酩酊大醉的；looping 循环的；环状的；loopy 多圈的；呆头呆脑的
restrain	/rɪˈstren/	vt. 阻止， 控制； 抑制， 遏制	Renwick restrained a feeling of annoyance.	伦威克忍住了不悦的情绪。	同义：possess, regulate, contain, manage	同根：restrained 克制的，受限制的；拘谨的；restraint 抑制，克制；约束；restrainer [摄] 抑制剂（尤指摄影中用的溴化钾等）；限制器；控制者
greedy	/ˈgridi/	adj. 贪吃的； 贪婪的； 渴望的	a greedy and selfish society	一个贪婪自私的社会	同义：eager, hungry, anxious, desired	同根：greedily 贪婪地；贪食地；greed 贪婪，贪心；greediness 贪吃；贪欲；嘴馋
awkward	/ˈɔkwɚd/	adj. 笨拙的， 尴尬的； 难操纵的， 使用不便的； 不灵巧的	I hoped he would stop asking awkward questions .	我希望他不要再问令人难堪的问题。	同义：testing, embarrassed	同根：awkwardly 笨拙地；无技巧地；awkwardness 尴尬；笨拙
bare	/bɛr/	adj. 赤裸的；光秃的，无遮盖的；刚刚够的，勉强的 vt. 露出， 显露	a ragged child with bare feet	一个衣衫褴褛、光着脚的小孩	同义：empty, hollow, vacant, show up	同根：barish 部分裸露的；baring 暴露，掘开；bareness 裸露；赤裸
ruin	/ˈruɪn/	v. 毁坏 n. 毁灭；废墟	This illness has ruined my life.	这个病毁掉了我的生活。	同义：demolition, disruption, devastate, go to the dogs	同根：ruined 毁灭的；荒废的；ruinous 破坏性的，毁灭性的；零落的；ruinously 毁灭地；败坏地
crane	/kren/	n. 起重机， 摄影升降机； 鹤	The little prefabricated hut was lifted away by a huge crane.	那间小小的预制棚屋被一台巨大的起重机吊走了。	同义：suspended ceiling, derrick, hesitate, stand at	
beard	/bɪrd/	n. 胡须， 络腮胡子	He's decided to grow a beard.	他已经决定蓄胡须。	同义：speak out against, hige, barba	同根：bearded 有芒的；有胡子的；有须的；beardless 无须的；无芒的；乳臭未干的；年轻的；bearded 使长胡须（或芒刺等）（beard的过去分词）
impatient	/ɪmˈpeʃnt/	adj. 不耐烦的， 急躁的	He turned away with an impatient gesture.	他做了个不耐烦的手势转过身去。	同义：fretful	同根：impatiently 无耐性地；impatience 急躁；无耐心
spill	/spɪl/	v. 溢出，洒落 n. 溢出	Katie almost spilled her milk.	凯蒂差点把牛奶洒出来。	同义：drain, overflow, discharge, issue	同根：spillover 溢出；外流人口；spillage 溢出；溢出量；spiller 使溢出者；使溅出者
owing	/ˈoɪŋ/	adj. 应付的， 未付的	You need to pay the amount owing, plus the interest.	你需要付清欠款，外加利息。	同义：unliquidated	同根：owe 欠钱；owe 欠；感激；应给予；应该把……归功于
collection	/kəˈlɛkʃən/	n. 搜集， 聚集， 积聚； 收集， 收取； 收藏品， 收集的东西	a debt collection agency	收债服务机构	同义：clustering, gather	同根：collect 由收件人付款的；collective 集体的；共同的；集合的；集体主义的；collected 镇定的；收集成的
gardener	/ˈgɑrdənɚ/	n. 园丁， 花匠	She employed a gardener.	她雇了一个园丁。	同义：groundskeeper, horticulturist	同根：garden 花园；菜园；gardening 园艺；园林工人的工作；garden 从事园艺；在园中种植
conquest	/ˈkɑŋkwɛst/	n. 攻取， 征服， 克服	the Norman Conquest (= the conquest of England by the Normans )	诺曼征服	同义：prize, defeat, capture	
finding	/ˈfaɪndɪŋ/	n. 发现； 调查的结果； 裁决	Surveys conducted in other countries reported similar findings.	在其他国家进行的调查也报告说有类似的结果。	同义：discovery, occurrence, detection	同根：find 发现；finder 发现者；探测器；（照相机的）[摄] 取景器；（大望远镜上的）[天] 寻星镜；found 找到（find的过去分词）
dense	/dɛns/	adj. 密集的， 浓厚的； 密度大的	a dense rurally-based population	居住在乡村的密集人口	同义：crass, beef-witted	同根：densely 浓密地；密集地；density 密度；denseness 密集；稠密；浓厚
fortnight	/ˈfɔrtnaɪt/	n. 两星期， 十四天	a fortnight’s holiday	十四天的假期		同根：fortnightly 隔周发行的；每两周的；fortnightly 隔周地；每两星期一次地；fortnightly 双周刊
laboratory	/ˈlæbrəˌtɔrɪ/	n. 实验室， 研究室	a research laboratory	研究实验室	同义：lab	
inspect	/ɪnˈspɛkt/	vi. 进行检查； 进行视察 vt. 检查，审查；检阅	The building is regularly inspected by the fire-safety officer.	消防安全官定期巡视这座大楼。	同义：examine, review, visit	同根：inspection 视察，检查；inspector 检查员；巡视员；inspectorate 检查员；视察团；检查员的辖区
systematical	/ˌsɪstəˈmætɪk(l)/	adj. 有系统的， 有计划的	However, if we examine it from the self-others coordination, we could regard it as a systematical functions on multiple brain areas.	从自我与他人协调的角度看，可认为它是一个由多脑区有机组织而成的系统。	同义：constant, methodical	
vital	/ˈvaɪtl/	adj. 致命的， 生死攸关的； 极其重要的； 生命的， 有生命力的	The work she does is absolutely vital.	她所做的工作至关重要。	同义：dynamic, life-or-death	同根：vitally 极其；紧要地；生死攸关地；vitality 活力，生气；生命力，生动性；vitalism [生物] 活力论；[生物] 生机说
conflict	/ˈkɑnflɪkt/	vi. 冲突， 抵触 n. 冲突， 抵触， 争论； 战斗， 战争	Personal ethics and professional ethics sometimes conflict.	个人道德与职业道德之间有时会相冲突。	同义：interference, difference, war, battle	同根：conflicting 冲突的；相矛盾的；不一致的；conflicting 冲突；争执（conflict的ing形式）
farewell	/,fɛrˈwɛl/	n. 告别， 欢送会	Mourners gathered to bid farewell to the victims of the plane tragedy.	哀悼者来向空难受害者告别。	同义：adieux, leave-taking, tara, valedictory	
appliance	/əˈplaɪəns/	n. 用具， 器具， 器械； 家电	He could also learn to use the vacuum cleaner, the washing machine and other household appliances.	他还能学习使用吸尘器、洗衣机和其他家用电器。	同义：device, apparatus, installation, unit	
mass	/mæs/	adj. 大量的，大规模的 v. 聚集， 集中 n. 众多，大量；团，块，堆；群众；质量	a mass protest	大规模的抗议	同义：piece, block, lots of, wealth	同根：massive 大量的；巨大的，厚重的；魁伟的；massively 大量地；沉重地；庄严地；massif 山丘；断层块；大厦
lord	/lɔrd/	n. 领主， 君主， 贵族	Lord Salisbury	索尔兹伯里勋爵	同义：Creator, Providence, gosh, jiminy	同根：lordless 无丈夫的；无君主的；lordly 贵族气派的；高傲的；lordly 贵族般地；高傲地
detect	/dɪˈtɛkt/	vt. 察觉， 发觉； 侦查出	Many forms of cancer can be cured if detected early.	如果发现得早，许多种癌症都可以治愈。	同义：explore, perceive	同根：detective 侦探的；detectable 可检测的；可发觉的；detection 侦查，探测；发觉，发现；察觉
amateur	/ˈæmətər/	adj. 业余爱好的， 业余的； 外行的 n. 业余爱好者；外行	...professional athletes and amateur runners.	…专业运动员和业余赛跑运动员。	同义：lover, fan, strange, leisure	同根：amateurish 业余的；不熟练的；外行的；amateurism 业余性；非职业的作为；业余特点；业余主义
poisonous	/ˈpɔɪzənəs/	adj. 有毒的； 恶毒的	Some mushrooms are extremely poisonous.	一些蘑菇有剧毒。	同义：toxic, evil, rank, vicious	同根：poison 有毒的；poison 毒药，毒物；酒；有毒害的事物；[助剂] 抑制剂；poisoning 中毒
condemn	/kənˈdɛm/	vt. 谴责， 指责； 判…刑， 宣告…有罪	Politicians were quick to condemn the bombing.	政治家们立即对爆炸事件进行了谴责。	同义：denounce, deplore	同根：condemnatory 处罚的；非难的；定罪的；condemnable 该受责备的，应受谴责的；该罚的；应定罪的，该定罪的；condemnation 谴责；定罪；非难的理由；征用
beast	/bist/	n. 兽， 野兽， 牲畜； 凶残的人， 令人厌憎的人	You beast! Let go!	你这畜生，放开我！	同义：wild animals, subman	同根：beastly 野蛮的；残忍的；可恶的；beastly 极，非常
assistance	/əˈsɪstəns/	n. 协助， 援助	We offer financial assistance to students.	我们向学生提供经济援助。	同义：aid, hand, help, boost	同根：assistant 辅助的，助理的；有帮助的；assisted 辅助的；assist 帮助；助攻；vi. 参加；出席；vt. 帮助；促进
commerce	/ˈkɑmɝs/	n. 商业， 贸易； 社交	measures promoting local commerce and industry	促进地方工商业发展的措施	同义：trade, traffic	同根：commercial 商业的；营利的；靠广告收入的；commercialized 商业化的；commercially 商业上；通商上
gesture	/ˈdʒɛstʃɚ/	v. 做手势 n. 姿势，手势，姿态	I gestured toward the boathouse, and he looked inside.	我朝停船小屋打手势，他在里面看了看。	同义：motion, sign, stance	同根：gestural 手势的；示意动作的；gesticulation 手势；姿势；示意动作；gesticulate 用姿势示意；（讲话时）做手势
poem	/ˈpoəm/	n. 诗	...a book of love poems.	…一本爱情诗集。	同义：poetry, verse	
interest	/ˈɪntrəst/	n. 兴趣；利益，利害关系；利息 vt. 使感兴趣	I watched the first few episodes, but soon lost interest.	我看了前几集，但很快就失去了兴趣。	同义：like, fond of	同根：interesting 有趣的；引起兴趣的，令人关注的；interested 感兴趣的；有权益的；有成见的；interestingly 有趣地
gulf	/ɡʌlf/	n. 海湾； 巨大的分歧	the Gulf of Mexico	墨西哥湾	同义：bay, deep, variance, engulf	
poet	/ˈpoət/	n. 诗人	He was a painter and poet.	他是一位画家兼诗人。	同义：fili, metrist	同根：poetic 诗的，诗歌的；诗意的；诗人的；poetic 诗学，诗论；poetess 女诗人
shave	/ʃev/	v. 剃，刮，刨，削；修面，刮脸 n. 修面， 刮脸	He hadn’t shaved for days.	他已经好几天没刮脸了。	同义：razor, oversweep, scrape through, squeeze through	同根：shaven 刮过脸的，修过脸的；削发的；shaver 理发师；电动剃刀；shaving 刮胡子，修面；削；刨花
organic	/ɔrˈgænɪk/	adj. 有机体的， 有机物的	Organic farming is better for the environment.	有机耕作对环境更有利。	同义：fundamental, ultimate, radical, underlying	同根：organizational 组织的；编制的；organised 有组织的；组织起来的（等于organized）；organismal 生物的；有机体的
mask	/mæsk/	n. 面具，面罩，口罩；伪装 vt. 遮盖， 掩饰	a surgical face mask	外科手术口罩	同义：blind, face-piece, dissimulate, make sb up	同根：masked 戴面具的；掩蔽的；masking 掩蔽；隐蔽；masker 戴面具的人
summary	/ˈsʌməri/	adj. 概括的， 概要的； 实时的， 即决的 n. 摘要，概要，一览	a summary execution	立即处决	同义：condensed, terse, abstract, brief	同根：summarily 概要地；立刻；概略地；summarization [图情] 摘要；概要
inferior	/ɪnˈfɪrɪɚ/	adj. 下等的，劣等的；次于…的 n. 下级， 下属	I felt very inferior among all those academics.	与那些大学教师在一起，我自惭形秽。	同义：junior, lower, lessness, subordinate	同根：inferiority 自卑；下属；次等；下部
steamer	/ˈstimɚ/	n. 轮船， 汽船	The steamer will go west by north.	这艘轮船将向西偏北方向航行。	同义：boat, streamboat	同根：steam 蒸汽的；steaming 冒热气的；steamy 蒸汽的；雾重的，潮湿的；充满蒸汽的
recently	/ˈrisntli/	adv. 最近， 新近	He has recently been promoted to Assistant Manager.	他最近晋升为经理助理。	同义：newly, new, of late, last	同根：recent 最近的；近代的；recency 新近；崭新；recentness 最近
overlook	/,ovɚˈlʊk/	vt. 忽视； 宽恕； 俯瞰	It is easy to overlook a small detail like that.	那样的小细节很容易被忽略。	同义：forget, examine, survey, review	
politician	/,pɑləˈtɪʃən/	n. 政治家， 政客	politicians who are trying to get the minority vote	努力争取少数族群选票的政治家	同义：statesman	同根：political 政治的；党派的；politically 政治上；politics 政治，政治学；政治活动；政纲
incredible	/ɪnˈkrɛdəbl/	adj. 不能相信的， 不可信的； 难以置信的， 不可思议的； 惊人的	It’s incredible that he survived the fall.	他跌下去竟然能够生还，真不可思议。	同义：tremendous, unbelievable, spectacular, fabulous	同根：incredibly 难以置信地；非常地；incredibility 不能相信；不可信的事物
dramatic	/drəˈmætɪk/	adj. 引人注目的， 激动人心的； 突然的	A superb goal by Owen earned United a dramatic victory yesterday.	昨天欧文的一个超级入球为联队赢得了激动人心的胜利。	同义：attractive, scenic	同根：dramaturgic 编剧法的，戏剧作法的；演出的；dramatically 戏剧地；引人注目地；drama 戏剧，戏剧艺术；剧本；戏剧性事件
mosquito	/məˈskiːtoʊ/	n. 蚊子	The use of mosquito lure female mosquitoes.	运用蚊子的趋光性引诱雌蚊。	同义：skeeter	
guitar	/ɡɪˈtɑr/	n. 吉他， 六弦琴				同根：guitarist 吉他弹奏者
layout	/ˈleaʊt/	n. 布局， 安排， 设计	All the flats in the building had the same layout.	大楼里所有的公寓布局都是一样的。	同义：programming, exposure, disposal, showing	
imaginary	/ɪˈmædʒɪnɛri/	adj. 想象中的， 假想的	As she listened, she played an imaginary piano on her knees.	她边听边在膝盖上作弹钢琴状。	同义：fictitious, figmentary	同根：imaginative 虚构的；富于想像的；有创造力的；imaginable 可能的；可想像的；imaging 成像
removal	/rɪˈmuvl/	n. 除去， 消除； 移动， 搬迁	stain removal	去污	同义：move, shift, migration, motion	同根：removable 可移动的；可去掉的；可免职的；remove 移动；距离；搬家；remover 去除剂；搬运工；搬家公司
formula	/ˈfɔrmjələ/	n. 公式， 方程式； 原则， 方案； 配方	We’re still searching for a peace formula.	我们仍在寻找和平方案。	同义：criterion, expressions	同根：formulaic 公式化的；刻板的；套话堆砌的；formulary 规定的；公式的；药方的；formulation 构想，规划；公式化；简洁陈述
revolt	/rɪˈvolt/	v. 反叛，起义；反抗，违抗；厌恶，生反感 n. 反叛， 起义	He was revolted by the smell.	那气味让他恶心。	同义：strive against, come out against, sicken, resistance	同根：revolting 叛乱的；背叛的；讨厌的；revoltingly 背叛地；讨厌地；令人恶心地；revolting 反叛，造反；起反感（revolt的现在分词形式）
disgust	/dɪsˈɡʌst/	n&vt. 厌恶， 憎恶	He reached into the bin with a look of disgust on his face.	他把手伸进垃圾箱，脸上带着厌恶的表情。	同义：aversion, abomination, indispose, repel	同根：disgusting 令人厌恶的；disgusted 厌恶的；厌烦的；disgustful 厌腻的；充满厌恶的
stem	/stɛm/	vi. 起源 n. 茎，干；词干 vt. 堵住， 止住， 停住	All my problems stem from drink.	我所有的问题都是酗酒引起的。	同义：birth, blood, stock, block	同根：stemmed 去掉茎或梗的；有茎或梗的；装有…柄的；stemless 无茎的；无梗的；stemmer 抽梗机，除梗器；抽梗工人
sunshine	/ˈsʌnʃaɪn/	n. 日光， 阳光	We had three days of spring sunshine.	我们享受了三天的春日阳光。	同义：brightness, Suny	同根：sunny 阳光充足的，和煦的；快活的；性情开朗的；sunshiny 晴朗的；阳光照耀的；向阳极好的；sunnily 快活地；照着阳光
trend	/trɛnd/	vi. 伸向；倾向 n. 倾向	The current trend is towards more part-time employment.	当前的趋势是雇用更多的兼职人员。	同义：tendency, tide, direction, liability	
achievement	/əˈtʃivmənt/	n. 完成； 成就， 成绩	His great achievement is to make all the players into a united team.	他的伟大成就在于把所有选手组织成一支团结的队伍。	同义：effort, completion, success, execution	同根：achievable 可完成的；可有成就的；做得成的；achieve 达到目的；如愿以偿；achieve 达到；完成
mechanic	/məˈkænɪk/	n. 技工， 机修工； 力学， 机械学； 过程， 方法， 技术性细节	a garage mechanic	汽车修理厂的技工	同义：servicemen, technical worker, manual, handmade	同根：mechanical 机械的；力学的；呆板的；无意识的；手工操作的；mechanically 机械地；呆板地；物理上地
balcony	/ˈbælkənɪ/	n. 阳台； 楼厅， 楼座	Has your flat got a balcony?	你的公寓有阳台吗？	同义：box, sun porch	同根：balconied 有阳台的
preparation	/,prɛpəˈreʃən/	n. 准备， 预备； 制剂	This dish is good for dinner parties because much of the preparation can be done ahead of time.	这道菜适合宴会，因为很多准备工作可以事先做好。	同义：arrangement, preliminary, provision	同根：prep 准备（preparation）；预备的（preparatory）；前置词（preposition）；prepared 准备好的；精制的；preparatory 预备的
reliable	/rɪˈlaɪəbl/	adj. 可靠的， 可信赖的	a birth control method that is cheap and reliable	既便宜又可靠的避孕方法	同义：responsible, tried, honest, safe	同根：reliably 可靠地；确实地；reliability 可靠性；rely 依靠；信赖
relate	/rɪˈlet/	vi. 有关， 涉及； 符合； 相处 vt. 使有关联；讲述，叙述	I don’t understand how the two ideas relate.	我不明白这两个观点有什么联系。	同义：narrate, recount, deal with, identify	同根：relative 相对的；有关系的；成比例的；related 有关系的，有关联的；讲述的，叙述的；relative 亲戚；相关物；[语] 关系词；亲缘植物
critic	/ˈkrɪtɪk/	n. 批评家， 爱挑剔的人	Mather was a film critic for many years.	马瑟做过多年的电影评论家。	同义：commenter, reviewer	同根：critical 鉴定的；[核] 临界的；批评的，爱挑剔的；危险的；决定性的；评论的；critically 精密地；危急地；批评性地；用钻研眼光地；criticism 批评；考证；苛求
grammar	/ˈgræmɚ/	n. 语法； 语法书	Check your spelling and grammar.	检查你的拼写和语法。	同义：syntax, phraseology	同根：grammatical 文法的；符合语法规则的；grammatically 从语法上讲
preliminary	/prɪˈlɪmɪnɛri/	adj. 预备的，初步的 n. 初步做法， 起始行为	the preliminary stages of the competition	竞赛的预赛阶段	同义：preparation, arrangement, provision, opening	同根：prelim 预备考试
obstacle	/ˈɑbstəkl/	n. 障碍， 障碍物， 妨碍	The tax puts obstacles in the way of companies trying to develop trade overseas.	这项税收为想在海外发展贸易的公司设置了障碍。	同义：interference, let, bar, disturbance	
profession	/prəˈfɛʃən/	n. 职业； 声明， 表白	Harper was a teacher by profession.	哈珀的职业是教师。	同义：employment, career, calling, pursuit	同根：professional 专业的；职业的；职业性的；professed 声称的；公开承认的；伪称的；professionally 专业地；内行地
calculator	/ˈkælkjuletɚ/	n. 计算器， 计算者	...a pocket calculator.	…一个袖珍计算器。	同义：counter, numerator	同根：calculated 计算出的；适合的；有计划的；calculating 计算的；深谋远虑的；审慎的；calculable 可计算的；能预测的；可靠的
van	/væn/	n. 大篷车， 运货车	a delivery van	运货车	同义：vanguard, pioneer	
biology	/baɪˈɑlədʒi/	n. 生物学， 生态学	a degree in biology	生物学学位	同义：life-form, living things	同根：biological 生物的；生物学的；biologic 生物的；生物学的；bioluminescent 生物性发光的
worm	/wɝm/	n. 虫， 蠕虫	...a new computer worm that disables security software.	…一种使安全软件失灵的新型计算机蠕虫病毒。	同义：nobody, endless screw, work, inch	同根：wormlike 像虫的；虫一样蠕动的；wormy 有虫的，虫蛀的；似虫的；卑躬屈膝的
compress	/kəmˈprɛs/	vt. 压紧， 压缩	Light silk is best for parachutes, as it compresses well and then expands rapidly.	轻质丝绸最适合制作降落伞，因为这种面料便于压缩，而且展开迅速。	同义：impact, pack	同根：compressed 被压缩的；扁平的；compressible 可压缩的；可压榨的；compression 压缩，浓缩；压榨，压迫
collaborative	/kəˈlæbəretɪv/	adj. 合作的， 协作的， 协力完成的	...a collaborative research project.	…一个合作研究项目。	同义：cooperative, coefficient, synergic	同根：collaboration 合作；勾结；通敌；collaborator [劳经] 合作者；勾结者；通敌者；collaborationist 通敌卖国者；协助者
cherish	/ˈtʃɛrɪʃ/	vt. 珍爱； 怀有	In marriage, a man promises to cherish his wife.	在婚姻中，男人承诺要爱护妻子。	同义：treasure, imbosom	
constitute	/ˈkɑnstətut/	vt. 组成， 形成； 设立； 任命	We must redefine what constitutes a family.	我们必须对家庭的构成重新定义。	同义：install, establish, form, found	同根：constituent 构成的；选举的；constitutive 基本的；本质的；制定的；构成分子的；constitution 宪法；体质；章程；构造
cattle	/ˈkætl/	n. 牛； 牲口， 家畜	herds of cattle	成群的牛	同义：ox, moo-cow	同根：cattleship 载运牲畜的船
imagination	/ɪ,mædʒɪˈneʃən/	n. 想象， 想象力， 空想； 想象出	a storyteller with an incredible imagination	想象力极丰富的讲故事者	同义：vision, revery	同根：imaginative 虚构的；富于想像的；有创造力的；imaginable 可能的；可想像的；imagined 想象的；构想的
resistance	/rɪˈzɪstəns/	n. 反抗， 抵制； 抵抗力， 抵抗性； 阻力； 电阻	disease resistance	抗病能力	同义：resisting force, rebellion	同根：resistant 抵抗的，反抗的；顽固的；resistive 有抵抗力的；resistible 可抵抗的
underneath	/,ʌndɚˈniθ/	adv. 在下面，在底下 prep. 在…下面，在…底下 n. 下部， 底部	He has on his jeans and a long-sleeved blue denim shirt with a white T-shirt underneath.	他身穿牛仔裤和一件蓝色长袖粗斜纹棉布衬衫，里面还有件白色T恤衫。	同义：hereunder, down below, basis, bottom	
nursery	/ˈnɝsəri/	n. 托儿所， 保育室； 苗圃	He has painted murals in his children's nursery.	他在他家的育儿室画上了壁画。	同义：soil, nest	同根：nurseryman 花厂工人；苗圃主人
mate	/met/	v. 成为配偶， 交配 n. 伙伴，同事；配偶，配对物；大副	Rabbits can be mated as early as six months old.	兔子在六个月大时就可以交配了。	同义：friend, assistant, brother, aid	同根：matching 相配的；一致的；相称的；matey 友好的；易为人亲近的；matching 匹配
emperor	/ˈɛmpərɚ/	n. 皇帝	I am napoleon, I am emperor… burned it!	我就是拿破仑，我就是皇帝…烧掉它！	同义：sovereignty, Kaiser	
prolong	/prəˈlɑːŋ/	vt. 拉长， 延长	I was trying to think of some way to prolong the conversation.	我在想方设法拖长这次谈话。	同义：drag on, drag out	同根：prolonged 延长的；拖延的；持续很久的；prolongation 延伸；延长部分；[经] 延期
theory	/ˈθiəri/	n. 理论， 原理； 学说； 意见， 看法	Freudian theory has had a great influence on psychology.	弗洛伊德理论对心理学产生过巨大影响。	同义：mechanism, element, speculation, doctrine	同根：theoretical 理论的；理论上的；假设的；推理的；theoretic 理论上的；空谈的；theoretically 理论地；理论上
distress	/dɪˈstrɛs/	n. 忧虑， 痛苦， 悲伤； 不幸	Luke’s behaviour caused his parents great distress.	卢克的行为使他的父母深感忧虑。	同义：poverty, disaster, evil, want	同根：distressed 痛苦的；忧虑的；贫困的；受损的；distressing 使痛苦的；悲伤的；使烦恼的；distressful 苦难重重的；使苦恼的；不幸的
flock	/flɑk/	n. 羊群， 群； 大量	They kept a small flock of sheep.	他们养了一小群绵羊。	同义：cluster, gang, bunch, qun	
internal	/ɪnˈtɝnl/	adj. 内的； 国内的； 内心的	We have no interest in interfering in the internal affairs of other countries.	我们对干涉其他国家内政不感兴趣。	同义：inner, inherent, domestic, inside	同根：internally 内部地；国内地；内在地；intern 实习生，实习医师；internalization 内在化；成为主观
extension	/ɪkˈstɛnʃən/	n. 延长部分， 伸展； 电话分机， 分机号码	a loft extension	增建的阁楼	同义：delay, spread	同根：extensive 广泛的；大量的；广阔的；extended 延伸的；扩大的；长期的；广大的；extensible 可延长的；可扩张的
signature	/ˈsɪgnətʃɚ/	n. 署名， 签字， 签名	Her signature is totally illegible (= cannot be read ) .	她的签字完全无法辨认。	同义：a scratch of pen	同根：signed 有符号的；已签字的；有正负之分的；signatory 签署的；签约的；signatory 签约国；签名人
steep	/stip/	adj. 险峻的， 陡峭的； 过高的； 急剧的	The road became rocky and steep.	路变得崎岖陡峭起来。	同义：tall, unreasonable, dip, dunk	同根：steeper 陡峭的，险峻的；steeply 陡峭地；险峻地；steeper 浸润器；浸泡用的桶子
thumb	/θʌm/	v. 示意要求搭车 n. 拇指	I thumbed a lift into town.	我拦顺路车进了城。	同义：turn over, browse through	
republican	/rɪˈpʌblɪkən/	adj. 共和政体的；共和党的 n. 共和党人	Lower taxes made Republican voters happier with their party.	更低的税率使共和党选民对该党更加满意。		同根：republic 共和国；共和政体；republicanism 共和主义；共和政治
literary	/lɪtərɛri/	adj. 文学的； 文人的， 书卷气的	a literary prize	文学奖	同义：written	同根：literate 受过教育的；精通文学的；literature 文学；文献；文艺；著作；literacy 读写能力；精通文学
architect	/ˈɑrkɪtɛkt/	n. 建筑师， 设计师； 缔造者	Tinoco was one of the architects of the government’s economic reforms.	蒂诺科是政府经济改革的设计师之一。		同根：architectural 建筑学的；建筑上的；符合建筑法的；architectonic 建筑术的；组织的；知识体系的；architecturally 建筑上地；关于建筑地
forehead	/ˈfɔrˈhɛd/	n. 额头； 前部	...the lines on her forehead.	…她前额上的皱纹。	同义：quantum, frons	
classical	/ˈklæsɪkl/	adj. 古典的， 经典的	the classical theory of relativity	经典相对论	同义：traditional, conventional, royal, classic music	同根：classic 经典的；古典的，传统的；最优秀的；classically 拟古地；古典主义地；classic 名著；经典著作；大艺术家
privilege	/ˈprɪvəlɪdʒ/	n. 特权； 优惠	He had no special privileges and was treated just like every other prisoner.	他不享受特权，待遇和任何其他犯人一样。	同义：franchise, peculiar	同根：privileged 享有特权的；有特别恩典的；privileged 给予…特权；免除（privilege的过去分词）
foundation	/faʊnˈdeʃən/	n. 基础；	It took the builders three weeks to lay the foundations .	建筑工人花了三星期的时间打地基。	同义：elements, basis, bed, seed	同根：founder 创始人；建立者；翻沙工；foundress 女创立者；女奠基者；found 找到（find的过去分词）
substitute	/ˈsʌbstɪtut/	n. 代替人；代用品 vt. 用…代替	Germany brought on a substitute at half time.	德国队在比赛半场时换上一名替补队员。	同义：replacement, proxy, supply, fill in	同根：substitutable 可替换的；substitution 代替；[数] 置换；代替物；substituting 取代；代入
punch	/pʌntʃ/	vt. 猛击；穿孔 n. 猛击； 冲床； 穿孔机； 力量， 效力	He punched me and knocked my teeth out.	他朝我一拳，打落了我的牙齿。	同义：blanking press, drilling machine, jab	同根：puncher 穿孔者；穿孔机
naturally	/ˈnætʃrəli/	adv. 当然； 天然地； 天生地	Naturally, you’ll want to discuss this with your wife.	当然，你一定想和你妻子商量一下这件事。	同义：spontaneously, unaffectedly	同根：natural 自然的；物质的；天生的；不做作的；naturalist 自然的（等于naturalistic）；自然主义的；博物学的；naturalistic 自然的；自然主义的；博物学的
flexibility	/,flɛksəˈbɪləti/	n. 灵活性， 机动性， 柔韧性	Employees expect flexibility in the workplace.	员工们盼望工作安排有弹性。	同义：give, elasticity, adaptability	同根：flexible 灵活的；柔韧的；易弯曲的；flex 弹性工作制的；flexibly 灵活地；易曲地；柔软地；有弹性地
mysterious	/mɪˈstɪrɪəs/	adj. 神秘的， 诡秘的	The police are investigating the mysterious deaths of children at the hospital.	警察正在调查这家医院的儿童神秘死亡事件。	同义：magic, fantastic	同根：mystic 神秘的；神秘主义的；mystical 神秘的；神秘主义的；mystified 困惑的
moreover	/mɔrˈovɚ/	adv. 而且， 再者， 此外	The rent is reasonable and, moreover, the location is perfect.	租金合理，而且位置也非常好。	同义：besides, again, also, then	同根：more 更多的；附加的；more 更多；此外；更大程度地；more 更多
identity	/aɪˈdɛntəti/	n. 身份； 个性， 特性； 同一性， 一致性	The identity of the killer is still unknown.	凶手的身份仍未查明。	同义：accordance, estate, unity, agreement	同根：identical 同一的；完全相同的；identifiable 可辨认的；可认明的；可证明是同一的；identically 同一地；相等地
scatter	/ˈskætɚ/	v. 撒， 散播； 散开， 驱散	The sound of gunfire made the crowd scatter in all directions.	枪声使人群四散奔逃。	同义：spread around, spread about, disject, disperse	同根：scattered 分散的；散乱的；scattering 分散的；scattershot 漫无目标的；任意的
installation	/ˈɪnstəˈleʃən/	n. 安装； 装置， 设施； 就任， 就职	the installation and maintenance of alarm systems	警报系统的安装和维护	同义：device, apparatus, unit, gear	同根：installing 安装的；installment 安装；分期付款；部分；就职；instalment 分期付款；装设；就职
writing	/ˈraɪtɪŋ/	n. 书写， 写； 著作	Some of his most powerful writing is based on his childhood experiences.	他的一些最震慑人心的作品是根据儿时经历写成的。	同义：works, production, literature, calligraphy	同根：written 书面的，成文的；文字的；writer 作家；作者；written 写（write的过去分词）
violate	/ˈvaɪəlet/	vt. 违反， 违背； 亵渎； 侵犯； 妨碍	34 protesters were arrested for violating criminal law.	34名抗议者因违反刑法而被逮捕。	同义：let, act against	同根：violable 易受侵犯的；可亵渎的；可违反的；violative 违犯的；违背的；违反的；violation 违反；妨碍，侵害；违背；强奸
verify	/ˈvɛrɪfaɪ/	vt. 证实， 查证， 证明	His statement was verified by several witnesses.	他的说法得到了几位证人的证实。	同义：touch bottom, check on	同根：verified 已查清的，已证实的；verifiable 可证实的；能作证的；可检验的；verification 确认，查证；核实
collective	/kəˈlɛktɪv/	adj. 集体的，集合性的 n. 团体， 集体	a collective decision made by all board members	董事会所有成员作出的集体决定	同义：mutual, corporate, common, joint	同根：collect 由收件人付款的；collected 镇定的；收集成的；collectivist 集体主义的
excursion	/ɪkˈskɝʒn/	n. 远足， 短途旅行	a shopping excursion	购物游	同义：skewing, short trip	
steer	/stɪr/	v. 掌舵， 驾驶； 操纵	He was steering with only one hand.	他只用一只手在驾驶。	同义：possess, contain, regulate, bit	同根：steerable 易驾驶的；可操纵的；易改变位置的；steering 操纵；指导；掌舵；steerage 统舱；舵效；操舵；驾驶；管理；士官的二等室
academy	/əˈkædəmi/	n. 研究会， 学会； 专门学校	the American Academy of Arts and Letters	美国艺术和文学学会	同义：college, school	同根：academic 学术的；理论的；学院的；academic 大学生，大学教师；学者；academician 院士；大学生；学会会员；大学教师
undergo	/,ʌndɚˈɡo/	vt. 经历， 经受， 忍受； 接受	The country has undergone massive changes recently.	这个国家最近经历了巨大的变化。	同义：experience, stand, stomach, tough	
reward	/rɪˈwɔrd/	n. 报答，奖赏；报酬，酬金 vt. 报答， 酬谢， 奖励	The school has a system of rewards and punishments to encourage good behaviour.	学校有奖惩制度以鼓励良好行为。	同义：compensation, payment, consideration, return	同根：rewarding 有益的，值得的；有报酬的，报答的；rewardful 有报酬的；有酬劳的
include	/ɪnˈklud/	vt. 包括， 包含	Does the price include postage?	这个价格包含邮费吗？	同义：involve, contain, comprise	同根：inclusive 包括的，包含的；included 包括的；[植] 内藏的；inclusion 包含；内含物
sympathize	/ˈsɪmpəˈθaɪz/	vi. 同情， 怜悯； 体谅； 赞同	I sympathize, but I don’t know how to help.	我很同情，但不知道如何帮忙。	同义：support of, feel for	同根：sympathetic 同情的；交感神经的；共鸣的；赞同的；和谐的；合意的；sympathetically 悲怜地，怜悯地；富有同情心地；sympathy 同情；慰问；赞同
alongside	/əˈlɔŋˈsaɪd/	adv. 在旁边，沿着边，并排地 prep. 在…旁边， 沿着…的边； 和…在一起	A car drew up alongside .	一辆车在旁边停了下来。	同义：aside	
swallow	/ˈswɑlo/	n. 燕子；吞，咽 vt. 吞， 咽； 轻信， 轻易接受； 承受， 使不流露； 咽下口水	He downed his whisky in one swallow.	他一口喝下威士忌。	同义：stomach, go, stand, abide	
coupon	/ˈkupɑn/	n. 礼券， 优惠券， 配给券； 联票； 票证	The coupon entitles you to ten cents off your next purchase.	这张优惠券可以让你在下次购物时节省10分钱。	同义：Oakley, annie oakley	
railroad	/ˈrelrod/	n. 铁路 vt. 由铁路运输	The supplies were sent on the railroad.	补给经由铁路运送。	同义：Eisenbahn	同根：railway （英）铁路；轨道；铁道部门；railroader [铁路] 铁路员工；railroading 铁路建设；仓促行事
nucleus	/ˈnuklɪəs/	n. 核心； 核	Neutrons and protons are bound together in the nucleus of an atom.	在一个原子的核内，中子和质子聚合在一起。	同义：core, quick	同根：nucleonics 核子学；原子核物理学
fascinating	/ˈfæsɪnetɪŋ/	adj. 迷人的， 有极大吸引力的	a fascinating book	一本引人入胜的书	同义：attractive, killing, taking, absorbing	同根：fascinated 着迷的；被深深吸引的；fascinatingly 极有吸引力地；迷人地；fascination 魅力；魔力；入迷
sting	/stɪŋ/	v. 刺，蜇，叮 n. 刺伤处，蜇伤处	He was stung by a bee.	他被蜜蜂蜇了。	同义：stimulus, smart, incentive, excitement	同根：stingy 吝啬的，小气的；有刺的；缺乏的；stinging 激烈的；刺人的；刺一样的；stingless 无刺的；无针的
haste	/hest/	n. 急速， 急忙； 草率	I soon regretted my haste.	我很快就对自己的仓促感到后悔。	同义：hurry, hasty indeed, hurry, rush	同根：hasty 轻率的；匆忙的；草率的；性怠的；hastily 匆忙地；急速地；慌忙地；hastiness 轻率；性急；仓促
liquid	/ˈlɪkwɪd/	adj. 液体的； 清澈的； 流畅的 n. 液体	Children take antibiotics in liquid form.	儿童服用液态抗生素。	同义：mobile, bright, variable, clear	同根：liquor 酒，含酒精饮料；溶液；液体；烈酒；liquidity 流动性；流动资产；[金融] 偿债能力；liquidation 清算；偿还；液化；清除
sleeve	/sliv/	n. 袖子， 袖套	a dress with long sleeves	长袖连衣裙	同义：arm, connecting	同根：sleeveless 无袖的
devotion	/dɪˈvoʃən/	n. 献身， 奉献； 忠实； 热爱； 虔诚	At first she was flattered by his devotion.	最初他的挚爱使她感到受宠若惊。	同义：commitment, dedication, loyalty	同根：devoted 献身的；忠诚的；devotional 虔诚的，祷告的；信仰的；献身的；devotedly 忠实地；一心一意地
anonymous	/əˈnɑnəməs/	adj. 匿名的； 无名的； 无特色的	the anonymous author of a collection of poems	一本诗集的佚名作者	同义：faceless, innominate	同根：anonymously 不具名地；化名地；anonymity 匿名；匿名者；无名之辈；anonym 假名；匿名者；化名
stir	/stɝ/	v. 搅动；拨动；激动；唤起 n. 搅拌， 搅动； 激动， 骚乱	Stir the paint to make sure it is smooth.	将油漆搅拌至均匀。	同义：sensation, blockbuster, mill, occasion	同根：stirring 激动人心的；活跃的，活泼的；忙碌的；stirrer 搅拌器；搅拌用杓子；煽动者；stirring 激起（stir的ing形式）
fisherman	/ˈfɪʃɚmən/	n. 渔民， 渔夫	The Algarve is a paradise for fishermen whether river anglers or deep-sea fishermen.	阿尔加维对河边的垂钓者或深海的渔民都是一个天堂。	同义：peterman	
span	/spæn/	n. 跨距，一段时间 vt. 持续， 贯穿； 包括； 横跨， 跨越	It’ll be difficult to hire that many new staff in such a short time span .	在这么短的时间里要想招聘到那么多新员工是很难的。	同义：extent, boundary, region, spectrum	同根：spanner 扳手；螺丝扳手；测量器；用手掌量的人
insult	/ɪnˈsʌlt/	vt. 侮辱， 凌辱 n. 侮辱， 凌辱	Nobody insults my family and gets away with it!	谁也别想侮辱了我的家人之后就这么算了！	同义：hurt, abuse, despite, contumely	同根：insulting 侮辱的，无礼的；污蔑的；损害人体的；insultingly 侮辱地；无礼地；insulting 侮辱；损害（insult的ing形式）
existence	/ɪɡˈzɪstəns/	n. 存在， 实在， 生存	Scientists have many theories about how the universe first came into existence (= started to exist ).	关于宇宙的起源，科学家有多种理论。	同义：presence, being, entity, life	同根：existing 目前的；现存的；existent 存在的；生存的；existential 存在主义的；有关存在的；存在判断的
craft	/kræft/	n. 工艺， 手艺； 船， 航空器	traditional rural crafts	传统的乡村手工艺	同义：technology, hand, ship, workmanship	同根：crafty 狡猾的；灵巧的；craftiness 狡猾；熟练；巧妙
butcher	/ˈbʊtʃər/	n. 肉商，肉贩，屠夫 vt. 屠宰， 残杀	He worked in a butcher's.	他在肉铺工作。	同义：put to the sword, shed blood, slaughterer, flesher	同根：butcherly 残忍的；笨手笨脚的；butcherly 如屠夫地；残忍地；butchery 屠场；肉贩；肉食店
poll	/pol/	n. 民意测验；政治选举，大选 vt. 对…进行民意测验； 获得	A recent poll found that 80% of Californians support the governor.	最近的一项民意调查发现80%的加利福尼亚人支持州长。	同义：vote, referendums, crop, cast one's vote	同根：politic 精明的；有策略的；狡猾的；审慎的；politic 拉选票
minority	/maɪˈnɔrəti/	n. 少数； 少数民族	Gaelic is still spoken in Ireland by a tiny minority.	爱尔兰仍有极少数人在说盖尔语。	同义：ethnic minorities, nonage	同根：minor 未成年的；次要的；较小的；小调的；二流的；minor 未成年人；小调；副修科目；minor 副修
pole	/pol/	n. 杆； 极， 磁极， 电极	a telephone pole	电话线杆	同义：electrode, climax	同根：poler 辕马；撑船者
float	/flot/	v. 浮动， 漂浮； 飘动	I looked up at the clouds floating in the sky.	我仰望着天上的浮云。	同义：execute, to put into practice, fan, swing	同根：floating 流动的；漂浮的，浮动的；floaty 吃水浅的；能浮起的；floatation [物化] 浮选；漂浮性
graceful	/ˈɡresfl/	adj. 优美的， 优雅的； 得体的	Her movements were graceful and elegant.	她举手投足优雅而高贵。	同义：elegant, pretty, exquisite	同根：gracile 纤弱的，细长的；纤细优美的；gracefully 优雅地；温文地；gracelessly 笨拙地；不优美地
fourfold	/ˈfɔrfold/	adv. 四倍， 四重 adj. 四倍的，四重的	Further down the supply chain, garlic prices have jumped tenfold on wholesale markets in big cities and fourfold nationwide.	沿供应链向下，其大城市批发价格跳升十倍，而全国售价则上升四倍。	同义：quadruple	
preferable	/ˈprɛfrəbl/	adj. 更可取的， 更好的， 更合意的	For this dish, fresh herbs and garlic are preferable.	做这道菜，用新鲜香草和大蒜更好。	同义：Mair	同根：preferably 较好；宁可，宁愿；更适宜；prefer 喜欢；愿意；prefer 更喜欢；宁愿；提出；提升
reference	/ˈrɛfrəns/	n. 提到， 论及； 参考； 引文； 参考书目； 证明书， 证明人	He made no reference to any agreement.	他没有提到任何协议。	同义：involved in, mention, quote, cite	同根：referenced 引用的，参考的；referential 指示的；用作参考的；referable 可归因于…；可参考的；可交付的；可涉及的
frog	/frɔɡ/	n. 蛙	She was really of the cold frog.	她真的很害怕这只冰冷的青蛙。		
spite	/spaɪt/	n. 恶意，怨恨 vt. 刁难， 欺侮	I refused her a divorce, out of spite I suppose.	我拒绝了她离婚的要求，我想是出于怨恨。	同义：regardless of, hatred, make a difficulty, exasperate	同根：spiteful 怀恨的，恶意的；spitefully 怀恨地；怀有恶意地；spitefulness 怀恨在心；充满恶意
chamber	/ˈtʃeɪmbər/	n. 会议室， 会所； 房间； 腔， 室	a combustion chamber	燃烧室	同义：apartment, room, indoor, private	同根：chambered 有房间的；隔成房间的
coarse	/kɔrs/	adj. 粗的， 粗糙的； 粗劣的； 粗俗的	a jacket of coarse wool	粗羊毛夹克衫	同义：crude, rough, low, inferior	同根：coarsely 粗糙地；鄙俗地；粗俗地；coarseness 粗；粗糙；劣等；coarsen 变粗糙；变粗俗
nephew	/ˈnɛfju/	n. 侄子， 外甥	I am planning a 25th birthday party for my nephew.	我正在为侄子筹划他25岁的生日聚会。		
publicity	/pʌbˈlɪsəti/	n. 公众的注意， 名声； 宣传， 宣扬	Much advance publicity was given to the talks.	会谈之前做了大量的宣传。	同义：advertisement, propaganda, bill, regard	同根：public 公众的；政府的；公用的；公立的；publicly 公然地；以公众名义；public 公众；社会；公共场所
exaggerate	/ɪɡˈzædʒəret/	v. 夸大， 夸张	I couldn’t sleep for three days – I’m not exaggerating.	我三天没睡觉了——一点不夸张。	同义：enlarge, broaden, put it on, pile it on	同根：exaggerated 夸张的，言过其实的；exaggeratedly 夸张地；exaggeration 夸张；夸大之词；夸张的手法
imply	/ɪmˈplai/	vt. 暗示， 意指	an implied threat	隐含的威胁	同义：mean, hint at	同根：implied 含蓄的；暗指的；implied 暗示；意味（imply的过去式）
commitment	/kəˈmɪtmənt/	n. 承诺， 许诺， 保证； 信奉， 献身； 承担的义务	Are you ready to make a long-term commitment ?	你是否准备好作出长久的承诺？	同义：assurance, certification, guarantee, security	同根：committed 坚定的；效忠的；承担义务的；commissioned 受委任的，受任命的；服役的，现役的；commission 委员会；佣金；犯；委任；委任状
spade	/sped/	n. 铲， 铁锹	...a garden spade.	…一把花园里使用的锹。	同义：rabbler, shool, shovel	同根：spadeful 满满一铲子；一满铲
manufacture	/ˈmænjəˈfæktʃɚ/	vt. 制造，加工 n. 制造， 制造业	the company that manufactured the drug	生产这种药的公司	同义：machining, make, work, fabrication	同根：manufactured 制造的，已制成的；manufacturer 制造商；[经] 厂商；manufactory 制造厂，工厂
sequence	/ˈsikwəns/	n. 连续， 接续， 一连串； 次序， 顺序	Be careful to perform the actions in the correct sequence .	注意要按正确的顺序来完成动作。	同义：order, consecutiveness	同根：sequential 连续的；相继的；有顺序的；sequent 连续的；其次的；作为结果而产生的；sequent 结果；相继发生的事
collision	/kəˈlɪʒən/	n. 碰撞； 冲突， 抵触	Two people were killed in a head-on collision (= between two vehicles that are moving directly towards each other ) on highway 218.	218号公路上有两辆汽车迎面相撞，两人死亡。	同义：interference, conflict, war, crash	同根：collisional 碰撞引起的；collisionless 无碰撞的；collide 碰撞；抵触，冲突
qualification	/,kwɑlɪfɪˈkeʃən/	n. 资格， 资格证明， 合格证书； 限制， 限定	He left school without any qualifications.	他离校时没有拿到任何文凭。	同义：membership, limitation, capacity, condition	同根：qualified 合格的；有资格的；qualifying 使具有资格的；qualifier 限定词，[语] 限定语；取得资格的人；修饰语
provision	/prəˈvɪʒn/	n. 供应； 准备； 条款， 规定； 给养， 口粮	He made provisions for his wife and his children in his will.	在遗嘱里他为妻子和孩子都做好了安排。	同义：item, preparation, arrangement, preliminary	同根：provisional 临时的，暂时的；暂定的；provisional 临时邮票；provider 供应者；养家者
recruit	/rɪˈkrut/	vt. 招募，吸收 n. 新兵； 新成员	We’re having difficulty recruiting enough qualified staff.	我们难以招聘到足够的合格职员。	同义：hands wanted, big john, supply, to replenish	同根：recruitment 补充；征募新兵；recruiter 招聘人员，征兵人员
thrust	/θrʌst/	vt. 插；戳，刺 n. 戳， 刺； 要点， 要旨； 推力	He jumped back to avoid another thrust of the knife.	他往后一闪，躲避再次捅来的一刀。	同义：pushing force, spine, build in, plug in	同根：thrusting 有强大推进力的；有进取心的；thruster （火箭）[航] 推进器；向上钻营的人；thrusting 推；插；挤
replacement	/rɪˈplesmənt/	n. 代替， 取代； 更换， 调换； 替代的人	Our old car is badly in need of replacement.	我们的旧车急需更换。	同义：restoration, substitute	同根：replaceable 可替换的；可置换的；可放在原处的；replaceability 可替换性，替代性；置换能力；replace 取代，代替；替换，更换；归还，偿还；把…放回原处
mud	/mʌd/	n. 泥， 泥浆	By the end of the game, all the kids were covered in mud.	到了比赛快结束的时候，所有的孩子都浑身是泥。	同义：soil, spot, dirty, muld	同根：muddy 泥泞的；模糊的；混乱的；mudder 善于在泥地上跑的马；muddiness 泥污；混浊不清
mug	/mʌɡ/	n. 大杯 vt. 对…行凶抢劫	a coffee mug	一个咖啡杯	同义：cup, face, make faces, pull faces	同根：mugger 行凶抢劫者，偷袭抢劫者；泽鳄（产于非洲）；mugging 行凶抢劫；（美）哑剧；mugging 自背后袭击并抢劫；扮鬼脸（mug的ing形式）
pond	/pɑnd/	n. 池塘	This went on until one day when I was fishing with a friend of mine at a nearby pond.	这样持续了一段时间，直到有一天，当我在我的一个朋友在附近的一个池塘钓鱼。	同义：tank, mere	
arrival	/əˈraɪvəl/	n. 到达， 到来； 到达者， 到达物	Only the timely arrival of the police prevented the situation from becoming worse.	警方及时赶到才阻止了事态恶化。	同义：coming, advent	同根：arriver 到达者；arrive 到达；成功；达成；出生
scientific	/,saɪənˈtɪfɪk/	adj. 科学的	We believe in investing in scientific research.	我们相信科学研究的投资价值。	同义：systematic	同根：scientifically 系统地；合乎科学地；学问上；science 科学；技术；学科；理科；scientist 科学家
frequent	/ˈfrikwənt/	adj. 时常发生的，常见的 v. 常到， 常去	Trains rushed past at frequent intervals .	火车频频驶过。	同义：confirmed, continual, resort to	同根：frequently 频繁地，经常地；时常，屡次；frequency 频率；频繁；frequenter 常客；常常来访者
insure	/ɪnˈʃʊr/	vt. 为…投保； 确保	Have you insured the contents of your home?	你给家庭财产投保了吗？	同义：undertake, assure, to ensure, snake stare	同根：insured 已投保的；insurable 可保险的，适合保险的；insurance 保险；保险费；保险契约；赔偿金
powder	/ˈpaʊdɚ/	n. 粉， 粉末	curry powder	咖喱粉	同义：dust, dirt, pulverize	同根：powdered 变成粉末的；涂粉的；powdery 粉的；粉状的；布满粉状物的；powdered 使成粉末（powder的过去分词）；撒粉；搽粉
membership	/ˈmɛmbɚʃɪp/	n. 会员身份， 会籍； 全体会员， 会员数	You should carry your membership card with you at all times.	你应该随身携带会员卡。	同义：qualification, capacity	同根：member 成员；会员；议员
platform	/ˈplætˈfɔrm/	n. 平台， 站台， 讲台； 纲领， 宣言	The Edinburgh train will depart from platform six.	开往爱丁堡的火车将从六号站台发车。	同义：flatform, hathpace	
network	/ˈnɛtwɝk/	n. 网状物； 广播网， 电视网； 网络	Hungary’s telephone network	匈牙利的电话网	同义：net, meshwork	同根：netted 网状的；用网捕获的；netlike 网状的；netted 赚，得到（net的过去分词）
jealous	/ˈdʒɛləs/	adj. 妒忌的， 猜疑的； 精心守护的	a country jealous of its heritage	珍惜其传统的国家	同义：leary, leery	同根：jealously 妒忌地；猜疑地；jealousy 嫉妒；猜忌；戒备
rust	/rʌst/	v. 生锈， 氧化 n. 铁锈	The metal had begun to rust.	金属开始生锈。	同义：patination, eat, cauterize, dull	同根：rusty 生锈的，腐蚀的；铁锈色的，锈色的；迟钝的；rusted 锈的；rusting 生锈的
trace	/tres/	n. 痕迹；丝毫，少许 vt. 跟踪； 追溯； 描摹	There was no trace of anyone having entered the room since then.	没有任何迹象表明在那以后有人进过这房间。	同义：go back, carry up, represent, figure	同根：traceable 起源于；可追踪的；可描绘的；traced 示踪的；摹写的；tracing 追踪；追查；描摹；摹图；显迹
Negro	/ˈnigro/	n. 黑人	It meant that I, a humble Negro girl, had just as much chance as anybody in the sight and love of God.	这就意味着，我这样一个卑微的黑人女孩，也可以像其他人一样有很多机会受到上帝的关注和爱。		
modernization	/,mɑdɚnəˈzeʃən/	n. 现代化	We should all make contributions to the modernization of our country.	我们都应该对我国的现代化作出贡献。	同义：update, aggiornamento	同根：modern 现代的，近代的；时髦的；modernist 现代主义的；modernized 现代化的
grave	/ɡrev/	adj. 严重的； 严肃的 n. 坟墓	Matthew’s life is in grave danger .	马修的生命危在旦夕。	同义：important, serious, significant, great	同根：graven 不可磨灭的，铭记在心的；雕刻的；gravely 严重地；严肃地；严峻地；沉重地；gravity 重力，地心引力；严重性；庄严
criminology	/,krɪmɪˈnɑlədʒi/	n. 犯罪学， 刑事学	The relationship between victimology and criminology is a longstanding issue within the academic realm.	被害人学与犯罪学之间的关系问题是学界的一个宿疑。		同根：criminal 刑事的；犯罪的；罪恶的；criminological 犯罪学的；crime 罪行，犯罪；罪恶；犯罪活动
assistant	/əˈsɪstənt/	adj. 助理的， 辅助的 n. 助手，助理，助教	...the assistant secretary of defence.	…助理国防部长。	同义：friend, aid, mate, helper	同根：assisted 辅助的；assist 帮助；助攻；vi. 参加；出席；vt. 帮助；促进；assistance 援助，帮助；辅助设备
inn	/ɪn/	n. 小旅店， 小酒店	We’re staying at the Holiday Inn.	我们住在假日酒店。	同义：hotel, roadhouse	
instead	/ɪnˈstɛd/	adv. 作为替代； 却， 反而	Geoff didn’t study law. Instead, he decided to become an actor.	杰夫没学法律，相反，他决定当演员。		
controversy	/ˈkɑntrəvɝ​sɪ/	n. 争论， 辩论	a political controversy	政治争议	同义：combat, debate, dispute	同根：controversial 有争议的；有争论的；controversially 颇有争议地；引起争议地；controvert 争论；辩论
command	/kəˈmænd/	vt. 命令， 指挥， 控制	He commands the 4th Battalion.	他指挥第四营。	同义：order, control over, require, possess	同根：commanding 指挥的；居高临下的；威风凛凛的；commander 指挥官；司令官；commandment 戒律；法令
newsstand	/ˈnjʊz,stænd/	n. 报摊， 杂志摊	Eight new national newspapers have appeared on the newsstands since 1981.	自1981年以来，有八家全国性报纸已在报摊上有售。	同义：newspaper stand, news stall	同根：newsvendor 报纸经销人；书报摊贩
worthless	/ˈwərthləs/	adj. 无价值的， 无用的	The house was full of worthless junk.	这房子里堆满了没有用的东西。	同义：cheap, valueless	同根：worth 值…的；worthy 值得的；有价值的；配得上的，相称的；可尊敬的；应…的；worthful 有价值的；可贵的
performance	/pɚˈfɔrməns/	n. 演出； 执行， 完成； 工作情况， 表现； 工作性能	This evening’s performance will begin at 8.00 pm.	今晚的演出8点开始。	同义：property, capability, enforcement, execution	同根：performing 表演的；履行的；performing 表演（perform的ing形式）；履行；perform 执行，机器运转；表演
dessert	/dɪˈzɝt/	n. 甜食， 点心	She had homemade ice cream for dessert.	她吃了些自制冰淇淋当餐后甜点。		
ambassador	/æmˈbæsədɚ/	n. 大使， 使节， 派驻国际组织的代表	...the German ambassador to Poland.	…德国驻波兰大使。	同义：representation, deputy, behalf of	同根：ambassadorial 大使的；使节的；ambassadorship 大使的职位；ambassadress 大使夫人；女大使
anticipate	/ænˈtɪsəˈpet/	vt. 预料， 预期， 期望； 先于…行动； 提前使用	Sales are better than anticipated.	销量比预期要好。	同义：hope, presume upon	同根：anticipated 预期的；期望的；anticipatory 预期的；提早发生的；期待着的；anticipant 期望的
variable	/ˈvɛrɪəbl/	adj. 易变的 n. 变量	Expect variable cloudiness and fog tomorrow.	预计明天多云有雾，天气多变。	同义：mobile, liquid, unstable	同根：varied 多变的；各式各样的；杂色的；varying 不同的；变化的；variably 易变地；不定地
temple	/ˈtɛmpl/	n. 圣堂， 神殿， 庙宇			同义：vihara, fane	
growth	/ɡroθ/	n. 增长， 增长量； 生长， 生长物	measures to stimulate economic growth	刺激经济增长的措施	同义：development, making, advance, increase	同根：grown 长大的；成年的；长满某物的；growing 发展的；成长的；grower 栽培者；生长物
landscape	/ˈlændskep/	n. 风景，景色；风景画；全景 vt. 美化…的景观	the beauty of the New England landscape	新英格兰风光之美	同义：scenery, view, picture, prospect	同根：landscaping 景观美化；landscaper 庭园设计家；landscapist 风景画家
weave	/wiv/	v. 织， 编	hand-woven scarves	手织围巾	同义：pleach, complect, cloth, web	同根：woven 织物的；woven 机织织物；weaving 织动，编织
carrot	/ˈkærət/	n. 胡萝卜	grated carrots	磨碎的胡萝卜	同义：carota	同根：carroty 胡萝卜色的；红发的
normally	/ˈnɔrmli/	adv. 通常； 正常地	The journey normally takes about two hours.	这段旅程通常需要大约两小时。	同义：commonly, currently, generally	同根：normal 正常的；正规的，标准的；normotensive 血压正常的；normal 正常；标准；常态
exception	/ɪkˈsɛpʃən/	n. 例外， 除外	It’s been cold, but today’s an exception.	天气一直寒冷，但今天是个例外。	同义：dissention, demurral	同根：exceptional 异常的，例外的；exceptionable 可反对的；可抗议的；引起反感的；exceptionally 异常地；特殊地；例外地
vague	/veɡ/	adj. 模糊的， 含糊的	The governor gave only a vague outline of his tax plan.	州长只是含糊地大致说了一下他的税务计划。	同义：fuzzy, dark, uncertain	同根：vaguely 含糊地；暧昧地；茫然地；vagueness 模糊；含糊；暧昧；茫然
temporary	/ˈtempəreri/	adj. 暂时的， 临时的	temporary pain relief	疼痛的暂时缓解	同义：extraordinary, odd, interim, super	同根：temporal 暂时的；当时的；现世的；temporarily 临时地，临时；temporal 世间万物；暂存的事物
fare	/fɛr/	vi. 进展 n. 车费，船费，票价	It is unlikely that the marine industry will fare any better in September.	海运业不大可能在9月份有所好转。	同义：round, advance, passenger, food	
desperate	/ˈdɛspərət/	adj. 拼死的， 不顾一切的； 绝望的； 极需要的	I had no money left and was desperate.	我身无分文，已经走投无路了。	同义：venturous, devil-may-care	同根：desperately 拼命地；绝望地；极度地；desperation 绝望的境地；不顾一切拼命
leading	/ˈlidɪŋ/	adj. 指导的， 带头的； 最主要的； 饰演主角的	...a leading member of the city's Sikh community.	…该市锡克教团体的一名主要成员。	同义：primary, major, central, great	同根：lead 带头的；最重要的；leaded [冶] 加铅的；leaden 铅灰色的；铅制的；沉闷的；铅一般重的
awful	/ˈɔfl/	adj. 令人不愉快的， 难过的； 非常的， 极大的	An awful lot of people (=  a large number of people  ) died in the war.	很多很多的人在这场战争中死去。	同义：terrible, august, horrible, awesome	同根：awfully 可怕地；十分；非常；很；awfulness 威严；虔敬；可怕
accuracy	/ˈækjərəsi/	n. 准确， 精确	He passes the ball with unerring accuracy.	他传球准确无误。		同根：accurate 精确的；accurately 精确地，准确地
handy	/ˈhændi/	adj. 手边的， 便于使用的	It’s quite a handy little tool.	这件小工具非常有用。	同义：sharp, quick, smart, keen	同根：handed 有手的；用...手的；handless 无手的；笨手笨脚的；赤手空拳的；handily 方便地；敏捷地；灵巧地
urge	/ɝdʒ/	vt. 鼓励；推进，催促；竭力主张，强烈要求 n. 冲动， 强烈的欲望	The charity urged quick action.	慈善机构敦促迅速采取行动。	同义：crowd, rush up, impulse, driving force	同根：urgently 迫切地；紧急地；急切地；urgency 紧急；催促；紧急的事
resolution	/,rɛzəˈluʃən/	n. 正式决定， 决议； 决心， 决意； 解决， 解答； 分辨率， 清晰度	a resolution calling for a ban on dumping nuclear waste	要求禁止倾倒核废物的决议	同义：settlement, decision, determination, push	同根：resolute 坚决的；果断的；resolved 下定决心的；已解决的；断然的；resolvable 可分解的；可解决的；可溶解的
via	/ˈvaɪə, ˈviə/	prep. 经过， 通过	We flew to Athens via Paris.	我们经由巴黎飞往雅典。	同义：by way of, THRU through	
setting	/ˈsɛtɪŋ/	n. 环境， 背景， 布景； 调节， 设定的位置	I’ve worked with children in various settings, mainly in secondary school.	我在许多地方教过孩子，主要是在中学。	同义：context, circumstance, installation, arrangement	同根：setter [机] 调节器；作曲者；排字工人；安装员，从事安装的人
score	/skɔ/	v. 得， 给…打分； 画线于， 做记号于； 赢得 n. 得分，比数，成绩；二十	Great cheers went up when he scored in the final minute of the game.	当他在比赛的最后一分钟得分时，人群爆发出了雷鸣般的欢呼。	同义：marks, twenty, acquire, earn	同根：scoring 得分的；scoreless 没得分的；scoring 得分；刻痕；总谱
quote	/kwot/	vt. 引用，援引 n. 引文， 引语； 报价， 牌价； 引号	He quoted a short passage from the Bible.	他引用了《圣经》里的一小段。	同义：make offers, price quotation, reference, make offers	同根：quotable 可引用的；适于引用的；有引用价值的；quotation [贸易] 报价单；引用语；引证；quotability 引用价值
graduate	/ˈɡrædʒuˌet/	adj. 研究生的 v. 毕业 n. 毕业生；研究生	a graduate student	研究生	同义：shadow, to finish school, postgraduate, advanced student	同根：graduated 累进的；分等级的；毕了业的；为毕业生设立的；graded 分等级的；按年级分的；gradational 有等级的；渐次的
gramme	/ɡræm/	n. gram的英式拼法				
rag	/ræɡ/	n. 破布， 碎布； 破旧衣服	He wiped his boots dry with an old rag.	他用一块旧布把他的靴子擦干。	同义：clast, trashiness, rate, fool with	
visual	/ˈvɪʒʊəl/	adj. 看得见的 n. 视觉资料	the film’s stunning visuals	这部电影令人震撼的画面	同义：optical, Life-like	同根：vision 视力；美景；眼力；幻象；想象力；visualizer 视觉型的人；观察仪；想像者；vision 想象；显现；梦见
understanding	/,ʌndɚˈstændɪŋ/	adj. 体谅的， 宽容的， 通情达理的 n. 理解，理解力；谅解；协议；相互理解，融洽	Luckily, I have a very under­standing boss.	幸运的是，我有一个非常通情达理的上司。	同义：agreement, intelligence, grasp, protocol	同根：understandable 可以理解的；可以了解的；understood 被充分理解的；心照不宣的；understandably 可理解地
empire	/ˈɛmpaɪr/	n. 帝国	the Roman empire	罗马帝国	同义：seignorage, empery	
fairy	/ˈfɛri/	n. 小精灵， 小仙子	In his dream, he became a fairy.	在梦中，他变成了一个小精灵。	同义：elf, little people, faerie	
ashamed	/əˈʃemd/	adj. 惭愧的， 羞耻的， 害臊的	Everyone cries sometimes – it’s nothing to be ashamed of.	每个人都会有哭的时候——没什么好难为情的。	同义：compunctious	
instruct	/ɪnˈstrʌkt/	vt. 指示， 命令； 通知； 教授， 训练	Eva went straight to the hotel, as instructed (= as she had been told ).	伊娃按照指示径直去了宾馆。	同义：require, teach, coach, message	同根：instructive 有益的；教育性的；instructional 教学的；指导的，教育的；instructively 有益地；教育地
rat	/ræt/	n. 鼠	This was demonstrated in a laboratory experiment with rats.	这点通过在实验室中用老鼠做试验得到证明。	同义：traitor, betrayer, mouse, inform	同根：ratty 像老鼠的；破烂的；ratter 捕鼠者；叛徒
mayor	/ˈmeɚ/	n. 市长	the election of the London mayor	选举伦敦市长	同义：burgomaster, demarch	同根：mayoral 市长的；mayoralty 市长职位；市长任期；mayoress 女市长；市长夫人
virtually	/ˈvɜrtʃuəli/	adv. 实际上， 事实上	Virtually all the children come to school by bus.	几乎所有的孩子都乘公交车上学。	同义：actually, really, almost, nearly	同根：virtual [计] 虚拟的；有效的；实质上的，事实上的
fairly	/ˈfɛrli/	adv. 相当， 尚可， 还； 公平地	The house had a fairly large garden.	那幢房子有个不小的花园。	同义：relatively, simply, comparatively, equally	同根：fair 公平的；美丽的，白皙的；[气象] 晴朗的；fair 公平地；直接地；清楚地；fair 展览会；市集；美人
handwriting	/ˈhændˈraɪtɪŋ/	n. 笔迹， 手迹； 书法	I recognised her handwriting on the envelope.	我认出了信封上她的笔迹。	同义：writing, calligraphy	同根：handwritten 手写的；handwritten handwrite的过去分词；handwrite 亲手写
merchant	/ˈmɝtʃənt/	n. 商人	He had a job with an Edinburgh wine merchant.	他在爱丁堡的一个葡萄酒商那里做过事。	同义：trader, dealer, commercial, shoppy	同根：mercantile 商业的；商人的；重商主义的；merchantable 适销的；可买卖的；有销路的；merchandiser 商人
raw	/rɔ/	adj. 自然状态的， 未加工过的； 生的； 未经分析的， 原始的； 生疏无知的， 未经训练的； 露肉而刺痛的	raw meat	生肉	同义：crude, fresh, unripe, brush burn	同根：rawness 生；无经验；半生不熟
proportional	/prəˈpɔrʃənl/	adj. 比例的， 成比例的	The fee charged by the realtor is directly proportional to the price of the property.	房产代理人收取的费用和房产价格是成正比的。	同义：relative, matching, uniform, worthy	同根：proportionate 成比例的；相称的；适当的；proportionable 成比例的；相称的；均衡的；proportionally 成比例地；相称地，适当地
packet	/ˈpækɪt/	n. 小包， 小盒	Paul tore open the packet as soon as it arrived.	保罗一收到包裹就拆开了。	同义：parcel, encase, sheathe	同根：packed （常用来构成复合词）充满…的，塞满了…的；packaged 包装过的；packable 可捆扎的；可打包的；可压紧的
version	/ˈvɝʒn/	n. 译本； 说法； 改写本	Could Donna’s version of what happened that night be correct?	唐娜对那晚发生的事情的描述是否正确呢？	同义：edition, translation	同根：verse 诗，诗篇；韵文；诗节
airport	/ˈɛrpɔrt/	n. 机场， 航空港	The plane landed at Heathrow Airport.	飞机降落在希思罗机场。	同义：landing field, aeroport	
courtyard	/ˈkɔrtjɑrd/	n. 庭院， 院子	the castle courtyard	城堡的庭院	同义：yard, garth	
nationality	/,næʃəˈnæləti/	n. 国籍； 民族	people of the same nationality	同国籍的人	同义：state, folk, people, soil	同根：native 本国的；土著的；天然的；与生俱来的；天赋的；national 国家的；国民的；民族的；国立的；nationalist 民族主义的（等于nationalistic）；国家主义的；民族独立主义的
selection	/sɪˈlɛkʃən/	n. 选择， 挑选； 被挑选出来的人， 精选品； 可供选择的东西	The judges have made their final selection.	评委已经作出最后的评选。	同义：chose, choice, pick	同根：select 精选的；挑选出来的；极好的；selective 选择性的；selected 挑选出来的
institute	/ˈɪnstɪtut/	n. 研究所，学院 vt. 建立， 设立	research institutes	研究所	同义：found, construct, father, initiate	同根：institutional 制度的；制度上的；学会的；institutionalised 制度化的；institutive 成例的；有关创设的
aboard	/əˈbɔrd/	adv&prep. 在船上， 上船	They finally went aboard the plane.	他们终于登上了飞机。	同义：onboard, ashipboard	
endure	/ɪnˈdʊr/	v. 忍受， 容忍； 持久， 持续	It seemed impossible that anyone could endure such pain.	似乎谁都不可能忍受这样的疼痛。	同义：resist, tough, abide, resist	同根：enduring 持久的；能忍受的；endurable 能忍耐的；可忍受的；能持久的；enduringly 耐久地；永久地
shortly	/ˈʃɔrtli/	adv. 立刻， 不久； 不耐烦地； 简短地	Ms Jones will be back shortly.	琼斯女士很快就会回来。	同义：soon, immediately, now	同根：short 短的；不足的；急速的；唐突的；shortish 显得短的；稍短的；short 不足；突然；唐突地
hobby	/ˈhɑbi/	n. 业余爱好， 癖好	What are your hobbies?	你有些什么爱好？	同义：weakness, habit, appetite, liking	同根：hobbyist 业余爱好者；沉溺于某嗜好之人
providing	/prəˈvaɪdɪŋ/	conj. 倘若			同义：if, supposing, furnishing	
fate	/fet/	n. 命运， 天数	I wouldn’t wish such a fate on my worst enemy.	就算是我不共戴天的仇敌，我也不希望他遭遇这样的命运。	同义：lot, destiny, fortune, portion	同根：fatal 致命的；重大的；毁灭性的；命中注定的；fateful 重大的；决定性的；宿命的；fated 命中注定的，宿命的；受命运支配的
throat	/θrot/	n. 咽喉， 喉咙； 嗓音	The singer complained of a sore throat after Wednesday’s show.	星期三演出后，这位歌手说喉咙痛。	同义：organ, voice	同根：throaty 喉音的；嘶哑的；低沉洪亮的
utility	/juˈtɪləti/	n. 效用， 有用， 实用； 公用事业	Does your rent include utilities?	你的房租包括公用事业费吗？	同义：practical use, public facility, applied, universal	同根：utilitarianism 功利主义；实用主义
immediately	/ɪˈmidɪətli/	adv. 立即， 马上； 直接地， 紧接地	Mix in the remaining ingredients and serve immediately.	拌入余下的食材，立即上桌。	同义：rapidly, directly, soon, now	同根：immediate 立即的；直接的；最接近的；immediacy 直接；目前；immediateness 即刻；直接
manual	/ˈmænjuəl/	adj. 用手的；手工做的 n. 手册， 指南	People in manual occupations have a lower life expectancy.	干体力活的人预期寿命较短。	同义：handmade, mechanic, guide, handbook	同根：manually 手动地；用手
measurement	/ˈmɛʒɚmənt/	n. 衡量， 测量； 尺寸， 大小	accurate measurement of body temperature	体温的精确测量	同义：survey, dimension, size	同根：measured 量过的；慎重的；基于标准的；有规则的；measurable 可测量的；重要的；重大的；measuring 测量用的
optimistic	/,ɑptɪˈmɪstɪk/	adj. 乐观的， 乐观主义的	Andrew took a more optimistic view.	安德鲁抱有更为乐观的想法。	同义：rose-colored, rosy	同根：optimistically 乐观地；乐天地；optimism 乐观；乐观主义；optimist 乐观主义者；乐天派
vocabulary	/vəˈkæbjəlɛri/	n. 词汇表， 词汇， 语汇	Teachers were impressed by his vocabulary.	他的词汇量给老师们留下了深刻的印象。	同义：lexis	
retire	/rɪˈtaɪɚ/	vi. 退休， 退役； 退下， 退出， 撤退； 就寝	At the age when most people retire, he is ready to face a new career.	在大多数人退休的年纪，他准备要面对一项新事业。	同义：withdraw, beat a retreat, leave, split	同根：retired 退休的；退役的；幽闭的；retiring 退休的；不善社交的；过隐居生活的；retirement 退休，退役
particle	/ˈpɑrtɪkl/	n. 粒子， 微粒； 小品词， 语助词	dust particles	尘埃	同义：grain, granule	
behavior	/bɪˈhevjɚ/	n. 行为， 举止， 表现			同义：dealing, going, reaction, response	同根：behavioral 行为的；behavioural 行为的；动作的；behaviour 行为；习性；运行状况（等于behavior）
musician	/mjʊˈzɪʃən/	n. 音乐家， 乐师	a talented young musician	有天赋的年轻音乐家	同义：eisteddfod	同根：musical 音乐的；悦耳的；musically 音乐上地；声音好听地；music 音乐，乐曲
minimize	/ˈmɪnɪmaɪz/	vt. 将…减少； 最小化	Every effort is being made to minimize civilian casualties.	正在尽最大努力减少平民伤亡。		同根：minimum 最小的；最低的；minimal 最低的；最小限度的；minimized 最小化的；最小化；使达到最低限度的
saint	/sent/	n. 圣徒； 圣人， 道德高尚的人； [用于人名或地名等前]圣	Saint Patrick	圣帕特里克	同义：sadu, sadhu, sacred, divine	同根：saintly 圣洁的；sainted 神圣的；上天堂的；成为圣人的；saintlike 德高的；圣徒一般的；气质高尚的
density	/ˈdɛnsəti/	n. 密集， 稠密； 密度	areas of high population density	人口密度高的地区	同义：specific mass	同根：dense 稠密的；浓厚的；愚钝的；densely 浓密地；密集地；denseness 密集；稠密；浓厚
logical	/ˈlɑdʒɪkl/	adj. 逻辑的， 合乎常理的	It’s a logical site for a new supermarket, with the housing development nearby.	附近有住宅区，新的超级市场选址在此是合情合理的。	同义：reasonable, rational, possible, just	同根：logic 逻辑的；logistic 后勤学的；[数] 符号逻辑的；logically 逻辑上；合乎逻辑
oblige	/əˈblaɪdʒ/	vt. 迫使； 施恩于， 帮…的忙； 使感激	It’s always a good idea to oblige important clients.	能满足重要客户的请求总是好的。	同义：pressure, enforce	同根：obliged 必须的；感激的；有责任的；obligate 有责任的，有义务的；必需的；obliging 乐于助人的；有礼貌的；体贴的；亲切的
slam	/slæm/	v. 砰地关上；猛力拉，砰地放下；猛烈抨击 n. 砰的一声	We heard a car door slam.	我们听到有车门砰的一声关上了。	同义：pop, crasher	
characterize	/ˈkærəktəˈraɪz/	vt. 成为…的特征， 以…为特征； 描绘的特性， 描述	Bright colours characterize his paintings.	明亮的色彩是他绘画作品的特点。		同根：characteristic 典型的；特有的；表示特性的；characterized 以…为特点的；characterless 无个性的；缺乏特征的；平凡的
swing	/swɪŋ/	v. 摇摆，回转；突然转向 n. 摇摆； 秋千	The sail of the little boat swung crazily from one side to the other.	这艘小船的船帆发疯似地左右摇晃着。	同义：bob, ricketiness, turn towards, sense of rotation	同根：swinging 活跃的；极好的；多姿多彩的；性放任的；swinging 极好地；极大地；swinging 性放任
ridiculous	/rɪˈdɪkjələs/	adj. 荒谬的， 可笑的	That’s a ridiculous idea!	那主意很荒唐！	同义：laughing, preposterous	同根：ridiculously 可笑地；荒谬地；ridiculousness 荒谬，滑稽
handbag	/ˈhændˈbæg/	n. 手提包	Rice: No, I only have a handbag.	没有，我只有一个手提包。	同义：gripesack	
invasion	/ɪnˈveʒn/	n. 入侵， 侵略， 侵犯	...seven years after the Roman invasion of Britain.	…罗马人入侵大不列颠岛之后的7年。	同义：violence, aggression, infringement	同根：invasive 侵略性的；攻击性的；invader 侵略者；侵入物；invade 侵略；侵入；侵袭；侵犯
spin	/spɪn/	v. 旋转；晕眩；纺，织；绞干，甩干 n. 旋转， 自转	The plane’s propellers were spinning.	飞机的螺旋桨在快速旋转。	同义：wheel, circle, turn, swing	同根：spinning 纺织的；spinnable 可纺织的；spinning 纺纱
severe	/səˈvɪr/	adj. 严重的； 严厉的， 严格的； 严峻的， 艰难的； 朴素的， 不加装饰的	His injuries were quite severe.	他的伤势很严重。	同义：tight, hard, smart, harsh	同根：severely 严重地；严格地，严厉地；纯朴地；severity 严重；严格；猛烈；severeness 严重；艰难；紧凑；纯朴
shallow	/ˈʃælo/	adj. 浅的；浅薄的 n. 浅滩， 浅水处	a shallow river	浅河	同义：low, flat, surface, bank	同根：shallowly 浅浅地；肤浅地；shallowness 浅；肤浅
lease	/lis/	n. 租约，租契 vt. 出租； 租得， 租有	The landlord refused to renew his lease.	房东拒绝和他续签租约。	同义：tenancy agreement, rental agreement, rent, hire out	同根：leased [租赁] 租用的；leased 专线；一线路（指一电话线路每天 24 小时地连通两地）；leaseholder 租赁人，租借人
exploit	/ɛksplɔɪt/	vt. 剥削； 利用； 开拓 n. 业绩， 功绩	Homeworkers can easily be exploited by employers.	在家工作的人容易被雇主剥削。	同义：develop, mine, merit, feat	同根：exploitative 剥削的；利用的；开发资源的；exploitive 剥削的；开发资源的；exploitation 开发，开采；利用；广告推销
slap	/slæp/	vt. 掴，掌击，拍；啪的一声放 n. 掴， 掌击， 拍	Sarah slapped Aaron across the face.	萨拉在阿龙的脸上掴了一巴掌。	同义：make a chump out of, insult, despite, indignity	
spit	/spɪt/	v. 吐唾沫，吐出 n. 唾沫， 唾液	Nick rolled down his window and spat.	尼克摇下窗子，啐了口唾沫。	同义：golly, release, project, let go	同根：spat 口角；蚝卵；蚝仔；掌击；spatter 溅；洒；泼溅的污迹；少量；spitting 分散；喷溅物；点燃导火线
scout	/skaʊt/	v. 侦察， 寻找 n. 侦察员，侦察机，侦察舰；童子军	American companies are keen to scout out business opportunities in Vietnam.	美国公司很想在越南寻找商机。	同义：searching, scanning, detect, watching	同根：scouting 童子军的活动；初步勘探；搜索活动；scouter 侦察者；男童子军；scouting 侦察，刺探；寻找；物色（人才等）（scout的ing形式）
anniversary	/,ænɪˈvɝsəri/	n. 周年纪念日	Jack and Kim celebrated their twentieth wedding anniversary in January.	1月，杰克和金庆祝了他们的结婚20周年纪念日。		
register	/ˈrɛdʒɪstɚ/	v. 登记， 注册； 指示， 自动记下； 流露； 表示， 表达； 把挂号 n. 登记；登记表	The tanker is registered in Rotterdam.	这艘油轮是在鹿特丹登记的。	同义：book in, book down, book in, book down	同根：registered 注册的；记名的；登记过的；（家畜等）附有血统证明的；registration 登记；注册；挂号；registry 注册；登记处；挂号处；船舶的国籍
restless	/ˈrɛstləs/	adj. 焦躁不安的； 静不下来的， 运动不止的	After a few weeks in Marseille, I grew restless and decided to move on.	在马赛住了几星期后，我开始待不住了，决定换个地方。	同义：storm-tossed, twitchy	同根：restive 倔强的；难驾御的；不安宁的；restful 宁静的；安静的；给人休息的；restlessly 不安地；慌张地
persuasive	/pɚˈswesɪv/	adj. 劝诱的； 有说服力的	Trevor can be very persuasive.	特雷弗有时很会说服人。	同义：convictive, forceful	同根：persuade 空闲的，有闲的；persuadable 可说服的；可劝说的；persuasible 可说服的；听话的
fleet	/flit/	n. 舰队， 船队	the US seventh fleet	美国第七舰队	同义：fast, sudden, sharp, fly	同根：fleeting 飞逝的；转瞬间的；fleetly 快速地；转瞬即逝地；fleetness 快速；无常
saddle	/ˈsædl/	n. 鞍，鞍状物；车座 vt. 给…装鞍； 使承担任务	Why don't we saddle a couple of horses and go for a ride?	为什么我们不给几匹马配上鞍骑着转转？	同义：sella, absorb, burden	同根：saddler 马具商，制造马鞍的人；乘坐用的马；saddlery 马具；马具业；马具店
rural	/ˈrʊrəl/	adj. 农村的， 乡村的	a rural setting	乡村环境	同义：country, sylvan	同根：rurally 乡下地；农村风味地；ruralism 乡下风味，田园风味；ruralist 田园生活者；熟悉农事者
official	/əˈfɪʃəl/	adj. 官员的；官方的，正式的 n. 官员， 行政人员， 高级人员	an official investigation into the causes of the explosion	对此次爆炸事件原因的官方调查	同义：formal, state, nazir, office holder	同根：officious 多管闲事的；非官方的；officially 正式地；官方地；作为公务员；officiously 过分殷勤地；非官方地
historical	/hɪˈstɔrɪkl/	adj. 历史的， 有关历史的	places of historical interest	历史名胜		同根：historic 有历史意义的；历史上著名的；historied 有历史的；史上所载的；historically 历史上地；从历史观点上说
repetition	/ˈrɛpəˈtɪʃən/	n. 重复， 反复	Children used to learn by repetition.	过去小孩子是通过背诵来学习的。	同义：reiteration, iterance	同根：repetitive 重复的；repeated 再三的，反复的；repeatable 可重复的；可复验的
fortunately	/ˈfɔrtʃənətli/	adv. 幸运地； 幸亏	Fortunately, everything worked out all right in the end.	幸运的是，最后一切顺利。	同义：happily, luckily	同根：fortunate 幸运的；侥幸的；吉祥的；带来幸运的
acid	/ˈæsɪd/	adj. 酸的， 酸性的 n. 酸	a juicy apple with a slightly acid flavour	一个多汁、略带酸味的苹果	同义：acerbity, sour, vinegary	同根：acidity 酸度；酸性；酸过多；胃酸过多；acidify [化学] 酸化；变酸；acidify 使……成酸；使……酸化
transmission	/trænsˈmɪʃən/	n. 传播， 发射； 传送， 传递； 传染	worldwide data transmission	全球数据传输	同义：gear, driving device	同根：transmitted 透射的；transmitting 传送中；transmissible 能传送的；能透射的；可传达的
shortage	/ˈʃɔrtɪdʒ/	n. 不足， 缺少	There is no heating available due to fuel shortages.	因为燃料短缺，所以没有供暖。	同义：poverty, short of, deficiency, need	同根：short 短的；不足的；急速的；唐突的；short 不足；突然；唐突地；short 短；缺乏；短路；短裤
discrimination	/dɪ,skrɪmɪˈneʃən/	n. 区别， 辨别； 识别力； 差别对待， 歧视	laws to prevent discrimination	防止歧视的法律	同义：distinction, differentiation	同根：discriminatory 有辨识力的；差别对待的；discriminating 识别的；有差别的；有识别力的；discriminative 区别的，歧视的；有识别力的
female	/ˈfimel/	adj. 雌的； 女的 n. 雌性动物；女子	female voters	女性选民	同义：delicate, feminine, she, jenny	同根：femininity 温柔；柔弱性；女子本性；femaleness 女性特征；女子本性；feminization 女性化；阴性化；雌性化
microphone	/ˈmaɪkrəˈfon/	n. 扩音器， 话筒， 麦克风	She spoke confidently into the microphone.	她自信地对着麦克风说话。	同义：mike, amplifier	
swift	/swɪft/	adj. 快的； 反应快的； 敏捷的	My letter received a swift reply.	我的信很快就得到了回复。	同义：quick, rapid, fast, forward	同根：swiftly 很快地；敏捷地；即刻；swiftness 迅速，敏捷；快
surrender	/səˈrɛndɚ/	n&v. 交出， 放弃； 投降	Germany surrendered on May 7th, 1945.	德国于 1945 年 5 月 7 日投降。	同义：desert, quit, give in to sb, throw up the sponge	同根：surrenderor 让与者
faint	/fent/	adj. 不清楚的，模糊的 v. 晕倒，昏厥 n. 昏厥	She gave a faint smile.	她淡淡一笑。	同义：fuzzy, weak, dark, vague	同根：faintly 微弱地；模糊地；虚弱地；faintness 模糊；微弱；衰弱
world-wide	/ˈwɜːldwaɪd/	adj. 遍及全球的	Today, doctors are fearing a worldwide epidemic.	如今，医生们在担心一次世界性的流行。		
minister	/ˈmɪnɪstɚ/	n. 部长， 大臣； 公使， 外交使节； 牧师	a senior Cabinet minister	资深的内阁部长	同义：secretary, priest	同根：ministerial 部长的；内阁的；公使的；牧师的；ministrant 服务的；辅助的；ministration 援助；服侍；职务
pose	/poz/	vi. 摆姿势；假装，装腔作势 vt. 使摆好姿势；造成，引起；提出，陈述 n. 样子， 姿势	The team posed as drug dealers to trap the ringleaders.	该专案组成员们假扮毒品贩子来诱捕犯罪头目。	同义：take shape, shape into, attitude, posture	同根：position 位置，方位；职位，工作；姿态；站位；vt. 安置；把……放在适当位置；positivism 实证主义；实证论；积极性；武断；poser 难题；装腔作势者；不易处理的事
remedy	/ˈrɛmədi/	n. 补救办法，纠正办法；药品；治疗法 vt. 补救， 纠正； 医治， 治疗	The problems in our schools do not have a simple remedy.	我们学校的问题没有简单的解决办法。	同义：cure, help, repair, therapy	同根：remedial 治疗的；补救的；矫正的；remediable 可治疗的；可矫正的；可补救的；remediation 补救；矫正；补习
jail	/dʒel/	n. 监狱，看守所 vt. 监禁， 拘留； 塞满； 卡住； 干扰	He’s been in jail for three months already.	他已经入狱三个月。	同义：prison, big house, prison, imprison	同根：jailer 狱卒，看守监狱的人；jailor 狱卒；看守监狱的人
consent	/kənˈsɛnt/	vi. 同意 n. 同意，赞成	He finally consented to go.	他最终同意去。	同义：grant, comply, engage, agreement	同根：consensual 交感的；在双方同意下成立的；consentaneous 同意的，一致的；consentient 同意的；无异议的
insist	/ɪnˈsɪst/	v. 坚持， 坚决认为； 坚持要求	Stay for supper – I insist!	留下来吃晚餐——一定的！	同义：emphasize, stay, tough, stress	同根：insistent 坚持的；迫切的；显著的；引人注目的；紧急的；insistently 坚持地；强求地；insistence 坚持，强调；坚决主张
typewriter	/ˈtaɪpraɪtɚ/	n. 打字机	He tapped out an article on the typewriter.	他用打字机打出了一篇文章。		同根：typewritten 用打字机打出的，打字的；type 类型，品种；模范；样式；typeface 字型；铅字样；打字机字体
helpless	/ˈhɛlpləs/	adj. 无助的； 无能的； 无法抗拒的	He began to feel depressed and helpless.	他开始觉得沮丧、无助。	同义：unassisted, inefficient	同根：helpful 有帮助的；有益的；helping 辅助的；给予帮助的；helplessly 无助地；无能为力地
respect	/rɪˈspɛkt/	n. 尊敬；尊重；问候；方面 vt. 尊敬； 尊重	The boys showed a complete lack of respect for authority.	这些男孩子根本无视权威。	同义：estimation, aspect, regard, side	同根：respectable 值得尊敬的；人格高尚的；相当数量的；respectful 恭敬的；有礼貌的；respectfully 尊敬地
volume	/ˈvɑljum/	n. 卷， 册， 书卷； 容积， 体积； 音量， 响度	the volume of trade	贸易量	同义：lots of, wealth, ocean, sea	同根：volumetric [物] 体积的；[物] 容积的；[物] 测定体积的；voluminous 大量的；多卷的，长篇的；著书多的；volumed 成卷的；有…册的；（烟雾）成团的
retreat	/rɪˈtrit/	n&vi. 退却， 撤退； 退避， 退缩	The rebels retreated to the mountains.	叛乱分子撤退到山区。	同义：withdrawal, pullback, withdraw, bug out	同根：retreatment 再处理；再精制
ache	/ek/	vi. 疼痛；渴望 n. 疼痛	His feet were aching from standing so long.	他站了那么久，双脚隐隐作痛。	同义：rare, aspire, pain, achiness	同根：aching 疼痛的；心痛的；achy 疼痛的；aching 疼痛；渴望（ache的现在分词形式）
mutual	/ˈmjutʃuəl/	adj. 相互的； 共同的	I didn’t like Dev, and the feeling seemed to be mutual.	我不喜欢德夫，他好像也不喜欢我。	同义：corporate, common, collective, joint	同根：mutually 互相地；互助；mutuality 相互关系，相关；亲密；mutualism [生态] 共栖，互利共生；互助论
shell	/ʃɛl/	n. 壳，贝壳；外壳，框架；炮弹 vt. 剥…的壳； 炮击	We ran for cover as shells dropped all around us.	周围炮弹四处飞落，我们奔跑着寻找地方躲避。	同义：configuration, profile, shot, chip	同根：shelled 带壳的；去壳的；shelling 去皮；去壳；sheller 脱壳机；剥壳者
guideline	/ˈɡaɪdlaɪn/	n. 指导方针， 准则	This chapter gives you some guidelines to help you in your work.	本章将介绍一些指导性原则，为你的工作提供帮助。		同根：guided 有指导的；有向导的；guidance 指导，引导；领导；guided 指导（guide的过去分词）
loose	/lus/	adj. 松的； 不精确的， 不严密的； 散漫的	a loose floorboard	松动的地板	同义：weak, discursive, deliver, free	同根：loosely 宽松地；放荡地；轻率地；looseness 松动；松弛；漠然
therefore	/ˈðɛrfɔr/	adv. 因此， 所以	Their car was bigger and therefore more comfortable.	他们的车大些，所以更舒适些。	同义：hence, accordingly, consequently, thus	同根：thereby 从而，因此；在那附近；在那方面；therefor 因此；所以
hesitate	/ˈhɛzətet/	vi. 犹豫， 踌躇； 含糊； 不情愿	Some parents hesitate to take these steps because they suspect that their child is exaggerating.	一些家长迟迟不肯采取这些措施，因为他们怀疑自己的孩子在夸大其词。	同义：vacillate, stand at, stand at, hang back	同根：hesitant 迟疑的；踌躇的；犹豫不定的；hesitating 犹豫的；hesitative 支吾其辞的；踌躇的
rifle	/ˈraɪfl/	n. 来复枪， 步枪	They shot him at point blank range with an automatic rifle.	他们用一支自动步枪在近距离射程内射中了他。	同义：musket, steal away, spirit away	同根：rifling 膛线；来复线；rifling 抢劫；搜索；用步枪射击（rifle的ing形式）
private	/ˈpraɪvɪt/	adj. 私人的；秘密的；私下的；私营的 n. 士兵， 列兵	Morris has a private jet.	莫里斯拥有一架私人喷气式飞机。	同义：chamber, cabinet, seaman second class	同根：privately 私下地；秘密地；privatization 私有化；privateer 私掠船；武装民船；私掠船船长；私掠船船员
baggage	/ˈbæɡɪdʒ/	n. 行李	Check your baggage in at the desk.	在服务台托运行李。	同义：luggage, belonging	
companion	/kəmˈpænɪən/	n. 同伴， 共事者； 伴侣	For ten years he had been her constant companion .	十年来他一直陪伴她左右。	同义：friend, guide, fellow, manual	同根：companionable 好交往的；友善的；适于做朋友的；companionate 伙伴的，同伴的；友爱的，友好的；company 公司；陪伴，同伴；连队
breakdown	/ˈbrekˈdaʊn/	n. 垮， 衰竭； 损坏， 故障； 倒塌	Always carry a phone with you in case you have a breakdown on the motorway.	一定要随身带电话，以防汽车在高速公路上抛锚。	同义：fault, analysis, classification, category	
paste	/pest/	n. 糊，糨糊 vt. 粘， 贴	Mix the powder with enough water to make a smooth paste.	把粉末和足够的水混合调成均匀的糊状。	同义：post, mash	
overtake	/,ovɚˈtek/	vt. 追上， 超过； 突然降临于， 意外地碰上	He pulled out to overtake the van.	他把车驶出所在车道想超过那辆小货车。	同义：catch up with, to catch up, cut in	同根：overtaking 超车；追越；赶上；overtaking 超过；压倒（overtake的ing形式）
jeans	/dʒiːnz/	n. 工装裤， 牛仔裤	...a young man in jeans and a worn T-shirt.	…一个穿着牛仔裤和破旧T恤衫的年轻人。	同义：overall, jea	
overnight	/ˈovənaɪt/	adv. 整夜， 通宵； 一夜间， 突然 adj. 一整夜的； 一夜间的， 突然的	Pam’s staying overnight at my house.	帕姆要在我家过夜。	同义：short, pop, all-night	
stretch	/strɛtʃ/	v. 伸展，延续；伸长，拉长；倾注全力；紧张 n. 一段时间， 一段路程， 连绵的一片； 伸展， 延伸	Carl sat up in bed, yawned, and stretched.	卡尔从床上坐起来，打了个呵欠，伸了伸懒 腰。		同根：stretchy 有弹性的；能伸展的；stretchable 能伸展的；可伸缩的；stretcher 担架；延伸器
undo	/ʌnˈdu/	vt. 解开， 打开； 取消， 撤销	The screws can be undone by hand.	这些螺丝可以用手拧开。	同义：destroy, recall, disorder, repeal rescission	同根：undone 破灭的；未完成的；解开的；undoing 毁灭；取消；毁灭的原因；undone 解开；消除（undo的过去分词）
laser	/ˈlezɚ/	n. 激光	laser surgery	激光(外科)手术		
mixture	/ˈmɪkstʃɚ/	n. 混合， 混合物	Pour the mixture into four small dishes.	把混合料倒入四个小碟子里。	同义：mix, hybrid, compound	同根：mixed 混合的；形形色色的；弄糊涂的；mixable 可溶混的；mix 混合；混合物；混乱
responsible	/rɪˈspɑnsəbl/	adj. 需负责任的， 承担责任的； 有责任感的， 负责可靠的； 责任重大的， 重要的	We are determined to bring the people responsible to justice.	我们决意要将肇事者绳之以法。	同义：honest, reliable, tried, safe	同根：responsibly 负责地，可信赖地；response 响应；反应；回答；responsibility 责任，职责；义务
scope	/skop/	n. 范围； 余地， 机会	measures to limit the scope of criminals’ activities	限制罪犯活动范围的措施	同义：extent, boundary, region, spectrum	
medal	/ˈmɛdl/	n. 奖牌， 奖章， 勋章	She won a gold medal at the last Olympics.	她在上届奥运会上赢得一枚金牌。	同义：decoration, gong	同根：medallion 大奖章；圆形浮雕；medalist 奖牌获得者；medallist 奖章获得者
satellite	/ˈsætəlaɪt/	n. 卫星， 人造卫星	the launch of a communications and weather satellite	气象通信卫星的发射	同义：moon, suite	
bullet	/ˈbʊlɪt/	n. 枪弹， 子弹， 弹丸	He was killed by a single bullet.	他被一枪打死。	同义：pill, jet, shoot out	
recorder	/rɪˈkɔrdɚ/	n. 录音机， 录像机； 记录装置， 记录仪	Rodney put the recorder on the desk top and pushed the play button.	罗德尼把录音机放在桌面上，按下了播放键。	同义：tape-recorder, dictating machine	同根：record 创纪录的；recording 记录的；记录用的；record 档案，履历；唱片；最高纪录
identify	/aɪˈdɛntɪfaɪ/	vi. 一致 vt. 认出，鉴定；把…等同于	He was too far away to be able to identify faces.	他离得太远，没法看面孔认出谁是谁。	同义：confirm, recognize, ascertain, cotton	同根：identified 被识别的；经鉴定的；被认同者；identifiable 可辨认的；可认明的；可证明是同一的；identifiably 可辨认地；可看作是相同地
embrace	/ɪmˈbres/	n. 拥抱，怀抱 vt. 拥抱； 包括； 包围	...a young couple locked in an embrace.	…紧紧相拥的年轻一对。	同义：involve, contain, hug, cuddle	同根：embracing 拥抱；embracement 拥抱；环绕；领会；embracing 拥抱，包含（embrace的现在分词形式）
nitrogen	/ˈnaɪtrədʒən/	n. 氮	All of these from the group one and two through the group five and six elements, but what about elements, what about molecules like hydrogen, or nitrogen, or maybe oxygen?	所有的这些都是来自于第一主族和第二组主族，到第五主族和第六组主族的悬殊，那么元素呢，比如氢气，氮气或氧气那样的分子呢？	同义：azote	同根：nitrogenous 氮的；[化学] 含氮的；nitrogenize 使含氮；使氮化
pour	/pɔr/	v. 灌， 倒； 倾泻	She poured coffee for everyone.	她为每个人都倒了咖啡。	同义：issue, flux, dumping, shed	
label	/ˈlebəl/	n. 标签；标记，符号 vt. 贴标签于； 把…称为	a luggage label	行李标签	同义：ticket, brand, logo, tag	
improvement	/ɪmˈprʊvmənt/	n. 改进， 改善； 改进处	Our results have shown some improvement this month.	我们的成绩这个月有所提高。	同义：reforming, amendment, enrichment, amelioration	同根：improved 改良的；改进过的；improving 有启发的；有教育意义的；improvable 可改良的；可利用的；可改善的；可更好的
slippery	/ˈslɪpəri/	adj. 滑的； 狡猾的	In places, the path can be wet and slippery.	路上有些地方可能又湿又滑。	同义：designing, knowing, subtle, unstable	同根：slipperiness 滑溜
scissors	/ˈsɪzɚz/	n. 剪刀	a pair of scissors	一把剪刀	同义：forfex, cutting tools	同根：scissor 剪刀；scissor 用剪刀剪；删去
significance	/sɪɡˈnɪfɪkəns/	n. 意义， 含义； 重要性， 重大	Ideas about the social significance of religion have changed over time.	有关宗教的社会意义的观念已随时间的流逝发生了改变。	同义：meaning, stress, weight, consequence	同根：significant 重大的；有效的；有意义的；值得注意的；意味深长的；significative 有意义的；表示…的；为…提供推定证据的；significantly 意味深长地；值得注目地
modify	/ˈmɑdɪfaɪ/	vt. 更改， 修改； 修饰	The feedback will be used to modify the course for next year.	这些反馈意见将用于修改明年的课程。	同义：alter, dizen, alter, touch up	同根：modified 改进的，修改的；改良的；modifiable 可修饰的；可更改的；modifier [助剂] 改性剂；[语] 修饰语；修正的人
horizon	/həˈraɪzn/	n. 地平线； 眼界， 见识	In the distance, the dot of a boat appeared on the horizon.	远处小黑点般的一条小船出现在地平线上。	同义：extent, boundary, region, spectrum	同根：horizontal 水平的；地平线的；同一阶层的；horizontally 水平地；地平地；horizontal 水平线，水平面；水平位置
airplane	/ˈɛrplen/	n. 飞机	What can I do to kill time on the airplane?	在飞机上，我能做些什么消磨时间呢？	同义：plane, aeroplane	
pledge	/plɛdʒ/	n. 保证，誓言 vt. 保证， 许诺	The meeting ended with a pledge to step up cooperation between the six states of the region.	会议以加快该地区6个州之间合作的承诺结束。	同义：assurance, certification, commitment, guarantee	同根：pledgee 接受抵押或人；接受保证者；pledger 立誓人；抵押者，典当者；举杯祝酒的人
progressive	/prəˈɡrɛsɪv/	adj. 前进的； 渐进的； 进行式的	a progressive administration	进步的政府	同义：advanced, ascensive	同根：progressively 渐进地；日益增多地；progress 进步，发展；前进；progression 前进；连续
reservoir	/ˈrɛzɚ,vɔr/	n. 水库， 蓄水池； 储藏， 汇集			同义：artificial lake	
deliberate	/dɪˈlɪbərət/	adj. 故意的， 蓄意的； 慎重的， 深思熟虑的 v. 仔细考虑， 思考	a deliberate attempt to humiliate her	对她的故意羞辱	同义：intended, studied, designed, contained	同根：deliberative 审议的；慎重的；deliberately 故意地；谨慎地；慎重地；deliberation 审议；考虑；从容；熟思
swear	/swɛr/	v. 宣誓； 咒骂	Don’t swear in front of the children.	不要在孩子们面前说粗话。	同义：plight one's troth, cross my heart, plight one's troth, take an oath	同根：sworn 发过誓的；宣誓过的；swearing 发誓；咒骂；swearer 宣誓者；咒骂者
copyright	/ˈkɑpɪraɪt/	n. 版权	Who owns the copyright of this book?	谁拥有这本书的版权？	同义：literary property, intellectual property	同根：copyrighted 有版权的；受版权保护的
biotechnology	/ˈbaɪotɛkˈnɑlədʒi/	n. 生物工艺学	the biotech industries	生物技术产业		同根：biotic 生物的；有关生命的；biotin [生化] 生物素，维生素H；biota 生物区（系）；一时代（一地区）的动植物
occupation	/,ɑkjuˈpeʃən/	n. 占领， 占据； 职业； 从事的活动， 消遣	Please state your name, address and occupation.	请写明你的姓名、地址和职业。	同义：profession, employment, career, calling	同根：occupied 已占用的；使用中的；无空闲的；occupational 职业的；占领的；occupancy 居住；占有；占用
tendency	/ˈtɛndənsi/	n. 趋向， 趋势， 倾向	children with aggressive or anti-social tendencies	具有攻击性倾向或反社会倾向的儿童	同义：liability, trend, direction, tide	同根：tendentious 有偏见的，有倾向的；宣传性的；tendencious 宣传性的；有支持某种立场的倾向；tend 趋向，倾向；照料，照顾
release	/rɪˈlis/	vt. 释放， 排放； 解除， 解脱； 放开， 松开； 发布； 发行	Police arrested several men, who were later released.	警察逮捕了几个人，后来都释放了。	同义：deliver, send, free, project	同根：releasing 释放；松释动作；脱扣释放；releasing 释放；排放（release的现在分词）
charter	/ˈtʃɑrtɚ/	adj. 包租的， 租用的 n. 宪章，共同纲领；特许状，许可证；包租 vt. 包，租	...the last charter plane carrying out foreign nationals.	…运出外国侨民的最后一班包机。	同义：license, license, patent, permit	同根：chartered 受特许的；chartist 宪章派；图解专家；宪章运动者；chartism 人民宪章主义；人民宪章运动
slim	/slɪm/	adj. 苗条的；薄的；少的 v. 减轻体重， 变苗条	a slim young woman	身材苗条的年轻女子	同义：slender, willowy, thin down	同根：slimly 苗条地；微弱地；狡猾地；slimness 细长；微薄
arithmetic	/əˈrɪθmətɪk/	n. 算术， 四则运算	...teaching the basics of reading, writing and arithmetic.	…教授读、写、算的基本知识。	同义：algorithm, number	同根：arithmetical 算术的；算术上的；arithmetically 算术上；[数] 用算术方法；arithmetician 算术家
rib	/rɪb/	n. 肋骨	She was taken to hospital with a broken arm and ribs.	她胳膊和肋骨断了，被送进医院。	同义：costa, sparerib, fool with, kid	同根：ribbed 有棱纹的；有肋骨的；呈肋状的；ribbing 罗纹的；ribbing 罗纹；凸纹织物；加肋；玩笑
faulty	/ˈfɔlti/	adj. 有错误的， 有缺点的	Customers may ask for a refund if the goods are faulty.	商品有问题的话，顾客可以要求退货。	同义：vicious, imperfect	同根：faultless 完美的；无缺点的；faultlessly 无缺点地，完美地；fault 故障；[地质] 断层；错误；缺点；毛病；（网球等）发球失误
liberate	/ˈlɪbəˈret/	vt. 解放， 释放	A few days later, our armies liberated the city.	几天以后，我军解放了这座城市。	同义：deliver, issue, emancipate	同根：liberated 无拘束的；放纵的（尤指在社交和性关系方面）；liberation 释放，解放；liberator 解放者；释放者
rid	/rɪd/	vt. 使摆脱， 解除…的负担， 从…中清除	The proposals are an attempt to rid the country of political corruption.	这些提议是使该国摆脱政治腐败的一种尝试。	同义：free from, debarrass	同根：riddance 摆脱；驱逐；解除
variation	/,vɛrɪˈeʃən/	n. 变化， 变动； 变异； 变奏	Most of his poems are variations on the theme of love.	他的大部分诗作都是有关爱情主题的形式不同的作品。	同义：shift, change, differentiation, diversification	同根：variable 变量的；可变的；易变的，多变的；变异的，[生物] 畸变的；variant 不同的；多样的；variegated 杂色的；斑驳的；富于变化的
moral	/ˈmɔrəl/	adj. 道德的，有道德的 n. 品行； 道德规范； 寓意	It is easy to have an opinion on a moral issue like the death penalty for murder.	对于判谋杀犯死刑这种涉及伦理道德的问题，有个观点并非难事。	同义：psychological, ethical, overtone	同根：moralistic 说教的；道学的；道德家的；注意道德的；morally 道德上；有道德地；确实地；morality 道德；品行，美德
defect	/‘dɪfɛkt/	v. 变节， 叛变 n. 缺点， 缺陷， 欠缺	...a KGB officer who defected in 1963.	…一个1963年叛变的克格勃官员。	同义：deficiency, disadvantage, vice, fault	同根：defective 有缺陷的；不完美的；defectively 有缺陷地；缺乏地；defection 背叛；缺点；变节；脱党
reinforce	/,riɪnˈfɔrs/	vt. 增强， 加强， 增援	The film reinforces the idea that women should be pretty and dumb.	这部影片强化了这个观点——女人要漂亮，而且要笨一些。	同义：enhance, cement, muscle, supply	同根：reinforced 加固的；加强的；加筋的；reinforcement 加固；增援；援军；加强；reinforcer 增强剂；加强件；增强材料；强化刺激
casual	/ˈkæʒʊəl/	adj. 偶然的； 非正式的； 临时的， 不定期的； 漠不关心的， 冷淡的	Jean felt more comfortable in casual clothes .	琼穿上便服感到更舒服。	同义：extraordinary, temporary, informal, odd	同根：casually 随便地；偶然地；临时地；casualness 偶然；漫不经心；随便
property	/ˈprɑpɚti/	n. 财产， 所有物； 房产； 物业； 性质， 性能	The hotel is not responsible for any loss or damage to guests’ personal property .	宾馆对住客个人财物的丢失和损坏概不负责。	同义：performance, nature, ownership, estate	同根：propertied 有财产的；使用道具的；需要道具的
succeeding	/səkˈsiːdɪŋ/	adj. 以后的， 随后的	Over the succeeding weeks things went from bad to worse.	接下来的几周，事情越来越糟。	同义：subsequent, after	同根：succeed 成功；继承；继任；兴旺；succeed 继承；接替；继…之后
brave	/brev/	adj. 勇敢的； 华丽的	brave soldiers	勇敢的士兵	同义：game, magnificent, gorgeous, face up to	同根：bravely 勇敢地；华丽地；bravery 勇敢；勇气；braveness 勇敢；华饰
similar	/ˈsɪməlɚ/	adj. 相似的， 类似的	We have similar tastes in music.	我们对音乐的品位相近。	同义：alike, like, analog	同根：similarly 同样地；类似于；similarity 类似；相似点；similitude 相似；外表；比拟
viewpoint	/ˈvjupɔɪnt/	n. 观点， 看法， 见解	Different viewpoints produce different images.	角度不同，产生的画面也不同。	同义：perspective, outlook, eye, perception	
anyhow	/ˈɛnɪˈhaʊ/	adv. 无论如何， 不管怎么说； 随随便便地， 杂乱无章地	The cupboard would hardly close, with all the shoes thrown in anyhow.	柜子乱塞了许多鞋，都快关不上了。	同义：anyway, however	同根：anyway 无论如何，不管怎样；总之
specify	/ˈspɛsɪfaɪ/	vt. 指定； 详细说明	Payments will be made for a specified number of months.	款项将在规定的几个月内支付。	同义：name, appoint	同根：specific 特殊的，特定的；明确的；详细的；[药] 具有特效的；specified 规定的；详细说明的；specifiable 可指明的；可列举的
whistle	/ˈwɪsl/	v. 吹口哨， 鸣笛声； 呼啸而过 n. 口哨；呼啸而过	The referee whistled and the game began.	裁判哨声一响，比赛开始了。	同义：hooter, tyfon	同根：whistling 发出哨声的；听起来像哨声的；whistling 吹哨，吹笛；鸣汽笛；whistler 吹哨的人
handle	/ˈhændl/	n. 柄，把手 vt. 拿， 触； 操作， 处理	Then he turned the handle and went in.	然后他转动把手走了进去。	同义：shank, grip, operate, feel	同根：handling 操作的；handled 有把手的；有把柄的；handling 处理
forth	/fɔrθ/	adv. 向前； 向外， 往外	The house was still burning, pouring forth thick black smoke.	房子仍在燃烧，冒出浓浓的黑烟。	同义：to, ahead, along, forwards	
tough	/tʌf/	adj. 困难的， 难对付的； 坚强的， 能吃苦耐劳的； 健壮的； 坚硬的， 严格的； 老的， 硬的； 粗暴的， 充满暴力的	It was a tough race.	比赛打得很艰难。	同义：difficult, strong, hard, rough	同根：toughly 固执地；强硬地；toughness [力] 韧性；强健；有粘性；toughen 变坚韧；变顽固
crossing	/ˈkrɔsɪŋ/	n. 人行横道， 交叉口； 横渡	You must give way to any pedestrians on the crossing.	必须让人行横道上的行人先行。	同义：intersection, four corners, traversing	同根：cross 交叉的，相反的；乖戾的；crossed 交叉的；划掉的；十字形的；crosscut 横切的；横截的
script	/skrɪpt/	n. 剧本， 广播稿； 书写用的字母； 笔迹， 手迹	a diary entry written in neat black script	用工整的黑色字写下的一则日记	同义：play book	同根：scripted 照稿子念的；使用稿子的；scriptural 圣经的；手稿的；依据圣经的；scripture （大写）圣经；手稿；（大写）圣经的一句
submerge	/səbˈmɝdʒ/	v. 淹没， 潜入水中	The submarine submerged.	潜艇潜入水中。	同义：flood, flow, drown out, swallow up	同根：submerged 水下的，在水中的；submersible 能潜水的；能沉入水中的；submergible 能浸入水中的；可潜入水中的
system	/ˈsɪstəm/	n. 系统； 制度， 体制； 方法， 做法； 身体	an alarm system	警报系统	同义：institution, organization, method, approach	同根：systematic 系统的；体系的；有系统的；[图情] 分类的；systematized 系统化的；systematically 有系统地；有组织地
spot	/spɑt/	n. 点，斑点；地点，处所；少量 vt. 认出， 发现； 玷污	a nice quiet spot on the beach	海滩上一个安静的好地方	同义：location, site, where, recognize	同根：spotted 有斑点的；斑纹的；弄污的；spotty 发疹的；多斑点的；质量不一的；spotting 测定点位；合模
roller	/ˈrolɚ/	n. 滚筒， 滚轴	a paint roller	刷漆滚筒	同义：platen, tumbling barrel	同根：rolling 旋转的；起伏的；波动的；rolled 轧制的；滚制的；roll 卷，卷形物；名单；摇晃
partial	/ˈpɑrʃəl/	adj. 部分的； 不公平的； 偏爱的， 偏袒的	The exhibition was only a partial success.	那次展会只获得部分成功。	同义：regional, local, unfair, topical	同根：part 部分的；partitioned 分割的；分区的；分段的；partitive 区分的；表示部分的
tone	/ton/	n. 腔调， 语气； 音调； 风格， 气度； 色调， 明暗	Her tone was sharp with anger.	她很气愤，语气尖刻。	同义：mood, hues, enchance, to increase	同根：tonal 色调的；音调的；toned 年久变色的；有声调的，具有……音质的；toneless 沉闷的；单调的；缺乏声调的；无声的
confident	/ˈkɑnfɪdənt/	adj. 确信的， 肯定的； 自信的	Despite her disability, Philippa is very confident.	菲莉帕虽然有残疾，却很自信。	同义：sure, convinced, assured	同根：confidence （美）诈骗的；骗得信任的；confidently 自信地；安心地；confidence 信心；信任；秘密
retain	/rɪˈten/	vt. 保留， 保持	You have the right to retain possession of the goods.	你有权保留这些物品。	同义：keep up, to keep	同根：retainer 保持器；家臣；保持者；[机] 护圈；预付费用
swell	/swɛl/	vi. 膨胀，隆起；增长，增强，增多，扩大 n. 波浪起伏； 鼓起， 隆起； 增强	The river was swollen with melted snow.	积雪融化，河水上涨。	同义：fill, intumesce, expand, plim	同根：swelling 膨胀的；肿大的；突起的；swelled 骄傲自大；自负的；swelling 肿胀；膨胀；增大；涨水
skilled	/skɪld/	adj. 有技能的； 熟练的； 需要技能的	Skilled craftsmen, such as carpenters, are in great demand.	对木工之类的熟练工匠需求量很大。	同义：experienced, accomplished, clever, practiced	同根：skillful 熟练的；巧妙的；skilful （英）熟练的；灵巧的；技术好的（等于skillful）；skilly 熟练的
local	/ˈloʊkl/	adj. 地方性的； 本地的； 局部的； 狭隘的	local hospital	当地医院	同义：native, partial, regional, provincial	同根：localized 局部的；地区的；小范围的；localised 限局性的，局部的；locally 局部地；在本地
remind	/rɪˈmaɪnd/	vt. 提醒， 使想起	Yes, I’ll be there. Thanks for reminding me.	是的，我会去那里的。 谢谢提醒。	同义：jack, put in mind	同根：remindful 提醒的；留意的；reminder 暗示；提醒的人/物；催单
crude	/krud/	adj. 简陋的， 天然的； 粗鲁的， 粗俗的	a crude estimate of the population available for work	对劳动力人口的粗略估计	同义：rough, native, robust, raw	同根：crudely 粗糙地；天然地；粗鲁地；不成熟地；crud 渣滓；脏家伙；搀和物；杂质；crudity 粗糙；简陋；未成熟物
manufacturer	/,mænjuˈfæktʃərɚ/	n. 制造商； 制造厂	Read the manufacturer’s instructions before using your new dishwasher.	使用新洗碗机之前，请先阅读厂家的说明书。	同义：business firm	同根：manufactured 制造的，已制成的；manufacture 制造；产品；制造业；manufactory 制造厂，工厂
crew	/krʊ/	n. 全体船员； 一队工作人员	The plane crashed, killing two of the crew and four passengers.	飞机坠毁，造成两名机组人员和四名乘客死亡。	同义：team, group, personnel, suit	
valid	/ˈvælɪd/	adj. 有效的； 正当的； 有根据的， 有理的	a valid credit card	有效信用卡	同义：available, effective, virtual, telling	同根：validated 经过验证的；validating 确认的；有效的；validly 合法地；正当地；妥当地
withstand	/wɪðˈstænd/	vt. 抵挡， 反抗	The Chancellor has withstood the criticism and held firm.	总理顶住批评，坚持立场。	同义：low range, strive against, strive against, come out against	
vacuum	/ˈvækjʊəm/	v. 用吸尘器清扫 n. 真空；真空吸尘器	I vacuumed the carpets today.	我今天用吸尘器清洁地毯了。	同义：room, gamma space	
bubble	/ˈbʌbl/	vi. 冒泡； 沸腾 n. 泡	Heat the cheese until it bubbles.	把奶酪加热到冒泡。	同义：foam, yeast, boil, intumesce	同根：bubbly 起泡的；多泡的；bubbly 香槟酒；bubbling 冒泡，[化工] 鼓泡；气泡形成
era	/ˈɪrə/	n. 时代， 年代， 纪元	His death marked the end of an era.	他的去世标志着一个时代的终结。	同义：years, age, time, date	
yield	/jild/	v. 出产；让出，放弃；屈服，顺从；倒塌，垮掉 n. 产量	Our research has only recently begun to yield important results.	直到最近我们的研究才开始取得重要成果。	同义：desert, quit, succumb, to surrender	同根：yielding 生产的；屈从的；易弯曲的；柔顺的；yielding 屈服；让步；可缩性；yielder 提供产品的人；让步者，屈服者
vacation	/veˈkeʃən/	n. 假期， 休假	We’re planning a vacation in Europe.	我们正计划去欧洲度假。	同义：hols, have a holiday, take time off from sth.	同根：vac 休假；真空吸尘器；vacationer 休假者；度假者；vacationist 休假者，度假者
outcome	/ˈaʊtˈkʌm/	n. 结果	People who had heard the evidence at the trial were surprised at the outcome.	在审判过程中听过证词的人都对此结果感到吃惊。	同义：product, result, conclusion, event	
elegant	/ˈɛləgənt/	adj. 优美的， 文雅的， 讲究的； 简练的， 简洁的	a tall, elegant young woman	身材高挑、举止优雅的年轻女子	同义：graceful, exquisite	同根：elegantly 优美地；elegance 典雅；高雅
tender	/ˈtɛndɚ/	adj. 嫩的；脆弱的；疼痛的，一触即痛的；温柔的 vt. 提出 n. 投标	Continue cooking until the meat is tender.	把肉一直烧到松软为止。	同义：soft, fond, boat, payback	同根：tenderly 温和地；体贴地；柔和地；tenderness 亲切；柔软；柔和；敏感；棘手；tenderizer （肉类）嫩化剂；嫩肉粉
curriculum	/kəˈrɪkjələm/	n. 课程， 全部课程	Languages are an essential part of the school curriculum.	语言是学校课程中必不可少的部分。		
meantime	/ˈminˈtaɪm/	n. 其间， 同时	In the meantime, you have to insulate yourself from his moods.	同时，你必须将你自己隔绝在他的情绪之外。	同义：together, simul	
powerful	/ˈpaʊɚfl/	adj. 强大的， 有力的， 有权的； 强壮的， 强健的	He was one of the most powerful men in Bohemia.	他是波希米亚最有权势的人物之一。	同义：formidable, cogent, greatly, quite	同根：powerlessly 麻痹地；power 借影响有权势人物以操纵权力的；powered 有动力装置的；以…为动力的
slip	/slɪp/	v. 滑跤，滑落，溜；下降，跌落；悄悄放进 n. 疏漏， 差错	Ben slipped quietly out of the room.	本悄悄地溜出了房间。	同义：slide, bowl, shed, slide	同根：slipping 渐渐松弛的；slippy 光滑的；敏捷的；slippage 滑移；滑动；下降
species	/ˈspiʃiz/	n. 种， 类	Seven species of birds of prey have been observed.	已有七种猛禽被观察到。	同义：category, variety, manner, nature	同根：speciation [进化] 物种形成；speciate （通过进化）形成物种
anchor	/ˈæŋkɚ/	v. 抛锚， 停泊； 把…系住， 使固定； 担任主持人； 固定， 扎根 n. 锚；给人安全感的物	Three tankers were anchored in the harbor.	三艘油轮停泊在港口。	同义：kelleg, backer patron, fix, nail	同根：anchorage 锚地；下锚；停泊税；anchorman 末棒运动员；新闻节目主持人；anchorperson 新闻节目主持人
preceding	/ˈprisidɪŋ/	adj. 在前的， 在先的， 前面的	As we saw in the preceding chapter, groups can be powerful agents of socialization.	如我们在前一章所见，团组可以是社会化的有力动因。	同义：prior, prius	同根：precedent 在前的；在先的；precedent 先例；前例；precede 领先，在前面
cite	/saɪt/	vt. 引用， 引证； 传唤， 传讯； 表彰， 嘉奖	The judge cited a 1956 Supreme Court ruling in her decision.	法官在她的判决中引用了1956年最高法院的一项裁决。	同义：reference, think of	同根：citation 引用，引证；[法] 传票；褒扬
logic	/ˈlɑdʒɪk/	n. 逻辑， 推理， 逻辑学	There isa certain logicin their choice of architect.	他们对建筑师的选择是有一定道理的。		同根：logistic 后勤学的；[数] 符号逻辑的；logical 合逻辑的，合理的；逻辑学的；logically 逻辑上；合乎逻辑
acquaintance	/əˈkwentəns/	n. 认识， 了解； 熟人	She was a casual acquaintance of my family in Vienna.	她是我们家在维也纳的一个交情不深的朋友。	同义：knowledge, awareness	同根：acquainted 熟识的；知晓的；有知识的；acquaintanceship 认识；相识；交往关系；acquainted 使了解（acquaint的过去分词）
royal	/ˈrɔɪəl/	adj. 王室的， 皇家的	the royal palace	王宫	同义：classical, distinguished, house-hold	同根：royalist 保皇主义的；保皇党人的；royally 庄严地；像国王似地；royalist 保皇主义者；保皇党人
internship	/ˈɪntɝnʃɪp/	n. 实习生身份； 实习医师期	...an internship in surgery in New York.	…一个在纽约做外科实习的职位。	同义：trainee, probationer	同根：intern 实习生，实习医师；interne 实习医师；intern 作实习医师
shed	/ʃɛd/	vt. 脱落，脱去；流出，流下；发出，散发 n. 棚， 小屋， 货棚	The company is planning to shed about a quarter of its workforce.	这家公司正计划裁减约四分之一的人员。	同义：stream, steam, slip, discharge	同根：shedding 脱落；蜕落；shedder 脱壳期的虾和蟹；使流出的人；倒注者；shedding 脱落（shed的ing形式）
eyesight	/ˈaɪsaɪt/	n. 视力， 目力	He had a problem with his eyesight.	他的视力有问题。	同义：vision, sight, eye, seeing	
precision	/prɪˈsɪʒn/	n. 精确， 精密	We require the agency in our market for your precision apparatus.	我们要求做贵司精密仪器在我们市场的代理。	同义：fidelity, rigor, nice, accurate	同根：precise 精确的；明确的；严格的；precisely 精确地；恰恰；preciseness 严谨；精确；古板
glove	/ɡlʌv/	n. 手套	a pair of gloves	一副手套	同义：mittens	同根：gloved 带有手套的；gloved 给…戴手套；给…当手套用（glove的过去分词）
screen	/skrin/	n. 屏幕，银幕；屏风；帘，纱窗 vt. 掩蔽， 遮蔽； 放映， 播放； 审查， 甄别	a computer with an 18-inch colour screen	带18英寸彩色屏幕的电脑	同义：curtain, creen, project, ree	同根：screening 筛选的；screening 筛选；放映；[物] 屏蔽；审查；防波；screenplay 编剧，剧本；电影剧本
naked	/ˈnekɪd/	adj. 裸体的； 无遮蔽的	The children ran naked through the yard.	孩子们光着身子跑过院子。	同义：explicit, frank	同根：nakedly 裸体地；露出地；nakedness 赤裸；明显；赤身裸体
trial	/ˈtraɪəl/	n. 试， 试验； 审判； 讨厌的人	The trial is due to start next week.	审理定于下周开始。	同义：effort, hearing, pain, proof	同根：tried 可靠的；试验过的；trying 难受的；难堪的；费劲的；令人厌烦的；try 尝试；努力；试验
correspond	/,kɔrəˈspɑnd/	vi. 相符合， 相当； 通信	The two halves of the document did not correspond.	这份文件的前后两部分不相符。	同义：cotton, identify, square, accord	同根：corresponding 相当的，相应的；一致的；通信的；correspondingly 相应地，相对地；correspondence 通信；一致；相当
spur	/spɝ/	n. 刺激物 vt. 刺激， 鞭策， 激励	So they've said that passing trade bills with South Korea and Panama and Colombia would help spur growth -- those got done, with significant bipartisan support.	所以他们已经说过了，通过贸易法案与南韩和巴拿马和哥伦比亚将有助于刺激增长——那些搞，重要的两党支持。	同义：stimulus, inspiration, incentive, excitement	
perception	/pɚˈsɛpʃən/	n. 感知， 觉察； 认识， 观念， 看法	He is interested in how our perceptions of death affect the way we live.	他对我们的死亡观如何影响我们的生活方式感兴趣。	同义：consciousness, viewpoint, sense, feel	同根：perceptive 感知的，知觉的；有知觉力的；perceptual 知觉的；感知的；有知觉的；perceptible 可察觉的；可感知的；看得见的
rear	/rɪr/	adj. 后部的，背后的 n. 后部，背面；后方 vt. 抚养， 饲养； 种植	the rear door of the car	汽车的后门	同义：cultivate, foster, plant, set	同根：rearward 向后方的；在末尾的；rearmost 最后的；rearward 在后面；向后面
amongst	/əˈmʌŋst/	prep. 在…之中	Here in Trinity it is right that I should give you an account of how he lived amongst you during these years of his greatest achievement.	正是在三一学院这儿，我将对你们阐述他如何在你们中间生活，如何在这些年中取得他的最伟大的成就。	同义：in the midst of, amidst	
undertake	/,ʌndɚˈtek/	vt. 从事； 承担； 同意； 保证	She undertook the task of monitoring the elections.	她承担了监督选举的任务。	同义：accept, pursue, address, try	同根：undertaking 事业；企业；保证；殡仪业；undertaker 承担者；承办人；殡仪业者；undertaking 同意；担任；许诺（undertake的ing形式）
insect	/ˈɪnsɛkt/	n. 昆虫， 虫	an insect bite	昆虫的叮咬	同义：ratfink, warb	
bureau	/ˈbjʊro/	n. 局， 司， 处， 社， 所	the Federal Bureau of Investigation	联邦调查局	同义：department, innings	
moist	/mɔɪst/	adj. 湿润的， 潮湿的	Make sure the soil is moist before planting the seeds.	播种之前要确保土壤湿润。	同义：wet, humid, dampness, humidification	同根：moistly 潮湿地；含泪地；moisture 水分；湿度；潮湿；降雨量；moistener 润湿器；喷水装置
cable	/ˈkebl/	n. 缆， 索， 电缆； 电报	cables and switches for computers	电脑的缆线和开关	同义：electrical conduit, electric line	同根：cablegram 海底电报
qualify	/ˈkwɑləˌfaɪ/	v. 胜任， 具有资格， 合格； 限定	Free school lunches are given to children who qualify.	符合条件的儿童可获得免费的学生午餐。	同义：block, set a limit to, be in a position, be qualified to	同根：qualified 合格的；有资格的；qualifying 使具有资格的；qualification 资格；条件；限制；赋予资格
intense	/ɪnˈtɛns/	adj. 强烈的； 紧张的； 认真的； 热情的	Young people today are under intense pressure to succeed.	如今的年轻人面临要出人头地的巨大压力。	同义：burning, stressed, sharp, warm	同根：intensive 加强的；集中的；透彻的；加强语气的；intensional 内涵的；紧张的；intensely 强烈地；紧张地；热情地
pregnant	/ˈprɛɡnənt/	adj. 怀孕的， 妊娠的	care for pregnant women	孕妇保健	同义：cyetic, childing	同根：pregnancy 怀孕；丰富，多产；意义深长
applicable	/ˈæplɪkəbl/	adj. 能应用的； 合适的， 适当的	What is a reasonable standard for one family is not applicable for another.	对一个家庭合理的标准对于另一个家庭并不适用。	同义：becoming, shaped, likely, possible	同根：applicative 可适用的；applicatory 适用的；有用的；可应用的；application 应用；申请；应用程序；敷用
admission	/ədˈmɪʃən/	n. 允许进入； 承认； 入场费， 入场券	Reese, by his own admission , lacks the necessary experience.	里斯自己也承认缺乏必要的经验。	同义：recognition, acknowledgement	同根：admissible 可容许的；可采纳的；可接受的；admissive 认可的；容许的；admittable 具有进入的资格的
brass	/bræs/	n. 黄铜， 黄铜器， 铜管乐器	an old brass bedstead	老式黄铜床架	同义：orichalc, yellow metal	同根：brassy 刺耳的；厚脸皮的；似黄铜的；brassy 铜头高尔夫球棍；brasier 火盆；烘篮；黄铜匠
expense	/ɪkˈspɛns/	n. 花费， 消费； 费用， 开支； 业务费用	He borrowed £150,000 and used the money for legal expenses.	他借了15万英镑用于支付律师费。	同义：consumption, losing, price, cost	同根：expensive 昂贵的；花钱的；expendable 可消费的；排出的；不重复使用的；可牺牲的；expensively 昂贵地；乱花钱地
rumour	/ˈru:mə/	n. 谣传， 谣言	His name has come up in the rumour mill as a possible director for the project.	有谣传说他可能出任这个项目的主管。	同义：scuttlebutt, canard	同根：rumor 谣言；传闻；rumormonger 造谣者；散布谣言者；rumor 谣传；传说
contemporary	/kənˈtɛmpərɛri/	adj. 当代的；同时代的 n. 同代人， 当代人	She writes a lot of contemporary music for people like Whitney Houston.	她为惠特尼·休斯敦等人创作大量当代音乐作品。	同义：coeval, modern-day, cotemporary	同根：contemporaneous 同时期的；同时代的，同时发生的；contemporaneously 同时地；同时代地；contemporaneity 同一时期，同时代
gear	/ɡɪr/	n. 齿轮，传动装置，排挡；用具，设备；衣服 vt. 使适应， 使适合	His mountain bike had 18 gears.	他的山地自行车有18挡。	同义：apparatus, installation, facilities, vehicle	同根：gearing 传动装置；gearing 以齿轮连起；配搭活动（gear的ing形式）
boundary	/ˈbaʊndri/	n. 分界线， 边界	National boundaries are becoming increasingly meaningless in the global economy.	在全球经济中，国界已经变得越来越没有意义。	同义：region, extent, spectrum, territory	同根：bound 有义务的；受约束的；装有封面的；bound 范围；跳跃；bound 限制；弹起
rob	/rɑb/	vt. 抢劫， 盗窃	They killed four policemen while robbing a bank.	他们抢劫一家银行的时候杀了4名警察。	同义：hijack, spoliate, prey upon, pillage	同根：robbery 抢劫，盗窃；抢掠
elderly	/ˈɛldɚli/	adj. 较老的，年长的 n. 到了晚年的人， 老年人	a well-dressed elderly woman	穿着考究的老妇人	同义：oldish	同根：elder 年长的；年龄较大的；资格老的；elder 老人；长辈；年长者；父辈
financial	/faɪˈnænʃəl/	adj. 财政的， 金融的	financial transactions	财务往来	同义：monetary, fiscal	同根：financially 财政上；金融上；finance 财政，财政学；金融；financing 融资；财务；筹措资金
rod	/rɑd/	n. 杆， 棒	a measuring rod	测量杆	同义：punishment, authority, payment, bar	
dumb	/dʌm/	adj. 哑的； 无言的； 说不出话的	He stared at the burnt-out car in dumb disbelief.	他难以置信地望着烧毁的汽车，话也说不出来了。	同义：tongueless, speechless	同根：dumbly 默默地；无言地；dumbness 无言，沉默
respective	/rɪˈspɛktɪv/	adj. 各自的， 各个的， 分别的	We all went back to our respective homes to wait for news.	我们都各自回家等待消息。	同义：several, each	同根：respectively 分别地；各自地，独自地
media	/ˈmiːdiə/	n. 新闻媒介， 传播媒介	The scandal was widely reported in the national media .	这一丑闻在全国媒体上被广泛报道。		
favour	/ˈfevɚ/	n. 好感；赞同；恩惠 vt. 赞同； 喜爱， 偏爱； 有利于	Could you do me a favour and tell Kelly I can’t make it?	你帮个忙告诉凯莉说我来不了好吗？	同义：acceptance, preference, good, mercy	同根：favorable 有利的；良好的；赞成的，赞许的；讨人喜欢的；favourable 有利的，顺利的；赞成的；favored 有利的；受到优待的；受到喜爱的
pollute	/pəˈlut/	vt. 弄脏， 污染； 腐蚀	beaches polluted by raw sewage	受未经处理的污水污染的海滩	同义：cloud, poison	同根：polluted 受污染的；被玷污的；pollution 污染；pollutant 污染物
harden	/ˈhɑrdn/	v. 变硬； 变得坚强	It will take about 24 hours for the glue to harden.	胶水干透大约需要24小时。	同义：stiffen	同根：hard 努力的；硬的；困难的；辛苦的；确实的；严厉的；猛烈的；冷酷无情的；hardened 变硬的；坚定的；hardy 坚强的；勇敢的；能吃苦耐劳的；鲁莽的
eve	/iːv/	n. 前夜， 前夕， 前一刻	We’re arriving on Christmas Eve.	我们将在平安夜到达。	同义：evening, sunset	同根：evening 在晚上的；为晚上的；晚上用的；eventful 多事的；重要的；多变故的；重大的；evening 晚上好（等于good evening）
pronoun	/ˈpronaʊn/	n. 代词	Here you should use plural pronoun.	这里你应该用复数代词。		同根：pronominal 代词的；代词性质的
dictate	/ˈdɪktet/	v. 口授； 命令， 规定， 要求 n. 命令， 指挥	Federal funds have to be used as dictated by Washington.	联邦款项得按照华盛顿规定的途径使用。	同义：require, order, command, instruction	同根：dictation 听写；口述；命令；dictator 独裁者；命令者
construction	/kənˈstrʌkʃən/	n. 建造； 建筑物； 结构	a road construction project	道路修建计划	同义：interpretation, explanation, fabric, building	同根：constructive 建设性的；推定的；构造上的；有助益的；constructible [数] 可构成的；constructively 建设性地
predict	/prɪˈdɪkt/	vt. 预言， 预告， 预测	Sales were five percent lower than predicted.	销售额比预期低5%。	同义：forecast, advance information	同根：predictable 可预言的；predictive 预言性的；成为前兆的；predictably 可预言地
render	/ˈrɛndɚ/	vt. 使得， 致使； 给予， 提供； 翻译	an obligation to render assistance to those in need	为有困难的人提供援助的义务	同义：introduce, present, prefer, file	同根：rendering 翻译；表现；表演；描写；打底；（建筑物等）透视图；rendering 给予补偿（rendr的ing形式）；rendering 致使；表演；打底（render的ing形式）
universal	/ˈjʊnəˈvɝsl/	adj. 普遍的； 通用的； 全世界的	free universal healthcare	免费的全民保健制度	同义：widespread, entire, corporate, worldwide	同根：universalist 普救说的；universally 普遍地；人人；到处；universe 宇宙；世界；领域
chemist	/ˈkɛmɪst/	n. 化学家， 药剂师	She worked as a research chemist.	她是一名化学研究员。	同义：pharmacist, dispenser	同根：chemical 化学的；chemic 化学的；炼金术的；chemotherapeutic 化学疗法的
frontier	/frʌnˈtɪr/	n. 边境， 边疆； 新领域	a novel about a family’s struggle on the American frontier	描写一家人在美国边远地区奋斗的小说	同义：boundary, border, borderline	
radical	/ˈrædɪkl/	adv. 根本的，基本的；激进的，激进派的 n. 激进分子	radicals on the extreme left wing of the party	党内极左翼激进分子	同义：thorough, organic, fundamental, ultimate	同根：radically 根本上；彻底地；以激进的方式；radicalism 激进主义；radicle 幼根，[植] 胚根；（神经，血管等的）根；基，原子团
relieve	/rɪˈliv/	vt. 使轻松， 使宽慰， 缓解； 使得到调剂； 接替	Drugs helped to relieve the pain.	药物有助于舒缓疼痛。	同义：moderate, release from	同根：relieved 放心的；relief 救济；减轻，解除；安慰；relieved 减轻；解除（relieve的过去分词）
drawer	/drɔr/	n. 抽屉	She took a file from her desk drawer .	她从书桌的抽屉里拿出了一个文件夹。		同根：draw 平局；抽签；drawee （支票、汇票等的）付款人，[贸易] 受票人；draw 拉；拖
requirement	/rɪˈkwaɪɚmənt/	n. 要求； 必要条件； 需要， 需要的东西	The refugees’ main requirements are food and shelter.	难民的主要需求是食物和住所。	同义：do, necessity, desire, need	同根：required 必需的；（美）必修的；required 需要（require的过去式及过去分词形式）；要求；require 需要；要求；命令
transport	/ˈtrænspɔrt/	vt. 运输 n. 运输， 运输工具	trucks used for transporting oil	运输石油的卡车	同义：carriage, traffic, conveyance, convey	同根：transportable 可运输的；便携式的；transportation 运输；运输系统；运输工具；流放；transporter 运输机；输送者
employment	/ɪmˈplɔɪmənt/	n. 工作； 雇用； 使用	She was offered employment in the sales office.	她获聘在销售部工作。	同义：usage, utilization, profession, career	同根：employable 适宜雇用的；有资格任职的；employee 雇员；从业员工；employ 使用；雇用
specific	/spɪˈsɪfɪk/	adj. 特有的；具体的，明确的 n. 详情， 细节	games suitable for specific age groups	适合特定年龄组的游戏	同义：precise, strict, decided, detailed	同根：specified 规定的；详细说明的；specialty 特色的；专门的；独立的；specialized 专业的；专门的
application	/ˌæpləˈkeʃən/	n. 申请， 申请书； 施用， 涂抹； 应用， 实施； 实用性	We receive hundreds of job applications each year.	我们每年收到数百封求职信。	同义：adhibition, Apps	同根：applicable 可适用的；可应用的；合适的；applicative 可适用的；applicatory 适用的；有用的；可应用的
engage	/ɪnˈɡedʒ/	vt. 使从事； 聘用； 吸引； 占用； 使订婚	I have never engaged in drug trafficking.	我从来没有从事过贩毒。	同义：attract, absorb, draw, appropriate	同根：engaged 使用中的，忙碌的；engaging 迷人的；engagingly 动人地；吸引人地
acre	/ˈekɚ/	n. 英亩	They own 200 acres of farmland.	他们拥有200英亩农田。	同义：soil, domain, ground	同根：acreage 面积，英亩数
whisper	/ˈwɪspɚ/	v. 低声地讲 n. 低语， 耳语	You don’t have to whisper, no one can hear us.	你不必轻声轻语，没人听得到我们说话。	同义：aside, collogue	同根：whispered 低声的；耳语的；whispering 传播流言蜚语的；发飒飒声的（等于whispery）；whispering 低语；流言；飒飒声
appetite	/ˈæpəˌtaɪt/	n. 食欲， 胃口； 欲望	Her husband always had a huge appetite.	她丈夫向来胃口极大。	同义：weakness, habit, hobby	同根：appetizing 开胃的；促进食欲的；appetising 促进食欲的；美味可口的；开胃的，诱人的；appetitive 食欲的；有食欲的；开胃的
semester	/səˈmɛstɚ/	n. 学期	the fall semester	秋季学期	同义：session, term	同根：semiannual 一年两次的；半年一次的；semiannually 每半年
strategy	/ˈstrætədʒi/	n. 战略， 策略	the government’s long-term economic strategy	政府的长期经济策略	同义：device, tactic	同根：strategic 战略上的，战略的；strategically 战略性地；战略上；strategist 战略家；军事家
collapse	/kəˈlæps/	v. 倒坍；塌下 n. 突然失败；突然瓦解	Uncle Ted’s chair collapsed under his weight.	椅子承受不了特德叔叔的重量，塌架了。	同义：founder, fall in, crumple up, failure	同根：collapsible 可折叠的；可拆卸的；collapsibility 崩散性；易坍塌性
clumsy	/ˈklʌmzi/	adj. 笨拙的， 愚笨的； 粗陋的； 不得体的	A clumsy waiter spilled wine all over her new skirt.	一名笨手笨脚的服务员把葡萄酒洒得她新裙子上到处都是。	同义：awkward, inept	同根：clumsily 笨拙地；粗陋地；clumsiness 笨拙；粗陋；不漂亮
territory	/ˈtɛrətɔri/	n. 领土， 版图； 领域	Hong Kong is a Chinese territory.	香港是中国的领土。	同义：domain, province, world, extent	同根：territorial 领土的；区域的；土地的；地方的；territorially 在领土方面；territorial 地方自卫队士兵
concession	/kənˈsɛʃən/	n. 让步， 妥协； 特许， 特许权； 承认， 认可	The British were not prepared to make any concessions .	英国人没有打算作出让步。	同义：recognition, license	同根：concessive 有妥协性的，让步的；concessionaire 特许权获得者，受让人
maintain	/menˈten/	vt. 维持； 维修， 保养； 主张； 赡养	Careers Officers maintain contact with young people when they have left school.	年轻人离开学校以后，职业指导员和他们保持联系。	同义：pursue, submit, sustain, advocate	同根：maintainable 可维持的；可主张的；可维修的；maintenance 维护，维修；保持；生活费用；maintainer 维修工；保持器
shift	/ʃɪft/	v. 移动，转移；改变，转变 n. 转换， 转变； 轮班	He stopped, shifting his cane to his left hand.	他停下来，把手杖移到左手。	同义：variation, removal, move, instrument	同根：shifting 移动的；狡诈的；shifty 变化的；诡诈的；机智的；shifting [计] 移位；狡猾
echo	/ˈɛko/	v. 重复， 模仿； 发出回声 n. 回声；反响，共鸣	The sound of an engine echoed back from the thick forest.	从茂密的森林里传来引擎的回声。	同义：reflect, mirror, repeat, aftersound	同根：echoing 呼应；回音；反照现象；echoing 回响，呼应（echo的现在分词）
erect	/ɪˈrɛkt/	adj. 竖直的， 垂直的 vt. 建造；使竖立	Martin stood erect on the platform.	马丁在讲台上笔直地站着。	同义：construct, fit, fix, structure	同根：erectly 直立地；erection 勃起；建造；建筑物；直立
professional	/prəˈfɛʃənl/	adj. 职业的，专业的，专门的 n. 自由职业者， 专业人员	This business plan looks very professional.	这个商业计划看上去很有专业水平。	同义：vocational, specialized, occupational, career man	同根：professionally 专业地；内行地；professedly 在表面上；公然地；专业地；profession 职业，专业；声明，宣布，表白
elective	/ɪˈlɛktɪv/	adj. 选举的，有选举权的；可任意选择的 n. 选修课程	the 34 elective seats in the National Assembly	国民议会中的34个选举席位	同义：constituent, optional course	同根：elect 选出的；当选的；卓越的；electoral 选举的；选举人的；electioneering 竞选活动的
accusation	/,ækjuˈzeʃən/	n. 谴责； 【律】 指控	The main accusation levelled against him was that he tried to avoid military service.	对他提出的主要指控是他想逃避兵役。	同义：charge, incrimination	同根：accused 被控告的；accusatory 非难的，指责的；控诉的，控告的；accusing 指责的；非难的；归咎的
protein	/ˈprotin/	n. 蛋白质	Where do you get your protein?	你从哪里获得蛋白质？	同义：albumose, glaireous	同根：proteolytic [生化] 蛋白水解的；解蛋白的；proteinaceous 蛋白质的；朊的；proteolytic 解朊作用
exclusive	/ɪkˈsklusɪv/	adj. 奢华的，高级的；独有的，独享的；排斥的，排他的；不包括…的，不把…计算在内的 n. 独家新闻	Bel Air is an exclusive suburb of Los Angeles.	贝莱尔是洛杉矶郊外一处高级住宅区。	同义：particular, antiforeign, scoop	同根：exclusively 唯一地；专有地；排外地；exclusion 排除；排斥；驱逐；被排除在外的事物；exclusiveness 排他性；排外性；独占
jar	/dʒɑr/	v. 感到不快； 震动， 摇动 n. 罐子，坛子，广口瓶	His enthusiasm jarred.	他的热情令人厌烦。	同义：pot, shock, collide with, conflict with	同根：jarring 不和谐的；刺耳的；辗轧的；jarring 辗轧声；冲突；震动；jarring 震惊；冲突；发刺耳声（jar的现在分词）
poverty	/ˈpɑvɚti/	n. 贫穷， 贫困	Millions of elderly people live in poverty .	数百万老年人生活在贫困之中。	同义：difficulty, shortage, hardness, want	
resort	/rɪˈzɔrt/	vi. 求助，凭借，诉诸 n. 求助， 凭借， 诉诸； 求助的对象， 采用的手段； 常去之地， 胜地	His punishing work schedule had made him resort to drugs.	他那累人的工作日程已经使他不得不求助于毒品了。	同义：instrument, shift, road, tool	
goodness	/ˈgʊdnɪs/	int. 天哪 n. 善良， 美德， 好意	My goodness, you have spent a lot!	啊呀，你花了这么多钱！	同义：humanity, excellence, mercy, kindness	
lightning	/ˈlaɪtnɪŋ/	n. 闪电， 电光	Two farmworkers were struck by lightning (= hit by lightning ).	两个农民遭闪电击中。	同义：fast, sudden, levin, bolt	
jaw	/dʒɔ/	n. 颌， 颚	a broken jaw	碎裂的颌骨	同义：chin, jowl, rabbit on, lesson	同根：jawed 有颚的；有颌的；jawed 喋喋不休（jaw的过去分词）
margin	/ˈmɑrdʒən/	n. 页边空白； 差数， 差额； 余地； 边缘	Someone had scribbled a note in the margin .	有人在页边写了条批注。	同义：profit, gain, brink, suburb	同根：marginal 边缘的；临界的；末端的；marginally 少量地；最低限度地；在栏外；在页边；marginalization 边缘化；忽视；排斥
remain	/rɪˈmen/	vi. 剩下，余留；保持；仍然是 n. 残余； 残骸； 遗迹	The refugees were allowed to remain in the UK.	难民获准留在英国。	同义：stop, keep up, debris, relic	同根：remainder 剩余的；吃剩的；remainder [数] 余数，残余；剩余物；其余的人；remainder 廉价出售；削价出售
amaze	/əˈmez/	vt. 使惊奇， 使惊愕	Dave amazed his friends by suddenly getting married.	戴夫突然结婚，令朋友们非常吃惊。	同义：take aback, take by surprise	同根：amazing 令人惊异的；amazed 惊奇的，吃惊的；amazingly 令人惊讶地；惊奇地
refine	/rɪˈfaɪn/	vt. 精炼， 精制， 提纯； 使优美， 使完善	Car makers are constantly refining their designs.	汽车制造商在不断完善他们的设计。	同义：improve, polish up	同根：refined [油气][化工][冶] 精炼的；精确的；微妙的；有教养的；refinement 精制；文雅；[化工][油气][冶] 提纯；refinery 精炼厂；提炼厂；冶炼厂
mount	/maʊnt/	v. 登上；发起；安放；增加，加剧 n. 山， 峰	He mounted the stairs and looked around him slowly.	他登上楼梯，慢慢环顾四周。	同义：enhance, boost, jack, hot	同根：mounting 逐渐增加的；mounted 骑马的；安装好的；裱好的；mounting 装备，装配；上马；衬托纸
mystery	/ˈmɪstri/	n. 神秘； 神秘的人	Twenty years after the event, his death remains a mystery .	事情过去二十年了，他的死仍然是个谜。	同义：secret, privacy, confidence	同根：mysterious 神秘的；不可思议的；难解的；mystic 神秘的；神秘主义的；mystical 神秘的；神秘主义的
atomic	/əˈtɑmɪk/	adj. 原子的， 原子能的， 原子武器的	atomic power	核动力	同义：nuclear, corpuscular	同根：atomistic 原子的；原子论的；atom 原子；atomization 雾化，[分化] 原子化
deposit	/dɪˈpɑzɪt/	vt. 使沉淀；存放，储蓄 n. 定金， 押金； 存款； 矿藏	The female deposits her eggs directly into the water.	雌性把卵直接产在水中。	同义：fund, saving, covers, sludge	同根：depository 保管的；存储的；depositary 存款的；用作储藏所的；deposition 沉积物；矿床；革职
centimetre	/ˈsɛntɪmitɚ/	n. 公分， 厘米	...a tiny fossil plant, only a few centimetres high.	…一块小小的植物化石，只有几厘米高。		
telescope	/ˈtɛləˌskop/	n. 望远镜	What is the range of this telescope?	这架望远镜的有效距离多大?。	同义：to compress, constrict, shorten, spotting scope	同根：telescopic 望远镜的；[眼科] 远视的；套管式伸缩的；眼力好的；有先见之明的；telescoped 窜边的，错开的；telescopically 伸缩地；望远镜地
rotten	/ˈrɑtn/	adj. 腐烂的； 令人不愉快的； 糟糕的	the smell of rotten eggs	坏鸡蛋的气味	同义：weak, fallen, rank, extremely	同根：rottenly 很糟糕；腐烂地；极坏地；rottenness 腐败；腐烂
skillful	/ˈskɪlfəl/	adj. 灵巧的， 娴熟的	Yes. It was a skillful archer who saved the earth.	是的。 是一个熟练的弓箭手拯救了地球。	同义：experienced, happy, accomplished, clever	同根：skilled 熟练的；有技能的；需要技能的；skilful （英）熟练的；灵巧的；技术好的（等于skillful）；skilly 熟练的
flash	/flæʃ/	vi. 闪， 闪烁； 飞驰 n. 闪光；闪光灯	Lightning flashed overhead.	头顶上电光闪闪。	同义：reflect, mirror, stroboflash, coruscation	同根：flashing 闪烁的；闪光的；flashy 闪光的；瞬间的；俗丽的；暴躁的；flashily 恶俗；灿烂地；瞬间地；华而不实
housing	/ˈhaʊzɪŋ/	n. 房屋， 住宅； 住房建筑， 住房供给； 外壳， 外罩	health problems caused by bad housing	住房条件差引起的健康问题	同义：covering, tenement	
guarantee	/,ɡærənˈti/	n. 保证；保证书；担保物 vt. 保证， 担保	They offer a two-year guarantee on all their electrical goods.	他们所有的电器产品都有两年的保修期。	同义：assurance, certification, commitment, warranty	同根：guaranteed 有保证的，；有人担保的；guarantor [金融] 保证人；guaranty 保证；抵押；担保物
recommend	/ˈrɛkəˈmɛnd/	vt. 推荐， 举荐； 劝告， 建议； 使成为可取； 使受欢迎	Doctors strongly recommend that fathers should be present at their baby’s birth.	医生极力建议孩子出生时父亲应该在场。	同义：present, put in a good word, put in a good word, advise	同根：recommendation 推荐；建议；推荐信
fertile	/ˈfɝtəl/	adj. 肥沃的； 多产的； 丰富的	800 acres of fertile cropland	800英亩的肥沃耕地	同义：rich, viable, pregnancy, enrichment	同根：fertilizable 可受精的；可施肥的；fertility 多产；肥沃；[农经] 生产力；丰饶；fertilizer [肥料] 肥料；受精媒介物；促进发展者
automobile	/,ɔtəməˈbil/	n. 汽车， 机动车	the automobile industry	汽车工业	同义：car, motor	同根：automobilist 使用汽车的人；常用汽车的人
notion	/ˈnoʃən/	n. 概念， 观念； 意图， 想法， 念头	She had no notion what he meant.	她根本不明白他是什么意思。	同义：concept, idea, eye, construct	同根：notional 概念性的；想像的；抽象的；不切实际的
diversity	/dɪˈvəsɪti/	n. 多样性； 差异； 不同点	...the cultural diversity of Latin America.	…拉丁美洲文化的多样性。	同义：difference, multiplicity	同根：diverse 不同的；多种多样的；变化多的；diversified 多样化的；各种的；divers 不同种类的，各式各样的
helicopter	/ˈhɛlɪkɑptɚ/	n. 直升机	You can helicopter to the island.	你可以乘坐直升机去那个岛。	同义：copter, whirlybird, verticraft	
tractor	/ˈtræktɚ/	n. 拖拉机， 牵引车	The truck was an 18-wheeler with a white tractor.	这辆卡车有18轮，还有一个白色牵引车头。	同义：traction engine, hauling machine	同根：tractive 牵引的；拖的；曳引的；traction 牵引；[机][车辆] 牵引力
patience	/ˈpeʃns/	n. 忍耐， 耐心	He doesn't have the patience to wait.	他没有耐心等。	同义：tolerance, endurance	同根：patient 有耐性的，能容忍的；patiently 耐心地；有毅力地；patient 病人；患者
grace	/ɡres/	n. 优美，优雅；风度，魅力；宽限，缓期 vt. 使优美	Lena moved with the grace of a dancer.	莉娜走路姿势有着舞者般的优美。	同义：charm, politesse	同根：graceful 优雅的；优美的；gracefully 优雅地；温文地；gracelessly 笨拙地；不优美地
advertisement	/,ædvɚˈtaɪzmənt/	n. 广告， 公告， 登广告； 广告活动， 宣传	They put an advertisement in ‘The Morning News’, offering a high salary for the right person.	他们在《晨报》上刊登了一则启事，出高薪寻找合适的人选。	同义：publicity, bill, propaganda, dissemination	同根：advertising 广告的；广告业的；advertised 广告的；advertizing 广告的；广告业务的
ripe	/raɪp/	adj. 熟的； 时机成熟的	Those tomatoes aren’t ripe yet.	那些番茄还没熟。	同义：developed, mature, adult, examine	同根：ripely 圆通地；成熟地；ripeness 成熟；老练；完成；圆通；ripen 成熟
attribute	/əˈtrɪbjut/	vt. 把…归因于 n. 属性	Women tend to attribute their success to external causes such as luck.	女性往往把她们的成功归因于外因，如运气。	同义：particularity, idiosyncracy, ascribe to	同根：attributable 可归于…的；可归属的；attributive 定语的；归属的；属性的；attributively 属性地；修饰地
mechanism	/ˈmɛkənɪzəm/	n. 机械装置； 机制， 机理； 办法， 途径	the brake mechanism	刹车装置	同义：theory, element, technique, skill	同根：mechanical 机械的；力学的；呆板的；无意识的；手工操作的；mechanistic 机械论的；机械学的；mechanized 机械化的；呆板的
detection	/dɪˈtɛkʃən/	n. 察觉， 发觉； 侦查， 探测	...the early detection of breast cancer.	…乳腺癌的早期发现。	同义：exploration, discovery, occurrence, find	同根：detective 侦探的；detectable 可检测的；可发觉的；detective 侦探
triumph	/ˈtraɪəmf/	vi. 成功 n. 凯旋，胜利	All her life, Kelly had stuck with difficult tasks and challenges, and triumphed.	凯利在一生中遭遇了种种艰巨任务与挑战，但成功了。	同义：victory, success, win, arrive	同根：triumphant 成功的；得意洋洋的；狂欢的；triumphal 凯旋的，胜利的；triumphantly 成功地；耀武扬威地
vice	/vaɪs/	n. 罪恶； 恶习， 缺点； 虎钳	the fight against vice on the streets	打击街头犯罪	同义：defect, deficiency, fault, disadvantage	
horror	/ˈhɔrɚ/	n. 恐怖； 憎恶； 令人恐怖的事物	You should have seen the look of horror on his face.	你真该看看他脸上恐惧的表情。	同义：fright, naupathia	同根：horrid 可怕的；恐怖的；极讨厌的；horrified 惊骇的；带有恐怖感的；horrifying 令人恐惧的；使人惊骇的
poison	/ˈpɔɪzn/	n. 毒，毒药 vt. 毒害	Belladonna and red arsenic are deadly poisons .	颠茄和雄黄都是致命的毒物。	同义：slow, pollute, wine, liquor	同根：poisonous 有毒的；恶毒的；讨厌的；poisoning 中毒；poisoner 投毒者；毒害者
thoughtful	/ˈθɔtfl/	adj. 沉思的； 体贴的	Paul is very thoughtful.	保罗非常体贴人。	同义：considerate	同根：think 思想的；thinking 思考的；思想的；有理性的；好思考的；thoughtfully 沉思地；体贴地，亲切地
gram	/ɡræm/	n. 克	Then they chose one gram for weighing water in a cubic centimetre.	然后他们将一立方厘米的水的重量定为一克。	同义：garbanzo, chick-pea	
empower	/ɪmˈpaʊɚ/	vt. 授权于； 使能够	The Voting Rights Act was needed to empower minority groups.	《选举权法案》对于赋予少数民族自主权是必不可少的。	同义：enable, let, have, grant	同根：empowerment 许可，授权
riot	/ˈraɪət/	vi. 聚众闹事 n. 暴乱，骚乱；极度丰富 vt. 把浪费在放荡的生活上	University students rioted in protest at tuition fees.	大学生闹事，抗议学费过高。	同义：loose, commotion, sow one's wild oats, easy virtue	同根：riotous 暴乱的；狂欢的；不受约束的；放荡的；茂盛的；riotously 暴乱地；骚动地；放纵地；rioting 暴乱
arouse	/əˈraʊz/	vt. 引起； 唤起， 唤醒	Matt’s behavior was arousing the interest of the neighbors.	马特的行为渐渐引起了邻居的兴趣。	同义：encourage, attract, cause, produce	
nest	/nɛst/	v. 筑巢 n. 巢，窝，穴	They say eagles used to nest in those rocks.	他们说以前常有老鹰在那些岩石中筑巢。	同义：soil, eyrie, nidificate	同根：nestling 婴儿；未离巢的雏鸟；nester 穴居的兽；筑巢的鸟；放牧地自耕农；试验筛组的单位筛；nestling 安顿下来；筑巢；把…安置于巢中（nestle的ing形式）
tour	/tʊr/	n&vi. 旅行， 游历	We met on a coach tour in Italy.	我们是在意大利乘长途客车旅游时相识的。	同义：journey, trip, travel, have a trip	同根：tourist 旅游的；touring 游览的；游客的；touristy 适宜游览的；游览者喜欢的；旅游者常去的
calm	/kɑm/	adj. 静的，平静的 v. 平静， 镇静	Glen was calm and composed at the funeral.	格伦在葬礼上表现得平静而镇定。	同义：pacific, peaceful, composed, steady	同根：calmly 冷静地；平静地；安静地；calmness 冷静，镇静；平静，安宁
boring	/ˈbɔrɪŋ/	adj. 令人厌烦的， 乏味的， 无聊的	Her husband is about the most boring person I’ve ever met.	她丈夫可以说是我见过的最无聊的人。	同义：trying, frivolous, drilling hole, bouche	同根：bored 无聊的；无趣的；烦人的；boringly 无趣地；沉闷地；bore 孔；令人讨厌的人
classic	/ˈklæsɪk/	adj. 最优秀的，典型的，标准的；传统式样的，典雅的 n. 文学名著， 经典作品， 杰作； 优秀的典范； 古典文学， 古典语文研究	The Coca-Cola bottle is one of the classic designs of the last century.	可口可乐瓶是上个世纪的经典设计之一。	同义：traditional, conventional, chefdoeuvre, scriptures	同根：classical 古典的；经典的；传统的；第一流的；classy 优等的；上等的；漂亮的；classically 拟古地；古典主义地
ownership	/ˈonɚʃɪp/	n. 所有， 所有制	The price of home ownership is increasing.	房价在不断上涨。	同义：property, droit	同根：own 自己的；特有的；ownerless 无主的；own 自己的
metric	/ˈmɛtrɪk/	adj. 公制的， 米制的	a metric tonne	一公吨		同根：metrical 测量的；韵律的；有韵律的；metrological [计量] 度量衡学的；metrically 韵律地；计量地
ash	/æʃ/	n. 灰， 灰末； 骨灰	cigarette ash	香烟灰	同义：ember	同根：ashless 无灰的；ashy 像灰的；灰色的；覆盖着灰的
suck	/sʌk/	v. 吸， 吮， 啜； 吸收	Don’t suck your thumb, dear.	不要吮大拇指，宝贝。	同义：introject, curry favor with, crawl to	同根：sucking 吸奶的；授乳的；尚未断奶的；乳臭未干的；suctorial [生物] 吸吮的；有吸盘的；吸附的；sucker 吸管；乳儿；易受骗的人
grab	/ɡræb/	v. 抓取，攫取；赶紧做；抓住；抓，夺 n. 抓， 夺	I grabbed my bag and ran off.	我抓起我的包就跑。	同义：pounce at, commandeer, pounce at, snatch up	同根：grabber 强夺者；强取者；掠夺者
rub	/rʌb/	vt. 擦， 摩擦	You’ll have to rub harder if you want to get it clean.	如果你想把它弄干净，就得更使劲地擦。	同义：wipe, mop up, mop up, wipe	同根：rubber 橡胶制成的；rubber 橡胶；橡皮；合成橡胶；按摩师；rubbing 摩擦；研磨；摹拓
presently	/ˈprɛzntli/	adv. 不久， 一会儿； 现在， 目前	The doctor will be here presently.	医生一会儿就到。	同义：soon, erelong	同根：present 现在的；出席的；present 现在；礼物；瞄准；present 举枪瞄准
wealthy	/ˈwɛlθi/	adj. 富有的， 富裕的	the wealthy nations of the world	世界上的富国	同义：rich, sufficient, plenary, the rich	同根：wealthily 丰富地；富有地；wealth 财富；大量；富有
rug	/rʌɡ/	n. 地毯	The old lady was seated in her chair at the window, a rug over her knees.	这位老妇人坐在靠窗的椅子上，膝上盖着一块小毛毯。	同义：peruke, toupee	
jazz	/dʒæz/	n. 爵士音乐， 爵士舞曲	a jazz band	爵士乐队	同义：Jass, rumpus, louse around, potter about	同根：jazzy 爵士乐的；奔放的；花哨的
dusk	/dʌsk/	n. 薄暮， 黄昏； 幽暗	The street lights go on at dusk.	街灯在黄昏时亮起来。	同义：dark, owl-light, darksome	同根：dusky 暗淡的；微暗的；忧郁的；朦胧的；duskiness 微暗；微黑
administration	/əd,mɪnɪˈstreʃən/	n. 管理； 管理部门， 行政机关； 实行， 执行	We’re looking for someone with experience in administration.	我们正在寻找一个有管理经验的人。	同义：governance, management, supervision, regulation	同根：administrative 管理的，行政的；administrable 可管理的；可处理的；administrator 管理人；行政官
occasional	/əˈkeʒənl/	adj. 偶尔的， 间或发生的	He made occasional visits to London.	他有时候会去伦敦。	同义：extraordinary, temporary, odd	同根：occasionally 偶而，间或；occasion 时机，机会；场合；理由；occasion 引起，惹起
boast	/bost/	vi. 自夸；自豪 vt. 自夸，吹嘘；以拥有…而自豪 n. 自吹自擂， 自夸的话	The city boasts two excellent museums.	这个城市以拥有两个优秀的博物馆而自豪。	同义：braggadocio, self-praise, blow one's own born, blow one's own trumpet	同根：boastful 自夸的；自负的；喜夸耀的；boastfully 自夸地；boasting 吹嘘
operator	/ˈɑpəretɚ/	n. 操作人员； 话务员， 报务员	computers which can be used by untrained operators	未经训练的操作者也可使用的电脑	同义：expert, proprietor	同根：operating 操作的；[外科] 外科手术的；operational 操作的；运作的；operant 操作的；有效的
spacecraft	/ˈspeskræft/	n. 航天器， 宇宙飞船	...the world's largest and most expensive unmanned spacecraft.	…世界上最大、最贵的无人航天器。	同义：aerospacecraft, astrovehicle	同根：spaceship [航] 宇宙飞船
furniture	/ˈfɝnɪtʃɚ/	n. 家具	I helped him choose the furniture for his house.	我帮他挑选房子里用的家具。	同义：equipment, facility, plant, suite	
segment	/ˈsɛɡmənt/	n. 部分， 片段； 瓣	Decorate with orange segments.	用几瓣橙子作点缀。	同义：to cut up, divide up, dan, proportion	同根：segmented 分段的；segmental 部分的；segmentation 分割；割断；细胞分裂
stripe	/straɪp/	n. 条纹	a shirt with black and white stripes	黑白条纹衬衫	同义：category, variety, manner, nature	同根：stripped 剥去的；striped 有条纹的；有斑纹的；stripy 有条纹的；条纹状的
jet	/dʒɛt/	vi. 乘喷气式飞机 n. 喷气式飞机；喷嘴；喷射	The president will be jetting off to Germany today.	总统今天要乘喷气式飞机去德国。	同义：emission, ejection nozzle, coal-black, jet-black	同根：jetty 乌黑发亮的，煤玉似的；jetty 码头；防波堤；jetliner 喷气客机
helpful	/ˈhɛlpfl/	adj. 给予帮助的； 有用的	Thank you for your advice; it’s been very helpful.	谢谢你的建议，它非常有用。	同义：useful, beneficial, advantageous, conducive	同根：helpless 无助的；无能的；没用的；helping 辅助的；给予帮助的；helplessly 无助地；无能为力地
statistic	/stəˈtɪstɪk/	n. 统计数值， 统计资料； 统计学	The statistic comes from a study recently conducted by the British government.	这项统计数据来自英国政府最近进行的一项研究。		同根：statistical 统计的；统计学的；statistically 统计地；统计学上；statistics 统计；统计学；[统计] 统计资料
superb	//suːˈpɜːrb//	adj. 极好的； 高质量的	The food was superb.	食物好吃极了。	同义：wonderful, excellent, famous, grand	同根：super 特级的；极好的；superbly 雄伟地；壮丽地；上等地；庄重地；super 特级品，特大号；临时雇员
mold	/mold/	n. 霉，霉菌；模型，铸模；性格 vt. 用模子制作， 塑造； 使形成， 影响…的形成			同义：model, form, mould, fungus	同根：moldy 发霉的；乏味的；陈腐的；moldable 可塑造的；molding 模塑；铸造；装饰用的嵌线
engineering	/ˈɛndʒəˈnɪrɪŋ/	n. 工程， 工程学	...graduates with degrees in engineering.	…获得工程学学位的毕业生。	同义：project, managing, planning, controlling	同根：engineer 工程师；工兵；火车司机；engine 引擎，发动机；机车，火车头；工具；engineer 设计；建造
significant	/sɪɡˈnɪfɪkənt/	adj. 相当数量的； 重要的， 意义重大的， 意味深长的	His most significant political achievement was the abolition of the death penalty.	他政治上最重大的成就是废除了死刑。	同义：valid, important, available, effective	同根：significative 有意义的；表示…的；为…提供推定证据的；significantly 意味深长地；值得注目地；significance 意义；重要性；意思
bold	/bold/	adj. 勇敢的； 鲁莽的； 粗体的， 黑体的； 醒目的	You should be feeling confident and bold when you meet your bank manager.	你会见银行经理的时候要大胆自信。	同义：rapid, stouthearted	同根：boldly 大胆地；冒失地；显眼地；boldness 大胆；冒失；显著
bleed	/blid/	vi. 出血， 流血； 泌脂 vt. 勒索…的钱	Your nose is bleeding.	你的鼻子流血了。	同义：extract, milk, shed blood	同根：bloody 血腥的；非常的；嗜杀的，残忍的；血色的；bleeding 流血的；同情的；blooded 血统优良的；有血的
delicious	/dɪˈlɪʃəs/	adj. 美味的； 芬芳的， 怡人的； 有趣的	‘The meal was absolutely delicious,’ she said politely.	“这顿饭味道好极了。” 她礼貌地说道。	同义：palatable, delectable	同根：delicate 微妙的；精美的，雅致的；柔和的；易碎的；纤弱的；清淡可口的；deliciously 美味地，芬香地；deliciousness 美味；怡人；芬芳
catalogue	/ˈkætəlɔɡ/	n. 目录 v. 为…编目录，把…列入目录中	a mail order catalog	邮购商品目录	同义：directory, content, list	同根：catalogued 编目的；cataloger 编制目录的人；cataloguer [劳经] 编目员
whatever	/wətˈɛvɚ/	adv. [用于否定句中以加强语气]任何； 无论什么	She has shown no interest whatever in anything scientific.	凡是与科学有关的她都没有表现出任何兴趣。		
decrease	/dɪˈkris/	v. 减少 n. 减少	The number of people who have the disease has decreased significantly in recent years.	近年来，这种病的患者人数明显下降。	同义：reduction, loss, to cut down, fall off	同根：decreasing 渐减的；decreasing 减少；缩减（decrease的ing形式）
volunteer	/,vɑlənˈtɪr/	v. 自愿提供； 自愿， 志愿 n. 志愿者；志愿兵	I volunteered my services as a driver.	我主动提出来当司机。		同根：voluntary 自愿的；志愿的；自发的；故意的；voluntary 志愿者；自愿行动
museum	/mjuˈzɪəm/	n. 博物馆	the Museum of Modern Art	现代艺术博物馆		
ignorance	/ˈɪɡnərəns/	n. 无知， 愚昧	Excuse my ignorance, but how does it actually work?	请原谅我的无知，它究竟是如何运作的？	同义：darkness, unwisdom	同根：ignorant 无知的；愚昧的；ignored 被忽视的；被忽略的；ignorantly 无知地；不学无术地
senate	/ˈsɛnət/	n. 参议院， 上院	The Senate approved the bill.	参议院批准了这项议案。	同义：Red Chamber, curia	同根：senatorial 参议院的；参议员的；senator 参议员；（古罗马的）元老院议员；评议员，理事；senatorship 参议员之职
trumpet	/ˈtrʌmpɪt/	n. 喇叭，小号 vt. 大声宣告， 鼓吹	I played the trumpet in the school orchestra.	我在学校管弦乐队吹小号。	同义：horn, loudspeaker, crow about, brag about	同根：trumpeter 吹鼓手；号兵
bolt	/bolt/	n. 螺栓，插销 vt. 闩门	Remove the camshaft retaining bolt and remove the sprockets and chain as an assembly.	拆去凸轮轴固定螺栓，并拆去作为一个总成的链轮和链条。	同义：lightning, levin, do a guy, make a break for it	
string	/strɪŋ/	vi. 连成一串； 排成一行前进 n. 线，细绳；一串，一行 vt. 缚，扎，挂；串起，穿；使排成一列；伸展，拉直	The houses and shops were strung out along the bay.	住宅和店铺沿海湾排成一行。	同义：thread, linea, spread, pink	同根：stringy 绳的；纤维的；线；多筋的；stringer 纵梁，纵桁；上弦匠；[地质] 细脉；特约记者，特约通讯员；拉线人
import	/ˈɪmpɔt/	vt. 输入， 进口 n. 输入， 进口； 进口商品； 意义， 重要性	In 2001, Britain exported more cars than it imported.	2001年英国的汽车出口量大于进口。	同义：significance, stress, value, weight	同根：important 重要的，重大的；有地位的；有权力的；importantly 重要地；大量地；有名望地；自命不凡地；importance 价值；重要；重大；傲慢
occupy	/ˈɑkjupaɪ/	vt. 占领， 占， 占有	Football occupies most of my leisure time.	足球占去了我大部分的闲暇时间。	同义：bag, exercise	同根：occupied 已占用的；使用中的；无空闲的；occupational 职业的；占领的；occupancy 居住；占有；占用
submit	/səbˈmɪt/	vi. 屈从， 听从， 服从 vt. 呈送，提交；主张，建议；使服从，使降服	In desperation, Mrs. Jones submitted to an operation on her right knee to relieve the pain.	绝望中，琼斯夫人不得已接受了一次她右膝的手术以减轻疼痛。	同义：maintain, advocate, put in, hand in	同根：subordinate 从属的；次要的；submissive 顺从的；服从的；柔顺的；subordinating 连接主句和从句的；从属的
mood	/mud/	n. 心情， 情绪； 语气	You’re in a good mood this morning!	你今天早晨心情不错啊！	同义：emotion, atmosphere, tone, spirit	
boom	/buːm/	vi. 激增， 繁荣， 迅速发展； 发出隆隆声 n. 激增，繁荣，迅速发展；隆隆声，嗡嗡声	Business was booming , and money wasn’t a problem.	生意非常兴隆，钱已不是问题。	同义：prosperity, up, speed	同根：booming 兴旺的，繁荣的；大受欢迎的；boomer 生育高峰中出生的人；赶往新兴地区安家的人；发出隆隆声者；发育完全的雄袋鼠；booming 兴旺（boom的ing形式）；发出隆隆声
absence	/ˈæbsns/	n. 缺席， 不在； 缺席的时间， 外出期； 缺乏， 不存在	In the absence of any evidence, the police had to let Myers go.	警察没有证据，只好把迈尔斯放了。	同义：shortage, deficiency, need, short of	同根：absent 缺席的；缺少的；心不在焉的；茫然的；absently 心不在焉地；absenteeism 旷工；旷课；有计划的怠工；经常无故缺席
simplicity	/sɪmˈplɪsəti/	n. 简单， 简易； 朴素	Mona wrote with a beautiful simplicity of style.	莫娜的文笔朴实优美。	同义：homeliness, austerity	同根：simple 简单的；单纯的；天真的；simply 简单地；仅仅；简直；朴素地；坦白地；simple 笨蛋；愚蠢的行为；出身低微者
summit	/ˈsʌmɪt/	n. 最高点， 峰顶； 最高级会议	the European summit	欧洲首脑会议	同义：height, sky, peak, apex	
recession	/rɪˈsɛʃən/	n. 衰退， 衰退期	the economic recession of the early 1980s	20世纪80年代初的经济衰退	同义：depression, downturn, decline, cavity	同根：recessive 隐性的；逆行的；后退的；recessionary （经济）衰退的；衰退期的；recessional 后退的；（英）议会休会的
conclusion	/kənˈkluʒn/	n. 结论， 推论； 结尾； 缔结， 议定	These are the report’s main conclusions.	这些就是这篇报告的主要结论。	同义：outcome, ending, consequence, verdict	同根：conclusive 决定性的；最后的；确实的；确定性的；concluded 推论的；concluding 结束的；最后的
typist	/ˈtaɪpɪst/	n. 打字员	I’m a slow typist.	我打字很慢。	同义：typer	同根：typing 打字；键入；typing 打字；按类型把…归类（type的现在分词）
negative	/ˈnɛɡətɪv/	adj. 否定的，消极的；负的；阴性的 n. 负片， 底片； 负数	students with a negative attitude to school	对上学抱消极态度的学生	同义：passive, destructive, infirmation, disaffirmation	同根：negatively 消极地；否定地；negate 对立面；反面；negation 否定，否认；拒绝
impose	/ɪmˈpoz/	vi. 利用， 占便宜； 欺骗 vt. 把…强加于；征	Parents should beware of imposing their own tastes on their children.	父母应该提防把自己的兴趣强加给孩子。	同义：do with, trade on, force, levy tax	同根：imposed 强加的；施加的；应用的；imposing （建筑物等）壮观的；威风的；（仪表）堂堂的；给人深刻印象的；imposition 征收；强加；欺骗；不公平的负担
ally	/ˈælaɪ/	v. 结盟， 联合 n. 同盟国， 同盟者； 支持者	He will have no choice but to ally himself with the new movement.	他将别无选择，只能与这个新运动结盟。	同义：friend, partner, assistant, comrade	同根：allied 联合的；同盟的；与…同属一系；allied 联合（ally的过去分词）
statement	/ˈstetmənt/	n. 陈述， 声明； 结算单， 报表	In an official statement, she formally announced her resignation.	在一份官方声明中，她正式宣布辞职。	同义：presentation, profession, relation, representation	同根：state 国家的；州的；正式的；stated 规定的；阐明的；定期的；state 国家；州；情形
hence	/hɛns/	adv. 因此， 所以； 今后	The cost of transport is a major expense for an industry. Hence factory location is an important consideration.	运输成本是企业的一大支出，因此工厂选址是重要的考虑因素。	同义：therefore, accordingly, consequently, thus	同根：henceforth 今后；自此以后；henceforward 今后；从今以后；自此以后
memorial	/məˈmɔrɪəl/	adj. 纪念的，悼念的 n. 纪念碑， 纪念堂， 纪念仪式	A memorial service is being held for her at St. Paul's Church.	一场为她举行的纪念仪式正在圣保罗教堂举行。	同义：monument, cenotaph, recordative, mnemonic	同根：memorable 显著的，难忘的；值得纪念的；memory 记忆，记忆力；内存，[计] 存储器；回忆；memento 纪念品，引起回忆的东西
boot	/but/	n. 靴子， 长筒靴； 行李箱； 解雇	hiking boots	远足靴	同义：aim, kick, kick	同根：booted 穿靴的；bootless 无用的；无益的；无利可图的；没穿鞋的；bootlegging 穿靴筒；非法制造私酒
pinch	/pɪntʃ/	vt. 捏，拧 n. 撮， 微量	We have to stop her pinching her baby brother.	我们不能让她再掐她小弟弟了。	同义：harry, shear, crop, bit	同根：pinched 压紧的；痛苦的；困难的；收缩的
delivery	/dɪˈlɪvəri/	n. 投递， 交付； 分娩； 讲话方式； 投递的邮件	Most Indian restaurants offer free delivery.	大多数印度餐馆提供免费外送服务。	同义：labour, handing over	同根：deliverable 可以传送的；可交付使用的；deliver 投球；deliverer 拯救者；交付者；投递者
rack	/ræk/	n. 挂架，搁架 vt. 使痛苦， 折磨； 尽力使用	a wine rack	酒架	同义：toothed bar, baggage holder, become deformed, to morph	同根：racking 拷问的；折磨人的；racking 推压动作；racker 行拷刑者；使人痛苦的人
election	/ɪˈlɛkʃən/	n. 选举； 选择权； 当选	The Labour Party won the 2001 election by a huge majority.	工党在2001年选举中以巨大优势获胜。	同义：option, vote, choice	同根：elect 选出的；当选的；卓越的；elective 选修的；选举的；选任的；electoral 选举的；选举人的
conquer	/ˈkɑŋkɚ/	vt. 征服， 战胜； 破除， 克服	The Normans conquered England in 1066.	诺曼人于 1066 年征服英格兰。	同义：defeat, master, overcome, win the day	同根：conquerable 可征服的；可战胜的；conqueror 征服者；胜利者
learned	/ˈlɝnd/	adj. 有学问的； 学术上的	a learned professor	一位博学的教授	同义：knowing, wise, accomplished, read	同根：learnedly 学识上；learning 学习；学问；learner 初学者，学习者
substance	/ˈsʌbstəns/	n. 物质； 实质； 大意， 要旨； 根据， 理由	The leaves were covered with a strange sticky substance.	树叶上覆着一层黏糊糊的怪东西。	同义：matter, asset, essence, truth	同根：substantial 大量的；实质的；内容充实的；substantive 有实质的；大量的；真实的；独立存在的；substantially 实质上；大体上；充分地
frown	/fraʊn/	n&vi. 皱眉， 蹙额	She frowned as she read the letter.	她看着信皱起了眉头。	同义：disagree with, to disapprove of, mowe	
bond	/bɑnd/	v. 黏合， 结合 n. 联结，联系；公债；契约，合同	It takes less than ten minutes for the two surfaces to bond.	用不了十分钟两个表面就会黏合起来。	同义：combination, convention, coupling, wedding	同根：bonding 结合的；黏结的；bonded 有担保的；存入保税仓库的；bonding 粘合；[机][电子] 压焊
target	/ˈtɑrɡɪt/	n. 目标 vt. 把…作为目标； 瞄准	There is no target date for completion of the new project.	这个新的项目何时完工没有预定日期。	同义：goal, object, end, cause	
wax	/waks/	n. 蜡，蜂蜡 vt. 给…上蜡	wax crayons	蜡笔	同义：increase, make, waxen	同根：waxy 柔软的；蜡色的；像蜡的；苍白的；waxed 上过蜡的；防水的；waxen 苍白的；蜡制的；柔软的
grind	/ɡraɪnd/	v. 磨， 磨快	a stone for grinding knives and scissors	磨刀剪的石头	同义：sharp, triturate, prey upon, lie on	同根：ground 土地的；地面上的；磨碎的；磨过的；grinding 磨的；刺耳的；令人难以忍受的；ground 地面；土地；范围；战场
urban	/ˈɝbən/	adj. 城市的， 都市的； 住在都市的	unemployment in urban areas	城市地区的失业状况	同义：city	同根：urbane 彬彬有礼的，温文尔雅的；都市化的；urbanized 城市化的；urbanization 都市化；文雅化
furthermore	/,fɝðɚˈmɔr/	adv. 而且， 此外	He is old and unpopular. Furthermore, he has at best only two years of political life ahead of him.	他年纪已老，又不得人心，而且他最多也只有两年的政治生命了。	同义：moreover, besides, again, also	同根：further 更远的；深一层的；further 进一步地；而且；更远地；further 促进，助长；增进
guidance	/ˈgaɪdns/	n. 引导， 指导， 领导	a missile with a sophisticated electronic guidance system	有精密电子制导系统的导弹	同义：direction, aiming, lead, steering	同根：guided 有指导的；有向导的；guide 指南；向导；入门书；guideline 指导方针
risk	/rɪsk/	n. 危险，风险；引起危险的事物 vt. 冒…的危险， 使遭受危险	Meat from the infected animals is regarded as a serious health risk (= something likely to harm people’s health ) .	受感染动物的肉被认为对健康有严重威胁。	同义：venture, throw, hazard	同根：risky 危险的；冒险的；（作品等）有伤风化的；riskless 无危险的；安全的；riskily 冒险地；近乎淫秽地
flame	/flem/	n. 火焰， 光辉； 热情	Flames poured out of the windows of the building.	火焰从大楼窗口冒出来。	同义：passion, fire, warmth, set on fire	同根：flamboyant 艳丽的；火焰似的；炫耀的；flaming 燃烧的；火红的；激昂的；flamboyant 凤凰木
container	/kənˈtenɚ/	n. 容器； 集装箱	ice cream in plastic containers	塑料容器里的冰激凌	同义：vessel, pocket	同根：contained 泰然自若的，从容的；被控制的；containerised 已装箱的；已集装箱化的；containment 包含；牵制；容量；密闭度
leader	/ˈlidɚ/	n. 领袖， 领导人， 首领	the largest ever gathering of world leaders	全世界领导人史无前例的大聚会	同义：chief, Moses, captain, boss	同根：lead 带头的；最重要的；leading 领导的；主要的；leaded [冶] 加铅的
delicate	/ˈdɛlɪkɪt/	adj. 纤细的， 易碎的； 微妙的； 精美的	delicate hand-cut glass	易碎的手工刻花玻璃	同义：subtle, female, refined, fine	同根：delicious 美味的；可口的；delicately 微妙地；精致地；优美地；delicacy 微妙；精密
fancy	/ˈfænsi/	adj. 昂贵的； 别致的 n. 想象力，设想；爱好 vt. 喜欢；想象，猜想	Harry took me to a fancy restaurant for our anniversary.	哈里带我去了一家豪华餐厅，庆祝我们的结婚纪念日。	同义：interest, like, fantasy, expensive	同根：fanciful 想像的；稀奇的；fancied 空想的；虚构的；受喜爱的；被特别爱好的；fancifully 梦想地；奇异地；想像地
rebel	/rɪˈbɛl/	vi. 反叛， 造反； 反对， 不服从 n. 反叛分子， 反对者	Voters rebelled against high property taxes.	投票者们反对高额财产税。	同义：strive against, come out against, rat, putschist	同根：rebellious 反抗的；造反的；难控制的；rebelliously 难以控制地；造反地；rebellion 叛乱；反抗；谋反；不服从
bounce	/baʊns/	v. 弹起，反弹；颠簸 n. 弹， 反弹	My father would burst into the kitchen bouncing a tennis ball.	我父亲会拍打着网球闯进厨房。	同义：energy, vitality, spring, elasticity	同根：bouncing 跳跃的；巨大的；活泼的；bouncy 有弹性的；快活的；精神饱满的；自大的；bouncer 保镖；巨大的东西；跳跃的人；吹牛者
usage	/ˈjusɪdʒ/	n. 使用； 对待； 惯用法	a book on modern English usage	关于现代英语用法的书	同义：employment, utilization, tradition, use	同根：usable 可用的；合用的（等于useable）；useful 有用的，有益的；有帮助的；used 习惯的；二手的，使用过的
tissue	/ˈtɪʃu/	n. 组织； 薄绢， 薄纸， 手巾纸	a box of tissues	一盒面巾纸	同义：set, gauze	
experimental	/ɛkˈspɛrɪˈmɛntəl/	adj. 实验的， 试验的	experimental animals	用于实验的动物	同义：tentative, laboratorial	同根：experimentally 实验上；用实验方法；实验式地；experiment 实验，试验；尝试；experimentation 实验；试验；实验法；实验过程
loosen	/ˈlusn/	vt. 解开； 放松， 松弛	You’ll need a spanner to loosen that bolt.	你需要扳手来拧开那个螺栓。	同义：relax, lighten up, relax, lighten up	
rent	/rɛnt/	v. 租借，租用；出租，出借 n. 租金； 出租	Most students rent rooms in their second year.	大多数学生到二年级时租房居住。	同义：letting, hire, lease out, hire out	同根：rental 租赁的；收取租金的；rentable 可租的；rental 租金收入，租金；租赁
nearby	/,nɪrˈbaɪ/	adv. 在附近 adj. 附近的	He might easily have been seen by someone who lived nearby.	他可能很容易被住在附近的人看到。	同义：adjacent, surrounding, around, close by	
carpenter	/ˈkɑːrpəntər/	n. 木工， 木匠	Think of yourself as the carpenter. Think about your house.	把你当做一个木匠，好好想想你的房子。	同义：squareman, woodworker, to make	同根：carpentry 木器；木工手艺；[木] 木工业
cart	/kɑrt/	n. 运货马车				同根：carrier [化学] 载体；运送者；带菌者；货架；carter 运货马车夫，驾驶货车的人；cartage 货车运输；运费
modest	/ˈmɑdɪst/	adj. 谦虚的； 适中的； 羞怯的	You’re too modest! You’ve been a huge help to us.	你太谦虚了！你帮了我们大忙呢。	同义：odest, inobtrusive	同根：modestly 谨慎地；适当地；modesty 谦逊；质朴；稳重
cast	/kæst/	vt. 投，扔，抛；浇铸 n. 演员表， 全体演员； 石膏绷带； 铸型， 铸件； 投， 抛	the shade cast by low-hanging branches	低垂的树枝投下的阴影	同义：throw, pitch, mould, figure	同根：casting 铸造；铸件；投掷；角色分配；caster 铸工；脚轮；投手；调味瓶；casting 铸造；投掷；投向；选派演员；扔掉（cast的ing形式）
hatred	/ˈhetrɪd/	n. 憎恶， 憎恨， 仇恨	A look of pure hatred flashed across her face.	她脸上闪过十足的仇恨表情。	同义：hate, despite, spite	同根：hatefully 可憎地；憎恨地；hate 憎恨；反感；hate 仇恨
crush	/krʌʃ/	vt. 压碎， 碾碎； 摧毁， 压垮	His leg was crushed in the accident.	他的腿在事故中被压断。	同义：crunch, become deformed, pile, crowd	同根：crushing 压倒的；决定性的；不能站起来；支离破碎的；crusher 打击；[食品] 压碎机；压碎的东西；镇服人的事实；crushing 压破，征服，冲入（crush的过去式和过去分词形式）
largely	/ˈlɑrdʒli/	adv. 大部分， 大量地	The state of Nevada is largely desert.	内华达州大部分是沙漠。	同义：mainly, basically, mostly, primarily	同根：large 大的；多数的；广博的；large 大大地；夸大地；large 大
slice	/slaɪs/	n. 薄片，切片；部分 vt. 切， 削	pizza slices	比萨块	同义：proportion, part, portion, percent	同根：sliced （食物）已切成薄片的；slicing 切断，切片；限制，[电子] 限幅；slicer 切片机；截剪器；限制器
frost	/frɔst/	v. 结霜 n. 冰冻，严寒；霜	She was frosting the cupcakes while we talked.	我们交谈时，她在给杯形蛋糕撒糖霜。	同义：freeze off, Jack Frost, indifference	同根：frosted 被霜覆盖的；冻伤的；冷淡的；无光泽的；frosty 结霜的，严寒的；冷淡的；灰白的；frosting 结霜的；磨砂的；消光的
electron	/ɪˈlɛktrɑn/	n. 电子	Most things are balanced - with equal numbers of electrons and protons.	大部分物体都是电荷平衡的——含等量的电子和质子。	同义：elektron	同根：electronic 电子的；electronically 电子地；electronics 电子学；电子工业
incline	/ɪnˈklaɪn/	v. 倾斜； 弯； 倾向于 n. 斜坡	The telescope is inclined at an angle of 43 degrees.	这架望远镜以43度角倾斜。	同义：pitch, slope, affect, slope	同根：inclined 趋向于…的；inclining 倾斜的；inclination 倾向，爱好；斜坡
truly	/ˈtruːli/	adv. 真正地； 忠实地	His work is truly original.	他的作品确实十分独特。	同义：sincerely, really, true	同根：true 真实的；正确的；truthful 真实的；诚实的；true 真实地；准确地
cash	/kæʃ/	n. 现金，现款 vt. 把…兑现	Cash was taken during a burglary of the apartment.	在一次公寓盗窃案中现金被盗。	同义：ready, real money	同根：cashable 可变现的
counsel	/ˈkaʊnsl/	n. 律师，法律顾问；忠告，劝告 vt. 劝告， 提议	He had always been able to count on her wise counsel.	他总是能够指望她明智的忠告。	同义：advice, discussion, agree to sb, make suggestions	同根：counselor 顾问；法律顾问；参事（等于counsellor）；counsellor 顾问；参赞；辅导员（等于counselor）；律师；法律顾问；counselling 辅导；建议
item	/ˈaɪtəm/	n. 条， 条款， 一条	I also saw that news item in the Sunday Times.	我在《星期日泰晤士报》上也看到了那条新闻。	同义：event, provision, clause, article	同根：itemization 逐条记载；详细登录；itemize 逐条列记
gene	/dʒin/	n. 基因	human genes	人类基因	同义：hereditary factor	
liver	/ˈlɪvɚ/	n. 肝	Three weeks ago, it was discovered the cancer had spread to his liver.	三周前，发现癌已扩散到了他的肝脏。	同义：resident, dweller	同根：live 活的；生动的；实况转播的；精力充沛的；lively 活泼的；生动的；真实的；生气勃勃的；living 活的；现存的；活跃的；逼真的
suicide	/ˈsuɪsaɪd/	n&v. 自杀	More people commit suicide at Christmas than at any other time.	圣诞节期间自杀的人比其他任何时候都多。	同义：Dutch act, self-destruction, self-destruct, kill oneself	同根：suicidal 自杀的，自杀性的；自我毁灭的；自取灭亡的
violet	/ˈvaɪələt/	adj. 紫色的 n. 紫罗兰	And what of the violet hue?	这个和紫色色调又什么关系么？	同义：Violet Mist, johnny-jump-up, Tyrian purple	
hollow	/ˈhɑlo/	adj. 空的， 空洞的； 沉闷的； 虚伪的	a hollow tree	空心树	同义：empty, artificial, false, bare	同根：hollowness 空旷；空虚；凹陷
trunk	/trʌŋk/	n. 树干； 大衣箱， 皮箱； 汽车后备箱； 象鼻	He left his bicycle leaning against a tree trunk .	他把他的自行车斜靠在树干上。	同义：stock, bole, arterial	
saving	/ˈsevɪŋ/	n. 节省， 节约； 储蓄金， 存款	Buying a house had taken all their savings.	买房子花掉了他们所有的积蓄。	同义：economy, fund, deposit, economical	同根：saved 获救的；已保存的；save 救球，救援；saver 救助者；节俭的人；节约装置
rely	/rɪˈlaɪ/	vi. 依靠， 依赖； 信赖， 指望	They relied heavily on the advice of their professional advisers.	他们非常依赖专业顾问的建议。	同义：trust, hope	同根：reliable 可靠的；可信赖的；reliably 可靠地；确实地；reliable 可靠的人
hospitalize	/ˈhɑspɪtəˈlaɪz/	vt. 就医	Smith's parents have had to hospitalize her four times with bronchitis since they moved into the trailer a year ago and they say they are sure the trailer is to blame for her illnesses.	自打他们一年前搬进拖车里住，小史密斯就有四因为患有支气管炎被送进医院，史密斯夫妇称，他们的居住环境是孩子发病的主要原因。		同根：hospital 医院；hospitalization 住院治疗；医院收容；住院保险（等于hospitalization insurance）；hospitalisation 住院治疗（等于hospitalization）
slide	/slaɪd/	v. 滑；悄悄地移动 n. 滑动； 滑道， 滑面； 幻灯片	He slid open the door of the glass cabinet.	他滑开玻璃柜的门。	同义：transparency, slipping, bowl, creep down	同根：sliding 变化的；滑行的；slider 滑动器；滑雪者；会滚动之物；sliding 滑；移动
utilize	/ˈjuːtəlaɪz/	vt. 利用	We must consider how best to utilize what resources we have.	我们必须考虑怎样充分利用现有的资源。	同义：do with, trade on, capitalize on, avail of	同根：utilized 被利用的；utile 有用的；有益的；utilizable 可利用的
sticky	/ˈstɪki/	adj. 黏性的， 胶黏的； 湿热的	There’s some sticky stuff in your hair.	你的头发上有什么黏糊糊的东西。	同义：glutinous, viscous	同根：sticking 粘的；有粘性的；stickily 粘的；粘乎乎地；stick 棍；手杖；呆头呆脑的人
prevail	/priˈvel/	vi. 流行， 盛行	A similar situation prevails in Canada.	同样的情况在加拿大也普遍存在。	同义：obtain, win	同根：prevailing 流行的；一般的，最普通的；占优势的；盛行很广的；prevailing 盛行，流行（prevail的现在分词形式）；获胜
waist	/west/	n. 腰， 腰部	The skirt was too big around the waist.	那条裙子腰围太大。	同义：middle, loin	
excessive	/ɪkˈsɛsɪv/	adj. 过多的， 极度的	his excessive drinking	他的酗酒	同义：extreme, ultra, tall	同根：excess 额外的，过量的；附加的；excessively 过分地；极度；excess 超过，超额；过度，过量；无节制
flesh	/flɛʃ/	n. 肉， 肌肉， 肉体	a freshwater fish with firm white flesh	一种肉色雪白、肉质紧实的淡水鱼	同义：meat, clay, fat up	同根：fleshy 肉的；肉质的；丰满的；fleshly 肉体的；肉欲的；耽于声色的；fleshiness 多肉；肥胖
jungle	/ˈdʒʌŋɡl/	n. 丛林， 密林， 莽丛； 乱七八糟的一堆	the Amazon jungle	亚马孙丛林	同义：mott, chaparral, backwoods	同根：jungly 丛林的；丛林居民的
portion	/ˈpɔrʃən/	n. 一部分，一份 vt. 分配， 把…分给	Do you have any children’s portions?	你们有儿童餐吗？	同义：part, proportion, fate, percent	
settle	/ˈsɛtl/	v. 安排， 安放； 调停； 支付， 核算； 安家； 飞落， 停留； 安定	When the children had settled, Miss Brown gave out the new reading books.	孩子们静下来后，布朗小姐给他们发新的故事书。	同义：deposit, beach, work out, figure out	同根：settled 稳定的；固定的；settlement 解决，处理；[会计] 结算；沉降；殖民；settler 移居者；殖民者
pattern	/ˈpætɚn/	n. 型，式样，模型 vt. 仿制， 使照…样子	a dress pattern	连衣裙的纸样	同义：mode, device, design, schema	同根：patterned 有图案的，组成图案的；patternmaker 制模师，模型制造者；打样师；花样图案设计者；翻砂工；patterned 形成图案（pattern的过去分词）；摹制；复写
harsh	/hɑrʃ/	adj. 严厉的； 粗糙的	The hostages are being held in harsh conditions.	人质被拘押在恶劣环境中。	同义：severe, grinding, crude, tight	同根：harshly 严厉地；刺耳地；粗糙地；harshness 严肃；刺耳；粗糙的事物；harshen 使粗糙；使荒凉
connexion	/kəˈnekʃən/	n. connection的英式拼法			同义：contact, link, junction, join	
vehicle	/ˈviəkəl/	n. 车辆， 机动车； 传播媒介， 工具， 手段	a description of the stolen vehicle	对被盗车辆的描述	同义：instrument, engine, tool, gear	
scrape	/skrep/	v. 刮，擦 n. 刮， 擦； 刮擦声	Scrape the carrots and slice them thinly.	把这些胡萝卜去皮切成薄片。	同义：difficulty, corner, dilemma, fix	同根：scraping 刮擦的；吝啬的；scraper 刮刀；铲土机；守财奴；scraping 刮削下的碎屑；刮擦声；抹去
hardship	/ˈhɑrdʃɪp/	n. 艰难， 困苦	an economic policy that caused great hardship for many people	造成许多人贫困的经济政策	同义：affliction, bitterness	同根：hard 努力的；硬的；困难的；辛苦的；确实的；严厉的；猛烈的；冷酷无情的；hardy 坚强的；勇敢的；能吃苦耐劳的；鲁莽的；hard 努力地；困难地；辛苦地；接近地；猛烈地；牢固地
confuse	/kənˈfjʊz/	vt. 使困惑， 把…弄糊涂； 混淆， 把…混同； 混乱， 搞乱	I understand the text but the diagrams are confusing me.	文字我理解，但是图表把我弄糊涂了。	同义：cloud, discombobulate	同根：confused 困惑的；混乱的；糊涂的；confusing 混乱的；混淆的；令人困惑的；confusable 可能被混淆的；可能被弄糊涂的
cushion	/ˈkʊʃən/	n. 垫子， 坐垫， 靠垫	a velvet cushion	天鹅绒垫子	同义：gaddi, mat	同根：cushiony 似垫子的；柔软的；cushioning 缓冲器；软垫；cushioning 缓和（cushion的ing形式）
scold	/skold/	v. 责骂， 训斥	Do not scold the puppy, but simply and firmly say ‘no’.	不要责骂小狗，但要干脆利落地说“不”。	同义：rate, hop on, rate, hop on	同根：scolding 责骂的；scolding 责骂，斥责；scolding 责骂；训斥（scold的ing形式）
glorious	/ˈɡlɔriəs/	adj. 光荣的； 壮丽的； 令人愉快的	a truly glorious future	无比美好的将来	同义：wonderful, excellent, famous, super	同根：glorified 变荣耀的，美其名的；gloriously 光荣地；辉煌地；壮观地，壮丽地；glory 光荣，荣誉；赞颂
civilize	/ˈsɪvəlaɪz/	vt. 使文明， 使开化， 教育	The missionaries went out to civilize other places.	传教士们去异国他乡教化当地人民。	同义：to teach	同根：civil 公民的；民间的；文职的；有礼貌的；根据民法的；civilized 文明的；有礼貌的；civilised 文明的
physician	/fɪˈzɪʃən/	n. 内科医生	...your family physician.	…你的家庭医生。	同义：medical doctor, medico	
architecture	/ˈɑrkəˈtɛktʃɚ/	n. 建筑学； 建筑式样， 建筑风格	He studied architecture at university.	他在大学里读的是建筑学。	同义：architectural style	同根：architectural 建筑学的；建筑上的；符合建筑法的；architectonic 建筑术的；组织的；知识体系的；architecturally 建筑上地；关于建筑地
stress	/strɛs/	n. 压力；强调；重要性；应力；重音 vt. 强调， 着重； 重读	Your headaches are due to stress.	你的头痛是压力造成的。	同义：pressure, significance, intensity, heat	同根：stressful 紧张的；有压力的；stressor 紧张性刺激；光彩
grip	/ɡrɪp/	v. 握紧，抓牢；吸引住 n. 紧握	I gripped the rail and tried not to look down.	我紧紧抓住栏杆，尽量不往下看。	同义：governance, disposal, purchase, handle	同根：gripping 扣人心弦的；引人注意的；令人全神贯注的；griping 绞肠的；gripping 扣人心弦（grip的ing形式）；握紧
display	/dɪˈsple/	vt. 陈列， 展览， 显示	shop windows displaying the latest fashions	展示最新时装的商店橱窗	同义：exhibition, manifestation, reveal, make clear	
electricity	/ɪˈlɛkˈtrɪsəti/	n. 电	The farm was very isolated, but it had electricity.	那个农场非常偏远，但有电力供应。	同义：electric power, electric force	同根：electric 电的；电动的；发电的；导电的；令人震惊的；electrical 有关电的；电气科学的；electrically 电力地；有关电地
climate	/ˈklaɪmɪt/	n. 气候； 风土， 地带； 风气， 气氛	Los Angeles’ warm dry climate	洛杉矶温暖干燥的气候	同义：weather, terroir	同根：climatic 气候的；气候上的；由气候引起的；受气候影响的；climatically 气候上；由气候引起地；风土上（climatic的副词）；clime 气候；地方
conductor	/kənˈdʌktɚ/	n. 售票员， 列车长； 指挥； 导体	Wood is a poor conductor of heat.	木头导热性能差。	同义：leader, Moses, supervisor, administrator	同根：conductive 传导的；传导性的；有传导力的；conduct 进行；行为；实施；conduction [生理] 传导
bore	/bɔr/	vt. 使厌烦；钻，挖 n. 令人讨厌的人	He’s the sort of person who bores you at parties.	他这人会在派对上烦你。	同义：drill hole, counter sunk, drill hole, counter sunk	同根：boring 无聊的；令人厌烦的；bored 无聊的；无趣的；烦人的；boring 钻孔
crust	/krʌst/	n. 面包皮， 硬外皮； 外壳， 地壳	sandwiches with the crusts cut off	切去边皮的三明治	同义：outer housing, encloser	同根：crusty 易怒的；执拗的；有壳的；像外壳一样的；crustal 壳的；地壳的；crustaceous 外壳的；硬皮的
disorder	/dɪsˈɔrdɚ/	n. 混乱， 杂乱， 骚乱	severe eating disorders such as bulimia and anorexia	像贪食症和厌食症这类严重的进食障碍	同义：chaos, confusion, disturbance, turmoil	同根：disordered 混乱的；害了病的；发狂的；失调的；disorderly 混乱的，无秩序的；骚乱的；无法无天的；disorderly 杂乱地，无秩序地
organization	/,ɔrɡənəˈzeʃən/	n. 组织， 团体， 机构	The public expect high standards from any large organization.	公众对任何大型机构都期望很高。	同义：fabric, machinery, system, community	同根：organic [有化] 有机的；组织的；器官的；根本的；organized 有组织的；安排有秩序的；做事有条理的；organizational 组织的；编制的
rage	/redʒ/	vi. 狂吹； 汹涌； 激烈进行； 发怒， 发火 n. 狂怒，盛怒；风靡一时的事物，时尚	‘How was I to know!’ Jenny raged.	“我怎么会知道！”珍妮怒道。	同义：anger, wrath, obtain, anger	同根：raging 愤怒的，狂暴的；raging 发怒，恼火（rage的现在分词）
width	/wɪdθ/	n. 宽阔， 广阔； 宽度	a covered terrace extending the full width of the house	和房子同宽的有顶露台	同义：breadth, extents	同根：wide 广泛的；宽的，广阔的；张大的；远离目标的；widish 稍宽的；较广的；wide 广泛地；广阔地；充分地
dairy	/ˈdɛri/	adj. 乳制品的 n. 牛奶场；乳制品	He avoids all meat and dairy products.	他不吃任何肉类和奶制品。	同义：milker, milking cow, milky	同根：dairying 制酪业；乳制品业；dairymaid 酪农场的女工；乳牛场的女工；dairyman 乳牛场主，乳品加工工人
board	/bɔrd/	vi. 搭伙； 膳宿 n. 板，牌子；木板，纸板；委员会，董事会；伙食 vt. 上	Several students boarded with Mrs. Smith.	有几名学生寄宿在史密斯夫人家里。	同义：meal, directorate, attend, guest	同根：boarding 供膳的；boarding 木板；寄膳宿；上船；boarder 寄膳者；寄膳宿者；寄宿生
economic	/ˌikəˈnɑmɪk, ˌɛkəˈ-nɑmɪk/	adj. 经济的，经济学的 n. 经济学； 经济状况	Economic growth is slow.	经济增长缓慢。		同根：economical 经济的；节约的；合算的；econometric 计量经济学的；economically 经济地；在经济上；节俭地
stuff	/stʌf/	n. 材料，东西 vt. 装， 填， 塞； 让…吃饱	I’ve got some sticky stuff on my shoe.	我鞋子上有什么黏糊糊的东西。	同义：thing, packing, be crammed with, be packed with	同根：stuffing 填料，填塞物；stuffer 填塞工；填充物；信件附页；（美）填塞走私犯；填充线
arrest	/əˈrɛst/	vt. 逮捕，拘留；停止，阻止；吸引 n. 逮捕， 拘留， 扣留	He was arrested and charged with murder.	他遭到逮捕并被指控谋杀。	同义：absorb, attract, engage, dispute	同根：arresting 醒目的，有趣的；引人注意的；arrester [电] 避雷器；[机] 制动器；防止装置；逮捕者；arresting 逮捕（arrest的ing形式）
widow	/ˈwɪdo/	n. 寡妇	an elderly widow who was attacked and robbed last month	上个月遭到行凶抢劫的一位寡居老妇	同义：relict	同根：widowhood 守寡；寡妇的身份
distinction	/dɪˈstɪŋkʃən/	n. 差别， 不同， 区分	Eliot’s distinction as a poet	艾略特作为诗人的杰出才能	同义：quality, identity, character, tang	同根：distinct 明显的；独特的；清楚的；有区别的；distinctive 有特色的，与众不同的；distinguished 著名的；卓著的；高贵的
mature	/məˈtʃʊr/	adj. 成熟的；成年人的；深思熟虑的；到期的，应支付的 vt. 使成熟	Laura is very mature for her age .	相对她的年龄来说劳拉是很成熟的。	同义：developed, adult, due, age	同根：matured 成熟的；到期的；maturely 成熟地；充分地；maturity 成熟；到期；完备
navy	/ˈnevi/	n. 海军	the British Navy	英国海军	同义：seapower	
fee	/fi/	n. 费； 酬金， 赏金	You can use the gym and pool for a fee of £35 a month.	月付35英镑，即可使用健身房和游泳池。	同义：charge, cost, tip	
section	/ˈsɛkʃən/	n. 部分， 章节； 部门， 科； 截面， 剖面	The plane’s tail section was found in a cornfield.	飞机的尾部在玉米田里找到了。	同义：ministry, region, division, department	同根：sectional 部分的，节的；可组合的；sectorial 扇形的，适于切割的；sector 部门；扇形，扇区；象限仪；函数尺
whip	/wɪp/	vt. 鞭笞；猛地移动；搅打成糊状 n. 鞭子	He whipped the horse into a canter.	他抽了一下鞭子，马儿就小跑起来。	同义：fan, egg, leather, mixer	同根：whiplike 鞭子似的；像鞭子的；whippy 有弹性的；柔韧的；whippy 像鞭子一样
protocol	/ˈprotəˈkɔl/	n. 礼仪， 礼节； 草案， 议定书	a breach of diplomatic protocol	违反外交礼节	同义：agreement, ceremony, understanding, treaty	
whale	/wel/	n. 鲸	The whale nearest to the photographer is releasing air to aid its descent.	这只离摄影师最近的白鲸正呼出空气以帮助其下潜。	同义：slaughter, bouncer, colossus	同根：whaler 捕鲸船；捕鲸者
provoke	/prəˈvok/	vt. 对…挑衅， 激怒； 激起， 引起	The novel has provoked fierce debate in the US.	那部小说在美国引发了激烈的争论。	同义：fan, egg, anger	同根：provoking 刺激的；令人生气的，激怒人的；provoked 被激怒的；受到挑衅的；provocation 挑衅；激怒；挑拨
threaten	/ˈθrɛtn/	v. 威胁， 恐吓； 预示快要来临， 是…的征兆； 构成威胁； 可能发生	Postal workers are threatening a strike if they don’t receive a pay increase.	邮政工人威胁如果不加薪，他们就要罢工。	同义：indicate, forecast, shadow, cow	同根：threatened 受到威胁的；threatening 危险的；胁迫的；凶兆的；threateningly 威胁地；危险地；险恶地
talent	/ˈtælənt/	n. 天才， 才能； 人才	He has a lot of talent , and his work is fresh and interesting.	他很有天赋，作品新颖有趣。	同义：capability, ability, quality, genius	同根：talented 有才能的；多才的；talentless 无能的
percentage	/pɚˈsɛntɪdʒ/	n. 百分比， 百分率	Interest rates fell by six percentage points (= 6% ) .	利息下降了6个百分点。	同义：centage	同根：percent 百分之…的；percent 以百分之…地；percent 百分比，百分率；部分；百分数
negotiate	/nɪˈɡoʃɪet/	v. 洽谈， 协商； 顺利通过， 成功越过； 协商， 谈判	His first aim is to get the warring parties back to the negotiating table (= discussing something ).	他的首要目标就是把交战各方拉回到谈判桌上。	同义：transfer, surmount, transact	同根：negotiable 可通过谈判解决的；可协商的；negotiation 谈判；转让；顺利的通过；negotiator 谈判者；磋商者；交涉者
strain	/stren/	v. 扭伤， 拉伤； 尽力； 拉紧 n. 拉紧；过劳；极度紧张；张力；扭伤，拉伤；旋律；品种，家系；气质，个性特点	I’ve strained a muscle in my leg.	我的腿有一处肌肉拉伤。	同义：tension, burden, weight, tauten	同根：strained 紧张的；勉强的；牵强附会的；滤过的；strainer 过滤器；松紧扣；用力拉的人，拉紧者；strained 使紧张（动词strain的过去式和过去分词）
hunt	/hʌnt/	v. 打猎； 搜寻； 驱逐	A forensic team was hunting for clues.	法医小组正在搜寻线索。	同义：seek, beat for, search, nose about	同根：hunting 打猎的；振荡的；hunted 被捕猎的；受迫害的；hunter 猎人；猎犬；搜寻者
violin	/,vaɪəˈlɪn/	n. 小提琴	He plays the violin in an orchestra.	他在管弦乐队中演奏小提琴。	同义：fiddle	同根：violinist 小提琴演奏者，小提琴家
remonstrate	/rɪˈmɑnstret/	v. 抗议	He remonstrated with the referee.	他曾向裁判抗议。	同义：correct, blame for, object, protest against sth	同根：remonstrance 抗议；规劝；谏书；remonstration 抗议；规劝；忠告
package	/ˈpækɪdʒ/	n. 包裹，包装；一揽子交易 vt. 把…打包； 包装	There’s a package here for a Miami Lakes address.	这里有一个寄往迈阿密湖的包裹。	同义：envelopment, fardel, parcel	同根：packed （常用来构成复合词）充满…的，塞满了…的；packaged 包装过的；packable 可捆扎的；可打包的；可压紧的
visible	/ˈvɪzəbl/	adj. 可见的， 看得见的， 有形的	The comet is visible to the naked eye (= can be seen without using special equipment ).	这颗彗星肉眼看得见。	同义：obvious, distinct, seen, evident	同根：visibly 明显地；显然；看得见地；vision 视力；美景；眼力；幻象；想象力；visibility 能见度，可见性；能见距离；明显性
crisis	/ˈkraɪsɪs/	n. 危机， 存亡之际； 关键阶段	The country now faces an economic crisis .	该国目前正面临一场经济危机。	同义：defining moment, critical stage	
rail	/rel/	vi. 责骂， 抱怨 n. 栏杆，横杆；铁轨，轨道；铁路	the American rail system	美国铁路系统	同义：pen, rider, rate, beef about	同根：railing 栏杆；扶手
survival	/sɚˈvaɪvl/	n. 幸存； 幸存者， 残存物	The doctors gave him a one in ten chance of survival .	医生说他有十分之一的生存希望。	同义：remanet, leavings	同根：surviving 继续存在的；未死的；依然健在的；survivor 幸存者；生还者；残存物；survivalist 活命主义者；成功地活下来的人
germ	/dʒɝm/	n. 微生物， 细菌； 幼芽	Put disinfectant down the toilet to kill any germs.	在抽水马桶里投放消毒剂杀菌。	同义：seed, plantule, burgeon, spring up	同根：germy 带有细菌的
inner	/ˈɪnɚ/	adj. 内部的； 内心的	an inner room	内室	同义：internal, mental, inside, spiritual	同根：in 在里面的；时髦的；inward 向内的；内部的；精神的；本质上的；熟悉的；innermost 内心的；最里面的，最深处的；秘密的
market	/ˈmɑrkɪt/	n. 市场； 股市； 行情， 销路	Our main overseas market is Japan.	我们的主要海外市场是日本。	同义：exchanges, store, shop, outlet	同根：marketable 市场的；可销售的；有销路的；marketing 行销，销售；marketer [贸易] 市场商人；市场营销人员
keen	/kin/	adj. 热心的； 激烈的； 敏锐的， 敏捷的	keen students	求知若渴的学生	同义：acute, intense, eager, pointed	同根：keenly 敏锐地；强烈地；锐利地；keenness 敏锐；锐利
glimpse	/ɡlɪmps/	vi. 看一眼，一瞥 vt. 瞥见 n. 一瞥， 一看	I glimpsed a figure at the window.	我瞥见窗前有个身影。	同义：glance, dekko, catch sight of, catch sight of	同根：glimmering 微弱地发光的；薄弱地发光的；glimmering 微光；隐约的一瞥
detective	/dɪˈtɛktɪv/	n. 侦探， 私人侦探	She hired a detective to find out if her husband was having an affair.	她雇了一个私人侦探调查她丈夫是否有外遇。	同义：tec, hawkshaw	同根：detection 侦查，探测；发觉，发现；察觉；detector 检测器；发现者；侦察器；detect 察觉；发现；探测
transfer	/trænsˈfɝ/	v. 搬， 转移； 调动， 转学； 转让， 过户； 乘车， 转乘	He was transferred for a fee of £8 million.	他以800万英镑的转会费转到了其他球队。	同义：negotiation, diversion, make over, dispose of	同根：transferase [生化] 转移酶；转换酶；transferable 可转让的；[数] 可转移的；transferrable 可转移的；可传递的；可转换的
footstep	/ˈfʊtstɛp/	n. 脚步， 脚步声， 足迹	He heard someone’s footsteps in the hall.	他听见门厅里有脚步声。	同义：step, track	
veteran	/ˈvɛtərən/	n. 老兵， 老手	a Vietnam veteran	越战老兵	同义：old moustache, warhorse, seasoned	
indifferent	/ɪnˈdɪfrənt/	adj. 冷漠的， 不积极的； 一般的， 平平的	an indifferent cook	手艺平平的厨师	同义：neutral, insignificant	同根：indifferently 冷淡地；漠不关心地；平庸地；相当差地；indifference 漠不关心；冷淡；不重视；中立
outside	/,aʊtˈsaɪd/	adj. 外部的 prep. 在…的外面； 向…的外面； 除…以外 n. 外部，外表	We turned off the outside lights and went to bed.	我们关掉外头的电灯，上床睡觉了。	同义：outer, external, out, without	同根：outsider 外人；无取胜希望者
nerve	/nɝv/	n. 神经； 勇敢， 胆量	a condition which affects the nerves in the back	影响背部神经的疾病	同义：courage, heart, take courage, get up the courage	同根：nervous 神经的；紧张不安的；强健有力的；nervy 有勇气的；易激动的；紧张不安的；nervously 神经质地；焦急地；提心吊胆地
affection	/əˈfɛkʃən/	n. 感情； 爱， 爱慕	She thought of him with affection.	她怀着喜爱想起了他。	同义：infection, impression, favor, effect	同根：affected 受到影响的；做作的；假装的；affective 情感的；表达感情的；affecting 动人的；感人的
eagle	/ˈigl/	n. 鹰	The eagle plumed its wing.	这只鹰整理它的翅膀。	同义：hawk	
cruise	/krʊz/	vi. 航游，巡航；缓慢巡行 n. 航游， 游弋	She wants to cruise the canals of France in a barge.	她想坐驳船游览法国的运河。	同义：range, expatiate, range, roam about	同根：cruiser 巡洋舰；巡航飞机，警察巡逻车
elementary	/,ɛlɪˈmɛntri/	adj. 基本的， 初级的	the elementary principles of justice and democracy	正义和民主的基本信条	同义：basic, fundamental, essential, primary	同根：elemental 基本的；主要的；自然力的；四大要素的（土、水、气、火）；element 元素；要素；原理；成分；自然环境
topic	/ˈtɑpɪk/	n. 题目， 论题， 话题	The environment is a popular topic these days.	如今环境是一个热门话题。	同义：theme, subject, titles, motive	同根：topical 局部的；论题的；时事问题的；局部地区的；topically 总论地；时事问题地；topicality 时事性；时事性话题
solemn	/ˈsɑləm/	adj. 庄严的， 隆重的； 严肃的	a solemn expression	严肃的表情	同义：serious, sacred, majestic, grave	同根：solemnly 庄严地；严肃地；solemnity 严肃；庄严；一本正经；solemnization 举行仪式；庄严化；隆重的庆祝
perceive	/pɚˈsiv/	vt. 感知， 感觉， 察觉； 认识到， 意识到； 理解	That morning, he perceived a change in Franca’s mood.	那天早上，他注意到弗兰卡情绪的变化。	同义：detect, feel, absorb, see	同根：perceived 感知到的；感观的；perceptive 感知的，知觉的；有知觉力的；perceptible 可察觉的；可感知的；看得见的
omit	/əˈmɪt/	vt. 省略； 遗漏	Please don’t omit any details, no matter how trivial they may seem.	请不要忽略任何细节，不管它多细小。	同义：understand, elide	
option	/ˈɑpʃən/	n. 选择， 选择权， 选择自由； 选择的事物或人， 选课	There are a number of options available.	有多种选择。	同义：election, choice	同根：optional 可选择的，随意的；optional 选修科目；opt 选择
erroneous	/ɪˈronɪəs/	adj. 错误的， 不正确的	His economic predictions are based on some erroneous assumptions.	他的经济预测是基于错误假设之上的。	同义：false, wrong, improper, incorrect	同根：erroneously 错误地；不正确；erroneousness 不正确）；错误（有误差
raid	/red/	n&vt. 袭击； 突入查抄， 突入搜捕； 劫掠	a bombing raid	轰炸	同义：robbery, assault, hit, descend on	同根：raider 袭击者；侵入者
politics	/ˈpɑlətɪks/	n. 政治， 政治学； 政纲， 政见	a good understanding of politics in China	对中国政治很好的了解	同义：department of political science	同根：political 政治的；党派的；politically 政治上；politician 政治家，政客
acute	/əˈkjut/	adj. 严重的； 急性的； 灵敏的， 敏锐的； 精明的	The housing shortage is more acute than first thought.	住房短缺情况比一开始想的要严重。	同义：serious, bad, keen	同根：acutely 尖锐地；剧烈地；acuteness 剧烈；敏锐；锐利
limitation	/,lɪmɪˈteʃən/	n. 限制， 限度； 局限	a nuclear limitation treaty	核限制条约	同义：restriction, threshold, qualification, terminal	同根：limited 有限的；limitless 无限制的；无界限的；limiting 限制的；限制性的
sponsor	/ˈspɑnsɚ/	n. 发起者 vt. 发起； 资助， 赞助； 支持	Who is the sponsor of the research program?	谁是这个研究项目的发起人?。	同义：friend, guarantee, entrepreneur, launch	同根：sponsorship 赞助；发起；保证人的地位；教父母身份
kindergarten	/ˈkɪndɚɡɑrtn/	n. 幼儿园	I to the kindergarten at the age of three.	在我记忆中，我三岁就被送去幼儿园了。	同义：play school, nursery school	同根：kindergartener 幼儿园教师；kindergartner 幼儿园教师；幼儿园里的小孩
unexpected	/ˈʌnɪkˈspɛktɪd/	adj. 想不到的， 意外的	The experiment produced some unexpected results.	这次试验产生了一些意想不到的结果。	同义：sudden, surprising	同根：unexpectedly 出乎意料地，意外地；unexpectedness 出乎意外，突然
crucial	/ˈkrʊʃəl/	adj. 至关重要的， 决定性的	The conservation of tropical forests is of crucial importance .	保护热带雨林至关重要。	同义：important, considerable, material, critical	同根：crucially 关键地；至关重要地
generator	/ˈdʒɛnəretɚ/	n. 发电机； 发生器	an emergency generator	应急发电机	同义：producer, electrical machine	同根：generative 生殖的；生产的；有生殖力的；有生产力的；generational 一代的；生育的；generation 一代；产生；一代人；生殖
insert	/ˈɪnsɝt/	vt. 插入， 嵌入； 登载	He took a small key from his pocket and slowly inserted it into the lock.	他从衣袋里掏出一把小钥匙，然后缓缓地将其插入锁孔里。	同义：bed, build in, inlet, impaler	同根：insertion 插入；嵌入；插入物
remark	/rɪˈmɑrk/	vt. 说；评论说 n. 话语； 谈论， 评论	‘This house must be very old,’ he remarked.	“这幢房子一定很古老了。”他说道。	同义：regard, notice, publicity, observe on	同根：remarkable 卓越的；非凡的；值得注意的；remarkably 显著地；非常地；引人注目地
forbid	/fɚˈbɪd/	vt. 禁止， 不许， 阻止	Lack of space forbids listing the names of all those who contributed.	由于篇幅限制，无法列出所有捐款人的姓名。	同义：bar, dispute, let, stem	同根：forbidden 被禁止的；严禁的，禁用的；forbidding 令人生畏的；严峻的；险恶的；forbiddance 禁令；禁止
microscope	/ˈmaɪkrəskop/	n. 显微镜	Can I borrow your microscope?	可以借你的显微镜吗?。		同根：microscopic 微观的；用显微镜可见的；microscopical 显微镜的；microscopically 用显微镜；通过显微镜
necessarily	/,nɛsəˈsɛrəli/	adv. 必要地； 必然	The care of old people necessarily involves quite a lot of heavy lifting.	照顾老年人必定要干很多搬重物的活儿。	同义：inevitably, consequentially	同根：necessary 必要的；必需的；必然的；necessitarian 必然论的；宿命论的；necessary 必需品
highlight	/ˈhaɪlaɪt/	vt. 强调，突出，使显著 n. 最精彩的部分； 最重要的事件	Your résumé should highlight your skills and achievements.	你的简历应该突出自己的技能和成绩。	同义：emphasize, stress, first thing	同根：highlighting 增强亮度；突出性，醒目性；highlighter 萤光笔，亮光笔；轮廓色；highlighting 使…显著；以强光照射（highlight的ing形式）
billion	/ˈbɪljən/	num. 十亿	The final cost could be as much as one billion dollars.	最后的费用可能高达十亿美元。	同义：lots of, wealth, ocean, sea	同根：billionth 十亿分之一的；第十亿的；billionth 十亿分之一；第十亿
parallel	/ˈpærəlɛl/	adj. 平行的；类似的；并列的，并联的 n. 可相比拟的事物；相似处；平行线，平行面；纬线 vt. 与…平行； 与…相似， 与…相当， 比得上	Lines AB and CD are parallel. AB	线与CD线平行。	同义：contrast, same, uniform	同根：parallelism 平行；类似，对应；parallelepiped 平行六面体；parallelize 平行放置；使……平行于……
reject	/rɪˈdʒɛkt/	vt. 拒绝； 拒纳， 退回 n. 次品	Sarah rejected her brother’s offer of help.	萨拉拒绝了她弟弟的帮助。	同义：refuse, negative, inferior, degraded product	同根：rejective 拒绝的；排斥的；rejection 抛弃；拒绝；被抛弃的东西；盖帽
cashier	/kæˈʃɪr/	n. 出纳	Do you have any experience as a cashier?	你是否有出纳员的工作经验？	同义：teller, treasurer, get the boot, to sack	
sheer	/ʃɪr/	adv. 垂直地，陡峭地 vi. 急转向， 偏离 adj. 完全的，十足的；陡峭的，垂直的；极薄的，透明的	cliffs which rose sheer from the sea	从海面垂直拔起的悬崖	同义：strict, absolute, transparent, positive	
miracle	/ˈmɪrəkl/	n. 奇迹， 令人惊奇的人	Do you believe in miracles?	你相信神迹吗？	同义：phenomenon, wonder	同根：miraculous 不可思议的，奇迹的；miraculously 奇迹般地；神奇地；非凡地；出乎意料地
profit	/ˈprɑfɪt/	vi. 受益 n. 益处；利润，收益 vt. 有益于，有利于	Because we need to give profit to the capital, otherwise we get no capital.	因为我们需要为了资本来获得利益，否则就得不到资本。	同义：behalf, margin, benefit, gain	同根：profitable 有利可图的；赚钱的；有益的；profitless 无益的；profitably 有利地；有益地
original	/əˈrɪdʒənl/	adj. 最初的；新颖的；原版的 n. 原件， 原作	The land was returned to its original owner.	这块土地归还给了原主。	同义：archetype, antitype, initial, premier	同根：originative 有创作力的；有发明之才能的；originally 最初，起初；本来；origin 起源；原点；出身；开端
wit	/wɪt/	n. 风趣； 妙语； 智力， 才智， 智能	a woman of great wit and charm	说话风趣、风韵动人的女人	同义：wisdom, intelligence, brain, mind	同根：witty 诙谐的；富于机智的；wittily 机智地；俏皮地；wittiness 机智
handful	/ˈhænd,fʊl/	n. 一把， 少数， 一小撮	There were only a handful of people there.	那里只有几个人。	同义：fewness, the minority	
nylon	/ˈnaɪlɑn/	n. 尼龙	nylon fabric	尼龙织物	同义：polymide, polyamide fiber	
yawn	/jɔn/	vi. 打呵欠 n. 呵欠	Alan stretched and yawned.	艾伦伸伸懒腰，打了个呵欠。	同义：breakage, chasm, gap, seam	同根：yawning 打哈欠的，张着大嘴的；yawning 打呵欠；yawning 打哈欠（yawn的ing形式）
terminal	/tɝ​mənl/	adj. 晚期的，不治的；末端的，终点的，极限的 n. 终点； 终端； 接线端	terminal cancer	晚期癌症	同义：destination, limitation, threshold, bottom	同根：terminally 最后；在末端；处于末期症状上；致命地；terminus 终点；终点站；界标；界石
kingdom	/ˈkɪŋdəm/	n. 王国； 领域； 界	the United Kingdom	联合王国	同义：domain, province, territory, world	同根：kingly 国王的；高贵的，国王似的；kinglike 君王似的；威严的；king 国王；最有势力者；王棋
various	/ˈvɛrɪəs/	adj. 各种各样的， 不同的	The jacket is available in various colours.	这种夹克有好多种颜色可选。	同义：varieties of, miscellaneous	同根：variously 不同地；多方面地；个别地；多彩地；variousness 变化
latter	/ˈlætɚ/	adj. 后者的； 后一半的	In the latter case, buyers pay a 15% commission.	在后一种情况下，买家付15%的佣金。	同义：back, rear	同根：latterly 最近；近来
reduction	/rɪˈdʌkʃən/	n. 减少， 缩小； 下降， 降低	strategies for noise reduction	减少噪音的对策	同义：loss, decrease, decline	同根：reduced 减少的；[数] 简化的；缩减的；reductive 还原的；减少的；reducible [数] 可约的，可化简的；可还原的；可缩小的
extent	/ɪkˈstɛnt/	n. 广度； 范围； 程度	They examined the extent to which (= how much ) age affected language-learning ability.	他们调查了年龄会在多大程度上影响语言学习能力。	同义：degree, boundary, region, length	同根：extensiveness 延伸；大范围
gaol	/dʒeɪl/	vt. 监禁 n. 监狱	Hundreds and thousands of africans are thrown into gaol each year under pass laws.	由于《通行证法》，每年有成千上万的南非黑人被关进监狱。	同义：prison, imprison, prison, jail	同根：gaoler 监狱看守；监狱长
conversely	/ˈkɑnvɝsli/	adv. 相反	American consumers prefer white eggs; conversely, British buyers like brown eggs.	美国的消费者喜欢白色的鸡蛋，而英国的消费者却相反，他们喜欢棕色的鸡蛋。	同义：contrary, counter, backward, inversely	同根：converse 相反的，逆向的；颠倒的；converse 逆行，逆向；倒；相反的事物；converse 交谈，谈话；认识
sauce	/sɔs/	n. 调味汁， 作料	spaghetti sauces	意大利面酱	同义：soy, shoyu, season	
ban	/bæn/	vt. 取缔，查禁；禁止 n. 禁止， 禁令	Smoking is banned in the building.	大楼内禁止吸烟。	同义：bar, inhibit, forbid, restraining order	同根：banning 禁止的；banning 禁止；禁令；banning 禁止；取缔；限制（ban的ing形式）
fascinate	/ˈfæsəˈnet/	vi. 有吸引力， 迷人 vt. 迷住，强烈吸引	The idea of travelling through time fascinates me.	穿越时光的想法深深吸引着我。	同义：enthrall, beguile, be carried away	同根：fascinating 迷人的；吸引人的；使人神魂颠倒的；fascinated 着迷的；被深深吸引的；fascinatingly 极有吸引力地；迷人地
suffer	/ˈsʌfɚ/	v. 遭受， 忍受， 容许； 受痛苦， 受损	At least he died suddenly and didn’t suffer.	至少他死得突然，没有遭罪。	同义：stomach, stand, experience, tough	同根：suffering 受苦的；患病的；sufferable 可忍耐的；可容忍的；可忍受得了的；suffering 受难；苦楚
diplomatic	/,dɪpləˈmætɪk/	adj. 外交的， 从事外交的； 策略的， 有手腕的	Diplomatic efforts to end the fighting began on October 25.	停战的外交努力于10月25日开始。	同义：foreign, experienced	同根：diplomatically 在外交上；靠外交途径；圆滑地；婉转地；diplomat 外交家，外交官；有外交手腕的人；处事圆滑机敏的人；diplomacy 外交；外交手腕；交际手段
bat	/bæt/	n. 蝙蝠； 球棒， 球拍	...a baseball bat.	…一只棒球棒。	同义：Murcielago, reremouse	同根：battered 破旧的；磨损的；弄垮的；受到虐待的；batter 击球手；（用鸡蛋、牛奶、面粉等调成的）糊状物；墙面的倾斜；batting 打击；打球；棉絮
neighbourhood	/nebɚˌhʊd/	n. 四邻； 附近； 接近	Be quiet! You’ll wake up the whole neighbourhood!	安静点！ 你会把邻居全都吵醒的！	同义：contiguity, all around	同根：neighbor 邻近的；neighbour 邻居的；邻近的；neighboring 邻近的；附近的（等于neighbouring）
rank	/ræŋk/	v. 给…评定等级； 列入， 占特定等级 n. 军衔，职衔；地位，社会阶层；排，行列	There were several pairs of riding boots ranked neatly in the hall.	门厅里整齐地摆放着几双马靴。	同义：degree, classification, row, range	同根：ranking 上级的；头等的；超群的；ranking 等级；地位；ranging 排列；测距修正
assumption	/əˈsʌmpʃən/	n. 假定， 臆断； 担任， 承担	You would be making an assumption that's not based on any fact that you could report.	你会做出不以你能报道的任何事实为依据的一种假设。	同义：conception, perhaps, if	同根：assumed 假定的；假装的；assumptive 假定的；设想的；傲慢的；assume 装腔作势；多管闲事
pension	/ˈpɛnʃən/	n. 养老金，抚恤金 vt. 发给…养老金	At what age can you start drawing your pension ?	从多少岁可以开始领取养老金？	同义：retirement pay, subsidy	同根：pensionable 有资格领退休金的；可领退休金的；pensioner 领养老金者；领取抚恤金者；pensionary 领受退休金（养老金）者；受雇佣者
giant	/ˈdʒaɪənt/	adj. 巨大的 n. 巨人，巨物；才智超群的人	a giant electronics company	一家电子产品巨头	同义：Titan, jotun, huge, tremendous	同根：giantess 女巨人；giantism 巨大；[医] 巨大畸形
fluid	/ˈfluɪd/	adj. 流动的 n. 流体，液体	a loose, fluid style of dancing	舒展而优美的舞姿	同义：floating, flowing, running, fluent	同根：fluidity [流] 流动性；流质；易变性；fluidness 流动性；流质；不固定性，易变性
bay	/be/	n. 湾； 分隔间	...a short ferry ride across the bay.	…一趟跨海湾的短途渡轮旅程。	同义：gulf, bight, rant and rave	同根：bayou 河口；海湾；支流
outlet	/ˈaʊtlɛt/	n. 出口， 出路； 发泄途径	Her father had found an outlet for his ambition in his work.	她父亲在工作中找到了施展抱负的途径。	同义：exit, market, way out	
neglect	/nɪˈglɛkt/	v. 疏于照料；疏忽 n. 疏忽	She smoked and drank, neglected the children, and left the clothes unmended.	她抽烟喝酒，既不照顾孩子，也不缝补衣服。	同义：ignore, be forgetful of, omission, oversight	同根：negligible 微不足道的，可以忽略的；neglected 被忽视的；未被好好照管的；negligent 疏忽的；粗心大意的
gang	/ɡæŋ/	vi. 聚集， 结成一伙 n. 一帮，一伙	Several gangs were operating in the area.	有好几个犯罪团伙在这个地区活动。	同义：cluster, bunch, qun	
shrink	/ʃrɪŋk/	v. 起皱； 收缩； 退缩， 畏缩	I’m worried about washing that shirt in case it shrinks.	我不太敢洗那件衬衫，怕它会缩水。	同义：contract, recoil from, astrict, constringe	同根：shrinking 畏缩的；犹豫不决的；shrunken 缩小的，缩拢的；shrinkage 收缩；减低
ancestor	/ˈænsɛstɚ/	n. 祖宗， 祖先； 原型； 先驱	My ancestors were French.	我的祖先是法国人。	同义：father, root, grandfather	同根：ancestral 祖先的；祖传的；ancestry 祖先；血统；ancestress 女性祖先；女性被继承人
textile	/ˈtɛkstaɪl/	adj. 纺织的 n. 纺织品；纺织业	From the context of the text, I find the next pretext for selling the textile.	我从课文的前后关系中找到卖纺织品的下一个借口。	同义：cloth, web, spinning	
former	/ˈfɔrmɚ/	adj. 在前的 n. 前者	the former Soviet Union	前苏联	同义：long-ago, old-time, matrix, model	同根：formative 形成的；造型的；格式化的；formalized 形式化的；正式的；formless 没有形状的；无定形的；形体不明的
panic	/ˈpænɪk/	v. 恐慌， 惊慌失措 n. 恐慌，惊慌，慌乱	He started to panic when he saw the gun.	他看见枪就慌了起来。	同义：alarm, unfounded, flurry	同根：panicky 恐慌的；惊慌失措的
fold	/fold/	v. 折叠，合拢 n. 褶， 折叠的部分	Fold the paper along the dotted line.	沿虚线将纸折起来。	同义：infold, enfold, Christian, believer	同根：folding 可折叠的；foldaway 折叠式的；folder 文件夹；折叠机；折叠式印刷品
plastic	/ˈplæstɪk/	adj. 塑料的；可塑的 n. 塑料， 塑料制品； 信用卡	a plastic spoon	塑料汤匙	同义：mouldable, malleable, restricting, true-up	同根：plasticizer 塑化剂；可塑剂；plasticity 塑性，可塑性；适应性；柔软性；plasticiser 增塑剂
globe	/ɡlob/	n. 地球， 世界； 地球仪； 球体	We export our goods all over the globe.	我们的商品出口到世界各地。	同义：this earthly round, terra, sphere, conglobate	同根：global 全球的；总体的；球形的；globally 全球的；全局地；世界上；globalization 全球化
chemical	/ˈkɛmɪkl/	adj. 化学的 n. 化学制品	the chemical composition of bleach	漂白剂的化学成分	同义：chymic	同根：chemic 化学的；炼金术的；chemically 用化学；以化学方法；chemistry 化学；化学过程
interpretation	/ɪnˈtɝprɪˈteʃən/	n. 解释； 口译； 艺术处理	One possible interpretation is that they want you to resign.	一种可能的解释是，他们想要你辞职。	同义：explanation, translation, construction, account	同根：interpretive 解释的；作为说明的；interpretative 解释的；作为说明的；interpretable 可说明的；可判断的；可翻译的
ax	/æks/	n. 斧子	How do you sharpen your ax?	如何磨尖你的斧头呢？	同义：cut to the bone, cut down to, oxe	
intermediate	/,ɪntɚˈmidɪət/	adj. 中间的； 中级的	an intermediate stage during which the disease is dormant	疾病处于潜伏状态的中期	同义：mid, medium, middle, secondary	同根：intermediary 中间的；媒介的；中途的；interlocking 连锁的；interlocutory 中间的；对话的；对话体的
folk	/fok/	n. 人们； 家属， 亲属； 大伙儿， 各位	I’m sure there are some folk who would rather they weren’t here.	我敢肯定有些人宁愿自己不在这里。	同义：nation, people, family, civil	同根：folksy 有民间风味的；和气的；无拘束的
consideration	/kən,sɪdəˈreʃən/	n. 考虑， 思考， 要考虑的事； 体贴， 关心	proposals put forward for consideration	提请考虑的建议	同义：attention, compensation, payment, cause	同根：considerable 相当大的；重要的，值得考虑的；considered 经过深思熟虑的；被尊重的；consider 考虑；认为；细想
competitive	/kəmˈpɛtətɪv/	adj. 竞争的， 比赛的； 好竞争的， 求胜心切的； 有竞争力的	Some US industries are not as competitive as they have been in the past.	美国有些行业不如以前有竞争力了。	同义：played, rival	同根：competing 相互矛盾的；抵触的；competitory 竞争的（等于competitive）；competitively 有竞争力地；好竞争地
enquiry	/ɛnˈkwaɪri, ˈɛnkwəri/	n. 询问	We are pleased to receive your enquiry.	我们很高兴收到您的询问函。	同义：question, quaere	同根：enquire 询问；调查；问候（等于inquire）；enquire 询问；打听
applause	/əˈplɔz/	n. 鼓掌， 掌声	She got a round of applause (=  a short period of applause  ) when she finished.	她结束的时候获得一阵掌声。	同义：acclamation, cheer	
frank	/fræŋk/	adj. 坦白的， 直率的	To be perfectly frank, I think it’s a bad idea.	老实说，我认为这个主意不好。	同义：explicit, naked, confessed	同根：frankly 真诚地，坦白地；frankness 率直；坦白
abuse	/əˈbjus/	vt. 滥用； 虐待， 伤害； 辱骂， 毁谤 n. 滥用； 虐待， 伤害； 辱骂， 毁谤	Williams abused his position as Mayor to give jobs to his friends.	威廉斯滥用市长权力，给不少朋友安排了工作。	同义：punishment, vice, strain, maltreat	同根：abusive 辱骂的；滥用的；虐待的；abusively 滥用地；辱骂地；abused 滥用，恶习；受虐
prove	/pruv/	v. 证实， 证明； 结果是	You’re wrong, and I can prove it.	你错了，我可以证明。	同义：demonstrate, reveal, make clear, argue	同根：proved 证实的；被证明的；provable 可证明的；可以查清的；provably 证明地；可查验地；试验得出地
scheme	/skim/	v. 密谋， 策划 n. 计划，方案；阴谋	She’s nothing but a lying, scheming little monster!	她就是个爱撒谎、爱算计的小巫婆！	同义：plan, programme, system, organization	同根：scheming 惯耍阴谋的，诡计多端的；schematically 计划性地；按照图式；schemer 阴谋家；谋士；计划者
deaf	/dɛf/	adj. 聋的； 不愿听的	communication between deaf and hearing people	失聪者和听力正常者之间的交流	同义：dunny	同根：deafening 震耳欲聋的；极喧闹的；deafened 变聋的；deafening 隔音
consequently	/ˈkɑnsəkwɛntli/	adv. 因此， 因而， 所以	Most computer users have never received any formal keyboard training. Consequently, their keyboard skills are inefficient.	大多数的电脑使用者都没有经过正规的键盘操作训练，因此他们的键盘技巧不够熟练。	同义：therefore, hence, accordingly, thus	同根：consequent 随之发生的；作为结果的；consequential 间接的；结果的；重要的；随之发生的；自傲的；consequence 结果；重要性；推论
virus	/ˈvaɪrəs/	n. 病毒； 病毒性疾病， 病毒病	children infected with the Aids virus	感染艾滋病病毒的儿童	同义：vindictiveness, Vyrus	同根：virucidal 杀病毒的；virulently 恶毒地
drain	/dren/	v. 排去，放水 n. 耗竭； 排水沟， 排水管	The boat drifted helplessly along the drain until some people saw him.	船儿无助地顺着排水沟漂流直到有人看见他。	同义：discharge of water, exhaust, use out, consumption	同根：drainage 排水；排水系统；污水；排水面积
isolate	/aɪslˌet/	vt. 使隔离， 使孤立	The town was isolated by the floods.	洪水使该镇与外界隔绝。	同义：segregate, seclude, cordon off, to stand alone	同根：isolated 孤立的；分离的；单独的；[电] 绝缘的；isolating 孤立的；绝缘的；isolationist 孤立主义的；孤立主义者的
sailor	/ˈselɚ/	n. 水手， 海员	Six British sailors drowned.	六名英国海员溺水身亡。	同义：matlo, matelot	同根：sailing 航行的；sailing 航行，航海；启航；航海术；sail 帆，篷；航行
amuse	/əˈmjuz/	vt. 逗…乐， 给…娱乐	Doing jigsaws would amuse Amy for hours on end.	拼图能让埃米连续玩上几个小时。	同义：to entertain, wile away	同根：amusing 有趣的，好玩的；引人发笑的；amused 愉快的，顽皮的；被逗乐的；amusive 愉快的；有趣的
inward	/ˈɪnwɚd/	adv. 向内 adj. 里面的；内心的	He pushed open the front door, which swung inward with a groan.	他推开前门，门呀的一声向里开了。	同义：internal, inner, mental, familiar	同根：in 在里面的；时髦的；inner 内部的；内心的；精神的；innermost 内心的；最里面的，最深处的；秘密的
responsibility	/rɪˌspɑːnsəˈbɪləti/	n. 责任， 责任心； 职责， 义务	Kelly’s promotion means more money and more responsibility.	凯利获得提升，这意味着钱多了，责任也更大了。		同根：responsible 负责的，可靠的；有责任的；responsibly 负责地，可信赖地；respond 应答；唱和
enquire	/ɪnˈkwaɪr/	v. 询问	Day and day I take pains to enquire myself my reason for doing so, in no time will I stoop so low as to beg you sympathy, though I can feel your scoff all the time.	日复一日，我不厌其详地询问我自己，我在任何时候都这样低俯恳求你同情，但我能感受到你对这一切一切嗤之以鼻。	同义：question, probe, examine, query	同根：enquiry [计] 询问，[贸易] 询盘
civil	/ˈsɪvl/	adj. 公民的； 文职的； 民用的； 民事的， 民法的； 文明的	They were married in a civil ceremony in May.	他们在五月份举行了世俗婚礼。	同义：folk, polite	同根：civic 市的；公民的，市民的；civilized 文明的；有礼貌的；civilised 文明的
popularity	/,pɑpjuˈlærəti/	n. 普及， 流行； 声望	The president’s popularity has declined considerably.	总统的支持率大大下降了。	同义：prevalence, diffusedness	同根：pop 邮局协议（post office protocol）；pop 流行的；通俗的；热门的；popular 流行的，通俗的；受欢迎的；大众的；普及的
subsequent	/ˈsʌbsɪkwənt/	adj. 随后的， 后来的	These skills were passed on to subsequent generations.	这些技能代代相传。	同义：succeeding, pursuant	同根：subsequently 随后，其后；后来
indicate	/ˈɪndɪket/	vt. 标示， 表示， 表明	The study indicates a connection between poverty and crime.	研究显示贫穷和犯罪有关联。	同义：forecast, index, image, shadow	同根：indicative 象征的；指示的；表示…的；indicant 指示的；表示的；indicatory 表示的；指示的
scarcely	/ˈskɛrsli/	adv. 几乎不， 简直不； 决不； 刚刚， 才	He had scarcely sat down when there was a knock at the door.	他刚坐下就有人敲门。	同义：ill, barely	同根：scarce 缺乏的，不足的；稀有的；scarce 仅仅；几乎不；几乎没有
panel	/ˈpænl/	n. 专门小组； 面， 板； 控制板， 仪表盘	He assembled a panel of scholars to advise him.	他集结了一个学者小组为他出谋划策。	同义：fascia board, instrument board	同根：panelist 专门小组成员；专题讨论小组参加者（等于panellist）；paneling 镶板；嵌板；panelling 镶板
outstanding	/ˈaʊtˈstændɪŋ/	adj. 突出的， 杰出的； 未解决的； 未偿付的	an outstanding example of a 13th-century castle	13世纪城堡的杰出典范	同义：prominent, excellent, obvious, brilliant	同根：outstandingly 醒目地
sew	/so/	v. 缝制， 缝纫	I learned to sew at school.	我在学校学会了缝纫。	同义：seam, oversew, needle work	同根：sewer 下水道；阴沟；裁缝师；sewing 缝纫；缝纫业；sewing 缝（sew的ing形式）
oval	/ˈovl/	adj. 椭圆形的 n. 椭圆形	...the small oval framed picture of a little boy.	…一个小男孩的镶在椭圆形框架里的小幅照片。	同义：elliptical, ovate, ellipse, elliptical shape	
column	/ˈkɑləm/	n. 柱， 支柱， 圆柱； 纵队； 栏， 专栏	He writes a weekly column for ‘The Times’.	他每周为《泰晤士报》写一篇专栏文章。	同义：pillar, tier	同根：columned 圆柱状的；立有圆柱的；columnist 专栏作家
procedure	/prəˈsidʒɚ/	n. 程序， 手续， 步骤	On board, we were given the usual talk on safety procedures (= what to do if an accident happens, or to prevent an accident ) .	在飞机上，我们听了例行的飞行安全讲解。	同义：routine, program, move, step	同根：process 经过特殊加工（或处理）的；procedural 程序上的；process 过程，进行；方法，步骤；作用；程序；推移
sample	/ˈsæmpl/	n. 样品，试样，样本 vt. 从…抽样； 品尝， 体验	They took a blood sample to test for hepatitis.	他们取了血样做肝炎化验。	同义：essay, have a try, example, pattern	同根：sampling 取样；抽样；sampler [自] 采样器；取样器；样品检查员；sampling 取样；抽样（sample的ing形式）
integrate	/ˈɪntɪɡret/	v. 成为一体， 合并	He didn't integrate successfully into the Italian way of life.	他没有成功融入到意大利的生活方式中去。	同义：become one flesh, complete, absolute, full	同根：integral 积分的；完整的，整体的；integrated 综合的；完整的；互相协调的；integrative 综合的
survivor	/sɚˈvaɪvɚ/	n. 生还者； 残存物	Don’t worry about Kurt; he’s a survivor.	不用担心库尔特，他是个坚强的人。	同义：leavings	同根：surviving 继续存在的；未死的；依然健在的；survival 幸存，残存；幸存者，残存物；surviving 生存（survive的ing形式）
tropical	/ˈtrɑpɪkl/	adj. 热带的； 炎热的	the tropical rain forests	热带雨林	同义：intense, warm, hot, enthusiastic	同根：tropic 热带的；tropically 关于热带方面；tropic 热带；回归线
partner	/ˈpɑrtnɚ/	vi. 做…的搭档 n. 伙伴，合伙人，搭档，配偶	I used to partner him in tennis matches.	我过去常在网球比赛中与他搭档。	同义：comrade, associate, joint stock, tie up	同根：partnership 合伙；[经管] 合伙企业；合作关系；合伙契约
plunge	/plʌndʒ/	n&v. 纵身投入， 猛冲； 猛跌	At least 50 people died when a bus plunged into a river.	一辆公共汽车冲进了河里，至少有50人死亡。	同义：investment, input, plough into, throw one's self into	同根：plunger [机] 活塞；潜水者；跳水者；莽撞的人
diagnose	/,daɪəɡˈnos/	vt. 诊断	He could diagnose an engine problem simply by listening.	他仅靠听就能判断发动机出了什么问题。	同义：tell, figure out, judge of, pass upon	同根：diagnostic 诊断的；特征的；diagnostic 诊断法；诊断结论；diagnosis 诊断
somewhat	/ˈsʌmwʌt/	adv. 有点儿 pron. 一点儿	Things have changed somewhat since then.	从那时候起，情况就有些不一样了。	同义：how, any	同根：something 大约；有点象；something 非常；有点；大约；something 重要的人；值得重视的事
earnest	/ˈɜːnɪst/	adj. 认真的， 诚恳的	a rather earnest young man	相当认真的一个年轻人	同义：crucial, important, serious, considerable	同根：earnestly 认真地；诚挚地；earnestness 认真；诚挚；正经
spider	/ˈspaɪdɚ/	n. 蜘蛛	What should I find but an enormous spider!	我居然发现了一只巨大的蜘蛛！	同义：araneid, tripod	同根：spidery 细长足的；蜘蛛一般的；蜘蛛网一般的
interview	/ˈɪntɚvju/	n&vt. 接见， 会见； 面谈， 面试； 采访	a portfolio of work presented at interview	在面试时呈递的工作成果样本	同义：audience, cover, to receive	同根：interviewee 被接见者；被访问者；interviewer 会见者；面谈者；进行面试者
furnace	/ˈfɝnɪs/	n. 炉子， 熔炉， 鼓风炉	An adjustable plate, as in the flue of a furnace or stove, for controlling the draft.	挡板，调节风门一种可调节的薄片，如在熔炉或火炉的通气管中的，用来控制气流。	同义：stove, burner	
ditch	/dɪtʃ/	n. 沟， 沟渠， 渠道	Both vehicles ended up in a ditch.	两辆车都掉进了沟里。	同义：reject, slough off, furrow, conduit	
deck	/dɛk/	n. 甲板， 舱面； 层面	Eddie returned to the flight deck (= the part of an aircraft where the pilot sits ) .	埃迪回到了驾驶舱。	同义：board, storage room, paint, hang	同根：decker 装饰者；甲板水手
scare	/skɛr/	v. 吓， 使害怕； 受惊吓， 感到害怕 n. 惊恐，恐慌	Loud noises can scare animals or birds.	噪声太大会惊吓到鸟兽。	同义：take aback, spook, panic, pavor	同根：scary 提心吊胆的；引起惊慌的；胆小的；scared 害怕的；scarey 引起惊慌的
thunder	/ˈθʌndɚ/	vi. 打雷， 轰隆响； 大声喊， 吼 n. 雷，雷声；擂鼓般的响声，轰隆声	The children came thundering downstairs.	孩子们噔噔噔地走下楼梯。	同义：threat, intimidation, fulminate, bark out	同根：thundering 如雷鸣的；非常的；异乎寻常的；thunderous 像打雷的，隆轰隆响的；多雷的，强有力的；thundery 雷鸣般的；情形不妙的
observe	/əbˈzɝv/	vt. 注意到， 观察； 评说； 遵守	Scientists have observed a drop in ozone levels over the Antarctic.	科学家已经观察到南极洲上方的臭氧浓度有所下降。	同义：watch, quo, tell, talk	同根：observed 观察的；观测的；observant 善于观察的；机警的；严格遵守的；observable 显著的；觉察得到的；看得见的
humorous	/ˈhjumərəs/	adj. 幽默的， 诙谐的	humorous stories	诙谐的故事	同义：funny, witty	同根：humourous 幽默的，诙谐的；滑稽的；humorless 非常严肃的；缺少幽默感的；humourless 缺乏幽默感的；一本正经的
furnish	/ˈfɝnɪʃ/	vt. 供应， 提供； 装备	Will these finds furnish more information on prehistoric man?	这些发现是否能提供更多有关史前人类的资料？	同义：afford, prepare, serve, tender	同根：furnishing 供给；装备；服饰；家俱；furnishing 供给；装备；陈设（furnish的ing形式）
bet	/bɛt/	vt. 打赌；敢说，确信 n. 打赌； 赌金， 赌注	How much do you want to bet?	你想赌多少钱？	同义：stake, make sure, be sure of, lay	同根：better 较好的；better 更好的；更多的；较大程度地；better 长辈；较好者；打赌的人（等于bettor）
contact	/ˈkɑntækt/	n. 接触；联系，交往 vt. 与…接触， 与…取得联系	The town is cut off from contact with the outside world.	小镇与外界的联系被切断了。	同义：touch, link, meet, to link	
rare	/rɛr/	adj. 稀有的， 冷僻的； 珍奇的； 出类拔萃的； 稀薄的； 煎得嫩的	I like my steak rare.	请给我做半熟的牛排。	同义：thin, subtle, extremely, badly	同根：rarefied 稀薄的；纯化的；rarified 纯净的；稀薄的；raring 渴望的；急切的
discharge	/dɪsˈtʃɑrdʒ/	v. 释放， 排出； 卸货 n. 释放， 放电	Hospitals now tend to discharge patients earlier than in the past.	与过去相比，现在医院更趋向于让病人早些出院。	同义：issue, forgive, issue, shed	同根：discharged 放电的；泻出的；discharged 排出（discharge的过去分词）；卸货
exclude	/ɪkˈsklʊd/	vt. 把…排除在外	a special diet that excludes dairy products	不包含奶制品的特别食谱	同义：preclude, rule out	同根：exclusive 独有的；排外的；专一的；exclusively 唯一地；专有地；排外地；exclusive 独家新闻；独家经营的项目；排外者
scary	/ˈskɛri/	adj. 引起惊慌的			同义：timid, tremulous	同根：scare （美）骇人的；scarey 引起惊慌的；scare 恐慌；惊吓；惊恐
criticism	/ˈkrɪtəˈsɪzəm/	n. 批评， 批判； 评论， 评论文章	Despite strong criticism , the new system is still in place.	尽管遭到了猛烈的批评，新制度依然原封不动。	同义：comment, animadversion	同根：critical 鉴定的；[核] 临界的；批评的，爱挑剔的；危险的；决定性的；评论的；critically 精密地；危急地；批评性地；用钻研眼光地；critic 批评家，评论家；爱挑剔的人
utmost	/ˈʌtˈmost/	adj. 最远的 n. 极限	It is a matter of the utmost urgency to find out what has happened to these people.	当务之急是弄清楚这些人出了什么事。	同义：limitation, threshold, terminal, excessive	
image	/ˈɪmɪdʒ/	n. 像； 形象； 映像； 形象的描述	He had the clearest image in his mind of his mother and father.	他脑海中对父母的印象极其清晰。	同义：icon, portrait, indicate, vision	同根：imaging 成像；imagism 意象派（1912年前后源于英美，主张主题和形式摆脱因袭之风）；imaging 想像（image的ing形式）；画…的像
consultancy	/kənˈsʌltənsi/	n. 咨询公司	a management consultancy	管理咨询公司	同义：consulting firm, consultation company	同根：consultative 咨询的；consultive 咨询的；consultant 顾问；咨询者；会诊医生
ribbon	/ˈrɪbən/	n. 缎带， 丝带； 色带	little girls with ribbons in their hair	头发上系着丝带的小姑娘们	同义：belt, band, strip	同根：ribbed 有棱纹的；有肋骨的；呈肋状的；ribbing 罗纹的；ribbonlike 如带的；带状的
garbage	/ˈɡɑrbɪdʒ/	n. 垃圾， 废物； 废话； 无用的资料	Can you take out the garbage when you go?	你走的时候把垃圾带出去好吗？	同义：refuse, waste, junk, rubbish	
complain	/kəmˈplen/	vi. 抱怨， 诉苦； 控告， 投诉	Miners have complained bitterly that the government did not fulfil their promises.	矿工们已愤愤地抱怨政府没有兑现他们的承诺。	同义：whine about, beef, beef about, rail against	同根：complaining 抱怨的；complainingly 抱怨地；发牢骚地；诉苦地；complaint 抱怨；诉苦；疾病；委屈
mainland	/ˈmenlænd/	n. 大陆	flights between a Greek island and the mainland	希腊一海岛和本土之间的航班	同义：continent, landmass, continental, indigenous	
homogeneous	/,homəˈdʒinɪəs/	adj. 同种类的， 同性质的， 有相同特征的	The unemployed are not a homogeneous group.	失业者并不都是同一类人。	同义：conspecific	同根：homogenized 成为均匀分布的微粒的；homogeneously 同样地；homogeneity 同质；同种；同次性（等于homogeneousness）
anxiety	/æŋˈzaɪəti/	n. 焦虑， 忧虑； 渴望， 热望	his feelings of anxiety	他焦虑的心情	同义：solicitude, aspiration	
temptation	/tɛmpˈteʃən/	n. 诱惑， 引诱	Resist the temptation to buy the item until you’re certain you need it.	要抵挡住购买的诱惑，除非你确有需要。	同义：invitation, allurement	同根：tempting 吸引人的；诱惑人的；temptable 可诱惑的；易被诱惑的；temptingly 诱惑人地；迷人地
popularize	/ˈpɑpjələraɪz/	vt. 普及	Skinner was the psychologist who popularized behavior modification.	斯金纳就是那位使行为矫正概念得到普及的心理学家。	同义：gain ground, vulgarize	同根：pop 邮局协议（post office protocol）；pop 流行的；通俗的；热门的；popular 流行的，通俗的；受欢迎的；大众的；普及的
burst	/bɝst/	vi. 爆裂，爆炸；挤满；突然打开；突然发作 vt. 使爆炸；突然打开 n. 爆炸	The pipes had burst and the house was under two feet of water.	水管爆裂，房子被水淹了两英尺。	同义：out break, flame up, blast, out break	同根：burster 爆炸剂；分组器（等于buster）
vigorous	/ˈvɪɡərəs/	adj. 朝气蓬勃的； 有力的， 用力的	Your dog needs at least 20 minutes of vigorous exercise every day.	你的狗每天需要进行至少20分钟的剧烈运动。	同义：male, live, energetic, mighty	同根：vigorously 精神旺盛地，活泼地；vigor [生物] 活力，精力
debt	/dɛt/	n. 债， 债务， 欠债	He had enough money to pay off his outstanding debts.	他有足够的钱偿还亏欠的债务。	同义：liability, loan, borrowing	同根：debtor 债务人；[会计] 借方
refrigerator	/rɪˈfrɪdʒəretɚ/	n. 冰箱， 冷藏库			同义：icebox, freezer	同根：refrigerant 制冷的；冷却的；refrigerated 冷冻的，冷却的；refrigeration 制冷；冷藏；[热] 冷却
necessity	/nəˈsɛsəti/	n. 必需品； 必要性， 需要	She saw books as a necessity, not a luxury.	她视书籍为必需品而非奢侈品。	同义：need, want, demand, requirement for	同根：necessary 必要的；必需的；必然的；necessitarian 必然论的；宿命论的；necessarily 必要地；必定地，必然地
fog	/fɔɡ/	n. 雾， 烟雾， 尘雾	It will be a cold night, and there may be fog patches .	今夜天气寒冷，部分地区可能有雾。	同义：vapor, smog, obfuscate, befog	同根：foggy 有雾的；模糊的，朦胧的；fogged 有灰雾的；不清晰的；fogger 雾警信号手；照顾牛马的人
frame	/frem/	n. 框架，框子，构架 vt. 给…镶框； 陷害， 诬告； 制定； 表达	They removed the picture from its wooden frame.	他们把画从木镜框中取下来。	同义：configuration, mechanics, texture, structure	同根：framed 遭到陷害的；有构架的；framing 框架；设计；取景；组帧；framer 组成者；筹划者
lucky	/ˈlʌki/	adj. 幸运的， 侥幸的； 吉利的	I didn’t really know your name – it was just a lucky guess .	我并不知道你的名字―只是运气好猜中的。	同义：fortunate, providential	同根：luckless 不幸的，运气不好的；luckily 幸好，侥幸；幸运地；luck 运气；幸运；带来好运的东西
origin	/ˈɔrɪdʒɪn/	n. 起源， 起因； 出身， 血统	The tradition has its origins in the Middle Ages.	这一传统源于中世纪。	同义：birth, extraction, dawn	同根：original 原始的；最初的；独创的；新颖的；originally 最初，起初；本来；original 原件；原作；原物；原型
industrialize	/ɪnˈdʌstrɪəlaɪz/	v. 工业化	Energy consumption rises as countries industrialize.	能源消耗随着各国工业化而增加。		同根：industrial 工业的，产业的；从事工业的；供工业用的；来自勤劳的；industrialized 工业化的；industrially 企业（工业）地
clash	/klæʃ/	vi. 发生冲突；不协调；砰地相撞，发出刺耳的撞击声 n. 冲突； 不协调； 刺耳的撞击声	Troops clashed near the border.	军队在边境附近发生了冲突。	同义：interference, conflict, war, collision	
compel	/kəmˈpɛl/	vt. 强迫， 迫使屈服	...the introduction of legislation to compel cyclists to wear a helmet.	…强制骑车人戴头盔的法律的引入。	同义：pressure, force, enforce	同根：compelling 引人注目的；强制的；激发兴趣的；compelling 强迫；以强力获得（compel的ing形式）
parade	/pəˈred/	v. 游行， 列队前进； 招摇而行 n. 游行；检阅	More than four thousand soldiers, sailors, and airmen paraded down the Champs Elysées.	超过四千名士兵、水手和飞行员沿着香榭丽舍大街游行。	同义：display, pageant, show off, brag about	同根：parader 游行者
precaution	/prɪˈkɔʃən/	n. 预防； 防备， 警惕	Fire precautions were neglected.	防火措施被忽视了。	同义：prevention, prophylaxis, keep one's eye on the ball, keep one's eyes peeled	同根：precautionary 预防的；留心的；预先警戒的
lemon	/ˈlɛmən/	n. 柠檬； 柠檬树； 柠檬黄， 淡黄色	a slice of lemon	一片柠檬	同义：citreous, citrus limon	同根：lemonlike 似柠檬的；lemony 柠檬的
personality	/,pɝsəˈnæləti/	n. 人格， 个性； 人物， 名人	Despite their different personalities, they became the best of friends.	尽管个性不同，他们还是成了最好的朋友。	同义：being, kidney, lion, individuality	同根：personal 个人的；身体的；亲自的；personalized 个性化的；个人化的；personally 亲自地；当面；个别地；就自己而言
plot	/plɑt/	v. 密谋， 计划； 绘制…的平面图， 在图上标绘…的位置 n. 故事情节；计划，密谋；小块土地	The minister was found guilty of plotting the downfall of the government.	那名部长被判犯有阴谋颠覆政府罪。	同义：action, designing, scenario, lot	同根：plotted 标绘的；plotter 绘图机；阴谋者，策划者；plotted 策划（plot的过去分词）；划分；绘制…的地图
sanction	/ˈsæŋkʃən/	vt. 批准，认可 n. 批准， 认可； 约束因素， 约束力； 国际制裁	The church refused to sanction the king’s second marriage.	教会拒绝批准国王的第二次婚姻。	同义：approval, penalty, holding, support	同根：sanctified 认可的，批准的；神圣化的；sanctionative 认可的；约束的；sanctify 使圣洁；使神圣化；把…奉献给神；认可
rate	/ret/	vi. 被评价； 被列入特定级别 n. 速度，速率；比率；价格，费用；等级 vt. 评估；给…定级，把…列为；值得，应得	Immediately his heart rate (= the number of beats per minute ) increased.	他的心率立即加快了。	同义：degree, classification, coefficient, price	同根：ratable 可估价的；按比例的；可评价的；应课税的；rateable 按比例的；可估价的；应纳税的（等于ratable）；rating 等级；等级评定；额定功率
alert	/əˈlɝt/	adj. 警觉的，留神的，注意的 vt. 使认识到，使意识到 n. 警戒， 戒备； 警报	The animal raised its head, suddenly alert.	那只动物突然警觉地抬起头来。	同义：alarm, warn, vigilant, precautious	同根：alertly 留意地；提高警觉地；alertness 警戒；机敏
await	/əˈwet/	vt. 等候； 期待； 将降临到…身上	Several men are awaiting trial for robbery.	几个人因抢劫正在候审。	同义：wait for, hope for	
sin	/sɪn/	vi. 犯戒律， 犯过失 n. 罪，罪孽	The Spanish Inquisition charged him with sinning against God and man.	西班牙宗教法庭指控他违背了上帝和人类的律法。	同义：error, evil, crime, mistake	同根：sinful 有罪的；sinless 无罪的；清白的；sinner 罪人；有错者
client	/ˈklaɪənt/	n. 委托人， 当事人， 顾客	a meeting with an important client	与一位重要客户的会面	同义：customer, consumer, principal, guest	同根：clientele 客户；诉讼委托人
prosperity	/prɑˈspɛrəti/	n. 繁荣， 兴旺	a time of economic prosperity	经济繁荣时期	同义：success, victory, winning, up	同根：prosperous 繁荣的；兴旺的；prosperously 繁荣地；幸运地；prosper 繁荣，昌盛；成功
contrary	/ˈkɑntrɛri/	adj. 相反的 n. 相反	Two contrary views emerged.	出现了两种相反的观点。	同义：opposite, adverse, counter, against	同根：contrarious 对抗的；作对的；contrarily 相反地；反之；反对地；contrariwise 反之，相反；顽固地
lump	/lʌmp/	v. 结块； 将…归并在一起 n. 块，肿块	Strain the custard to remove lumps.	滤去牛奶蛋糊里的面块。	同义：piece, block, tumor, mass	同根：lumpy 粗笨的；波浪起伏的；多块状物的；lumpish 笨重的，笨拙的；沉闷的；lumper 码头工人；装卸工；小承包商
brilliant	/ˈbrɪljənt/	adj. 光辉的； 卓越的	She closed her eyes against the brilliant light .	强烈的光线下，她闭起了眼睛。	同义：excellent, prominent, outstanding, splendid	同根：brilliantly 灿烂地；辉煌地；光亮地；brilliance 光辉；才华；宏伟；brilliancy 光辉；耀度；宝石光
historic	/hɪˈstɔrɪk/	adj. 历史上著名的， 具有重大历史意义的	a historic meeting of world leaders	具有历史意义的世界领导人会议		同根：historical 历史的；史学的；基于史实的；historied 有历史的；史上所载的；historically 历史上地；从历史观点上说
oven	/ˈʌvən/	n. 炉， 烤箱	Preheat the oven to 200 degrees C.	把烤箱预热至200摄氏度。	同义：furance, kiln	同根：ovenware 烤箱器皿
bound	/baʊnd/	vi. 跳跃；弹回，反跃 adj. 一定的；有义务的 vt. 跳跃；弹回，反跃；成为…的界限，给…划界 n. 跳跃； 界限， 限制			同义：controlled, liable, chain, jump	同根：bounded 有界限的；boundless 无限的；无边无际的；bouncing 跳跃的；巨大的；活泼的
counter	/ˈkaʊntɚ/	n. 柜台； 计数器； 筹码	He wondered if the girl behind the counter recognised him.	他在想柜台后面的那个女孩是否认出了他。	同义：arithmometer, counting machine, contrary, backward	同根：countless 无数的；数不尽的；countable 可计算的；能算的；counteractive 反作用的；抵抗的；反对的
rhythm	/ˈrɪðəm/	n. 韵律， 节奏	Drums are basic to African rhythm.	非洲音乐节奏少不了鼓。	同义：meter, cadence	同根：rhythmic [生物] 有节奏的（等于rhythmical）；间歇的；合拍的；rhythmical 有节奏的；有韵律的；rhythmically 有节奏地
stroke	/strok/	n. 中风；一举，一次努力；划桨，划水；击，敲；报时的钟声；笔画，一笔；抚摸 vt. 抚摸	She died following a massive stroke.	她重度中风后去世了。	同义：blow, shock, experiment, go	同根：stroking 扩程；按抚法；stroking 击，打；（用笔等）画；划掉（stroke的ing形式）
breed	/brid/	v. 繁殖； 养育， 培育； 酿成， 产生 n. 品种	Eagles breed during the cooler months of the year.	鹰在一年中较凉爽的季节交配繁殖。	同义：increase, result, attract, keep	同根：breeding 繁殖；饲养；教养；再生；breeder 饲养员；繁殖者；起因；增殖反应堆；breeding 生产；培育；使…繁殖（breed的ing形式）
management	/ˈmænɪdʒmənt/	n. 管理； 处理； 管理部门； 管理人员	a lack of management skills	缺乏管理技巧	同义：governance, supervision, regulation, control	同根：managerial [管理] 管理的；经理的；manageable 易管理的；易控制的；易办的；manager 经理；管理人员
publish	/ˈpʌblɪʃ/	vt. 公布， 发表； 出版， 刊印	The first edition was published in 1765.	第一版于1765年出版。	同义：deliver, post, print, bring out	同根：publishing 出版的；出版业的；publishable 可出版的；可发表的；publication 出版；出版物；发表
realm	/rɛlm/	n. 界， 领域， 范围； 王国， 国度	the spiritual realm	精神领域	同义：domain, territory, kingdom, province	
correspondent	/,kɔrəˈspɑndənt/	n. 通讯员， 记者	Our correspondent in South Africa sent this report.	我们的驻南非记者发来这份报道。	同义：client server software, client server relationship	同根：corresponding 相当的，相应的；一致的；通信的；correspondence 通信；一致；相当；corresponding 类似（correspond的ing形式）；相配
renew	/rɪˈnʊ/	v. 重新开始， 继续； 更新； 恢复； 延长有效期	Local people have renewed their efforts to save the school.	当地居民再一次作出努力，挽救这所学校。	同义：reiterate, reaffirm, to update, start over	同根：renewable 可再生的；可更新的；可继续的；renewed 更新的；复兴的；重建的；renewal 更新，恢复；复兴；补充；革新；续借；重申
bid	/bɪd/	n. 企图，努力；喊价，出价，投标 vt. 喊价， 投标， 出； 祝， 表示； 命令	the person who places the highest bid	出价最高的人	同义：tell, tender for, tender for, offer	同根：biddable 顺从的；可叫牌的；bidding 投标；出价；命令；bidder 投标人；出价人；命令者
prompt	/prɑmpt/	adj. 敏捷的，及时的 vt. 促使，推动；提示 n. 提示台词， 提示	Prompt action must be taken.	必须立即采取行动。	同义：rapid, fast, fly, forward	同根：promptly 迅速地；立即地；敏捷地；prompting 激励；提示；刺激；promptness 机敏，敏捷；迅速
astonish	/əˈstɑnɪʃ/	vt. 使惊讶， 使吃惊	Her reply astonished me.	她的回答让我大吃一惊。	同义：emmarvel, gast	同根：astonishing 惊人的；令人惊讶的；astonishingly 令人惊讶地；astonishment 惊讶；令人惊讶的事物
comprehensive	/ˌkɑːmprɪˈhensɪv/	adj. 广泛的， 综合的； 理解的	We offer our customers a comprehensive range of financial products.	我们为客户提供全面的金融产品。	同义：extensive, integrated, synthetic, widespread	同根：comprehensible 可理解的；comprehensively 包括地；包括一切地；comprehension 理解；包含
tunnel	/ˈtʌnl/	v. 挖， 开 n. 隧道，坑道，地道	The thieves tunnelled under all the security devices.	小偷们在所有的那些安全装置下面都挖了地道。	同义：tube, cuniculus, dig	
withdraw	/wɪðˈdrɔ/	v. 收回， 撤回； 撤退	calls for Britain to withdraw from the European Union	要求英国退出欧盟的呼声	同义：beat a retreat, bug out, leave, split	同根：withdrawn 偏僻的；沉默寡言的；孤独的；withdrawable 可抽出的；可更换的；可拆卸的；能够提取的；withdrawal 撤退，收回；提款；取消；退股
elaborate	/ɪˈlæbəret/	adj. 复杂的； 精心制作的 v. 详述， 详细制订	pure silks embroidered with elaborate patterns	绣有精美图案的真丝衣服	同义：detailed, full, tailor-make, thicken	同根：elaborately 精巧地；苦心经营地；elaboration 苦心经营，精巧；详细阐述；elaborateness 尽心竭力
feather	/ˈfɛðɚ/	n. 羽毛， 翎毛	an ostrich feather	一根鸵鸟羽毛	同义：plume, plume, fledge	同根：feathered 有羽毛的；羽状的；飞速的；薄边的；feathery 柔软如羽毛的；生有羽毛的；featherless 无羽毛的
corridor	/ˈkɔrɪdɔr/	n. 走廊， 回廊， 通路	Go down here and the bathroom’s at the end of the corridor.	沿着这儿走，浴室就在走廊的尽头。	同义：hall, passage, gallery, verandah	
expert	/ˈɛkspɝt/	adj. 熟练的 n. 专家	...a yoga expert.	…一位瑜伽专家。	同义：skilled, accomplished, clever, diplomatic	同根：expertly 熟练地；巧妙地；expertise 专门知识；专门技术；专家的意见；expertness 专门性；专业性
select	/səˈlɛkt/	adj. 精选的， 挑选出来的； 优等的， 第一流的 vt. 选择，挑选	The party was small and select.	团里人员不多，都是经过精心挑选的。	同义：pack, choose from, wonderful, excellent	同根：selective 选择性的；selected 挑选出来的；selectively 有选择地
fulfill	/fulˈfɪl/	vt. 履行， 实现， 完成； 满足， 使满意			同义：accomplish, carry out, come true, implement	同根：fulfillment 履行；实行；fulfilment 实现；成就
crowd	/kraʊd/	v. 聚集； 挤满； 挤； 推 n. 群，一批	Holidaymakers crowded the beaches.	海滩上挤满了度假者。	同义：burst at the seams, be packed with, lot, band	同根：crowded 拥挤的；塞满的；crowded 拥挤（crowd的过去分词）
congress	/ˈkɑŋɡrəs/	n. 代表大会； [C-]国会， 议会	a congress of the ruling Labor Party	执政党工党的代表大会	同义：session, conversation, meeting, parliament	同根：congressional 国会的；会议的；议会的；congressman 国会议员；众议院议员；congresswoman （美）国会女议员；众议院女议员
advanced	/ədˈvænst/	adj. 先进的； 高级的； 年迈的； 后阶段的	advanced weapon systems	先进的武器系统	同义：senior, aged, high, old	同根：advance 预先的；先行的；advancing 前进的；年长的；advance 发展；前进；增长；预付款
mechanical	/mɪˈkænɪkəl/	adj. 机械的， 机械制造的； 机械学的， 力学的； 呆板的	The flight has been cancelled due to mechanical failure .	因机械故障航班被取消了。	同义：wooden, automatic, dead	同根：mechanic 手工的；mechanistic 机械论的；机械学的；mechanized 机械化的；呆板的
recommendation	/,rɛkəmɛnˈdeʃən/	n. 推荐， 推荐信； 建议； 优点， 可取之处	We will review the case and make a recommendation to the client.	我们将审查此案，然后向当事人提出建议。	同义：suggestion, advice, proposal, instance	同根：recommend 推荐；建议；recommend 推荐，介绍；劝告；使受欢迎；托付
welfare	/ˈwɛlˈfɛr/	n. 幸福； 福利， 福利救济	Our only concern is the children’s welfare.	我们唯一关心的是孩子们的幸福。	同义：happiness, weal	
flourish	/ˈflɜːrɪʃ/	vi. 繁荣，茂盛，兴旺 vt. 挥动	The economy is booming and small businesses are flourishing.	经济繁荣，小企业蒸蒸日上。	同义：health, display, air, sport	同根：flourishing 繁荣的；繁茂的；盛行的；flour 面粉；粉状物质；flourishing 茂盛（flourish的ing形式）
output	/ˈaʊtpʊt/	n. 产量；输出；输出功率 vt. 输出	Output is up 30% on last year.	产量比去年提高了30%。	同义：export, crop, harvest, yield	
fatigue	/fəˈtig/	v. 疲劳 n. 疲劳，劳累	She hoped to sleep off her fatigue.	她希望睡一觉之后会消除疲劳。	同义：tiredness, weariness, wear down, tire	同根：fatigued 疲乏的；fatigability 易疲劳性
striking	/ˈstraɪkɪŋ/	adj. 显著的， 突出的； 惹人注目的， 容貌出众的	a dark man with striking features	相貌出众、肤色黝黑的男子	同义：prominent, obvious, marked, tremendous	同根：struck 受罢工影响的；strikebound 因罢工而停顿的，因罢工而歇业的；strikingly 显著地；突出地，引人注目地
vessel	/ˈvɛsl/	n. 容器； 船； 飞船； 管	a fishing vessel	渔船	同义：container, ship, pocket	
majority	/məˈdʒɔrəti/	n. 多数， 大多数	The Labour Party won a huge majority at the last general election.	工党在上次大选中以巨大的票数优势获胜。	同义：plurality, multitude	同根：major 主要的；重要的；主修的；较多的；major [人类] 成年人；主修科目；陆军少校；major 主修
crown	/kraʊn/	n. 王冠， 冕	...a crown of flowers.	…一个花冠。	同义：height, sky, summit, peak	同根：crowned 王室的；戴王冠的；crowning 最高的；无比的；crowning 加冕
likely	/ˈlaɪkli/	adv. 可能 adj. 可能的；适合的	‘He said you’d be giving them a lift.’ ‘Not likely!’	“他说你会让他们搭便车。”“才不呢！”	同义：applicable, becoming, shaped, possible	同根：like 同样的；相似的；likable 可爱的；likeable 令人喜爱的，可爱的（等于likable）
inquire	/ɪnˈkwaɪr/	v. 打听， 询问； 调查	‘Why are you doing that?’ the boy inquired.	“你为什么这么做？”男孩问道。	同义：question, query, question, query	同根：inquiring 询问的；打听的；爱追究的；inquirer 调查者；询问者；inquiring 调查（inquire的ing形式）；打听
gymnasium	/dʒɪmˈnezɪəm/	n. 体育馆， 健身房	I stood in the packed gymnasium, in a crowd of anxious spouses, children and relatives.	我站在拥挤的体育馆，站在急切配偶的人群中，有子女和亲属。	同义：gym, sports palace	同根：gymnastic 体操的，体育的；gymnastics 体操；体育；体操运动
issue	/ˈɪʃu/	v. 发行， 分发， 发出 n. 问题；发行，分发	Silva issued a statement denying all knowledge of the affair.	西尔瓦发表声明，宣称对此事一无所知。	同义：question, flux, discharge, exhaust	同根：issuer 发行人；issuance 发布，发行；issuing 发行物；争论点；期刊号
vain	/ven/	adj. 徒劳的； 自负的	Men can be just as vain as women.	男人有时会和女人一样虚荣。	同义：empty, blank	同根：vainglorious 虚荣心强的；非常自负的；vainly 徒劳地；无益地；枉然地；vainglory 虚荣；自负
lower	/ˈloɚ/	adj. 较低的；下面的 vt. 放下， 降低	Nina chewed her lower lip anxiously.	尼娜焦虑不安地咬着下唇。	同义：take the edge off, feather out, bring down, play down	同根：lowering 使低劣的；昏暗的；减少体力的；lowermost 最低的；最底下的
index	/ˈɪndɛks/	n. 索引； 指数， 指标	...the consumer price index.	…消费价格指数。	同义：finger, indicatrix, to point out, to indicate	同根：indexical 像索引排列的；索引的；indexless 无索引的；indexer 编索引的人；分度器
fry	/fraɪ/	vt. 油煎， 油炸， 油炒	Fry the potatoes, covered, for about 20 minutes.	盖上盖，将马铃薯煎20分钟左右。	同义：deep-fry, panbroil, deepfry	同根：fried 油炸的，油煎的；喝醉了的；frying 油炸，油煎；fryer 可供油炸的食品；油炸锅；做油煎食品的人
youngster	/ˈjʌŋstɚ/	n. 青年， 年轻人， 孩子	Other youngsters are not so lucky.	其他的年轻人没有这么幸运。	同义：young adult, stripling	同根：young 年轻的；初期的；没有经验的；younger 较年轻的；youngish 还年轻的，颇年轻的
odd	/ɑd/	adj. 奇特的； 临时的； 奇数的； 单只的； 剩余的， 挂零的	It was an odd thing to say.	这话说得很奇怪。	同义：remaining, extraordinary, temporary, surplus	同根：oddish 有点怪的；oddly 古怪地；奇妙地；单数地；oddity 奇异；古怪；怪癖
lung	/lʌŋ/	n. 肺	Smoking can cause lung cancer.	吸烟会引起肺癌。	同义：breathing apparatus, respirator	同根：lunger 肺结核患者
conservation	/,kɑnsɚˈveʃən/	n. 保存； 保护； 守恒	wildlife conservation	野生生物保护	同义：preservation, protection, maintenance, lee	同根：conservative 保守的；conservatory 有保存力的；保存性的；conserved 保守的
distraction	/dɪˈstrækʃən/	n. 分心的事； 心烦意乱； 精神错乱； 娱乐， 消遣	I study in the library as there are too many distractions at home.	我在图书馆学习，家里分心的事太多。	同义：entertainment, occupation, recreation, relaxation	同根：distracted 心烦意乱的；思想不集中的；distractedly 心烦意乱地；distracted 分心（distract的过去式）
supplement	/ˈsʌplɪmənt/	n. 增补， 补充； 增刊， 副刊 vt. 增补， 补充	vitamins and other dietary supplements	各种维生素和其他膳食补充剂	同义：recruitment, renewal, to replenish, eke	同根：supplementary 补充的；追加的；supplemental 补充的（等于supplementary）；追加的；supplementary 补充者；增补物
contrast	/ˈkɑntræst/	vi. 形成对比， 对比之下显出区别 n. 对比， 对照； 反差 vt. 对比，对照	an essay comparing and contrasting (= showing how two things are similar and different ) Verdi and Wagner and their operas	把威尔第和瓦格纳以及他们的歌剧进行比较和对照的一篇文章	同义：parallel, distinction, differential	同根：contrastive 对比的；contrasty 硬调的，明暗差别强烈的
paragraph	/ˈpærəɡræf/	n. 段， 节	the opening paragraphs of the novel	小说开篇的几个段落		同根：paragrapher 短评记者
judgement	/ˈdʒʌdʒmənt/	n. 意见； 审判； 判断			同义：opinion, appraisal, evaluation, comment	同根：judicial 公正的，明断的；法庭的；审判上的；judging 决断型；judgmental 审判的
proportion	/prəˈpɔrʃən/	n. 比例； 部分， 份儿； 均衡， 相称	A large proportion of the dolphins in that area will eventually die.	那个地区的很大一部分海豚最终都会死去。	同义：ratio, area, equilibrium, scale	同根：proportional 比例的，成比例的；相称的，均衡的；proportionate 成比例的；相称的；适当的；proportionable 成比例的；相称的；均衡的
widen	/ˈwaɪdn/	v. 加宽， 变宽	They’re widening the road.	他们正在拓宽马路。	同义：broaden	同根：wide 广泛的；宽的，广阔的；张大的；远离目标的；widish 稍宽的；较广的；wide 广泛地；广阔地；充分地
crystal	/ˈkrɪstl/	n. 水晶， 结晶体， 晶粒	a set of six crystal glasses	六件套水晶玻璃杯	同义：Irish diamond, transparent, liquid, clear	同根：crystalline 透明的；水晶般的；水晶制的；crystallized 裹有糖霜的；蜜饯的；crystallization 结晶化；具体化
occurrence	/əˈkʌrəns/	n. 发生， 出现； 发生的事件	Complaints seemed to be an everyday occurrence.	投诉似乎成了天天发生的事。	同义：emergence, going on, event, discovery	同根：occurrent 正在发生的；偶然发生的；occur 发生；出现；存在
inflation	/ɪnˈfleʃən/	n. 通货膨胀； 膨胀	Inflation is now at over 16%.	通货膨胀率现已超过16%。	同义：expansion, bulking	同根：inflated 通货膨胀的；充了气的；价格飞涨的；（植物）肿胀的；inflatable 膨胀的，可充气的；得意的；inflationary 通货膨胀的；通货膨胀倾向的；通货膨胀引起的
thinking	/ˈθɪŋkɪŋ/	adj. 深思的， 有理性的 n. 想法，意见，见解	the thinking man’s pop band	有思想的男士喜欢的流行乐队	同义：ideological, noematic, idea, opinion	同根：think 思想的；thoughtful 深思的；体贴的；关切的；thoughtless 轻率的；欠考虑的；考虑不周的；不顾及他人的
disposal	/dɪˈspozl/	n. 丢掉， 销毁； 处理； 排列， 布置	bomb disposal experts	拆弹专家	同义：transactions, settlement, treating, handling	同根：disposable 可任意处理的；可自由使用的；用完即可丢弃的；disposed 有…倾向的；打算做…的；有某种健康状态的；dispose 处置；性情
settlement	/ˈsɛtlmənt/	n. 解决； 协议； 居留地	Union leaders and company bosses will meet tomorrow in an attempt to reach a settlement .	工会领导人和公司老板将于明天举行会议以期达成协议。	同义：transactions, disposal, resolution, treatment	同根：settled 稳定的；固定的；settle 有背长椅；settler 移居者；殖民者
delegate	/ˈdɛləgɪt/	n. 代表， 代表团成员 vt. 委派…为代表； 授 ， 把…委托给	Around 350 delegates attended the conference.	大约有350名代表参加了大会。	同义：representation, deputy, behalf of, ambassador	同根：delegating 授权的；delegation 代表团；授权；委托；delegating 授权；委派；授权式
literature	/lɪtərəˌtʃʊr/	n. 文学， 文学作品； 文献， 图书资料	He has read many of the major works of literature.	他读过许多重要的文学作品。	同义：writing, letter	同根：literary 文学的；书面的；精通文学的；literate 受过教育的；精通文学的；literacy 读写能力；精通文学
sphere	/sfɪr/	n. 球， 球体； 范围	Because the earth spins, it is not a perfect sphere.	因为地球旋转，所以它不是个完完全全的球体。	同义：extent, boundary, region, scope	同根：spherical 球形的，球面的；天体的；spheroidal 类似球体的，球状的；sphericity [数] 球形；球面
inquiry	/ɪnˈkwaɪri/	n. 询问， 打听； 调查	I don’t know who sent the gift, but I’ll make some inquiries.	我不知道礼物是谁送的，但我会打听一下。	同义：investigation, exploration, probe, research	同根：inquiring 询问的；打听的；爱追究的；inquirer 调查者；询问者；inquiring 调查（inquire的ing形式）；打听
prejudice	/ˈprɛdʒədɪs/	n. 偏见，成见 vt. 使有偏见； 对…不利， 损害	Women still face prejudice in the workplace.	女性在职场中仍然面临歧视。	同义：violation, bias, hurt, blast	同根：prejudiced 怀偏见的；有成见的；偏颇的；prejudicial 不利的；有害的；引起偏见的；prejudication 判例；预断裁决
dissolve	/dɪˈzɑlv/	v. 溶解； 解散； 消失， 减弱； 结束	Stir until the sugar dissolves.	一直搅拌到糖溶解掉。	同义：hemolyze, haemolyze, melt, disappear	同根：dissolved 溶解的；溶化的；dissolving 消溶的；毁灭性的；dissolvable 可溶解的；可分解的；可解散的
digest	/daɪˈdʒɛst/	vt. 消化； 领会 n. 文摘； 摘要	Most babies can digest a wide range of food easily.	大多数婴儿能轻易地消化很多种食物。	同义：absorb, drink in, abstract, brief	同根：digestive 消化的；助消化的；digestible 易消化的；可摘要的；digestion 消化；领悟
immigrant	/ˈɪmɪɡrənt/	n. 移民， 侨民	an illegal immigrant	非法移民	同义：emigratory, migration, transplantation	同根：immigration 外来移民；移居；immigrate 移入；immigrate 使移居入境
tradition	/trəˈdɪʃən/	n. 传统， 惯例	the traditions of South East Asia	东南亚的传统	同义：convention, usage, heritage, tale	同根：traditional 传统的；惯例的；trad 传统的；traditionalist 传统主义者的（等于traditionalistic）
urgent	/ˈɝdʒənt/	adj. 紧急的， 急迫的	He was in urgent need of medical attention.	他急需治疗。	同义：emergency, instant	同根：urgently 迫切地；紧急地；急切地；urgency 紧急；催促；紧急的事
belief	/bɪˈlif/	n. 信任， 相信； 信念	When you get something wrong, it can shake your belief in yourself.	如果有什么事情没做好，就会动摇你对自己的信心。	同义：faith, teaching, trust, doctrine	同根：believing 有信仰的；信任他人的；believer 信徒；相信...者；believing 相信（believe的ing形式）；认为
bundle	/ˈbʌndl/	n. 捆，包，束；包袱 vt. 收集， 归拢； 把…塞入	a small bundle containing mostly clothing	一个小包袱，里面主要是衣服	同义：tract, truss, rope, bolt out	同根：bundling 捆绑的；打包的；bundling 捆绑销售；捆扎；集束；bundling 包捆；把…撵走；归拢；匆忙地走（bundle的ing形式）
suggestion	/səˈdʒɛstʃən/	n. 建议， 意见； 细微的迹象； 暗示	Any suggestions would be welcome.	任何建议都欢迎。	同义：advice, proposal, instance, recommendation	同根：suggestive 暗示的；提示的；影射的；suggestible 可建议的；耳根软的；易受影响的；suggestively 提示地；引起联想地；暗示地
systematic	/ˈsɪstəˈmætɪk/	adj. 有系统的， 有计划的	They went about their business in a systematic way.	他们按部就班地做生意。	同义：scientific, classified	同根：systemic 系统的；全身的；体系的；systematized 系统化的；systematically 有系统地；有组织地
cupboard	/ˈkʌbɚd/	n. 柜橱； 碗碟橱， 食橱	It’s in the kitchen cupboard.	它在厨房的碗柜里。	同义：dresser, spense	
generally	/ˈdʒɛnrəli/	adv. 一般地， 通常地； 普遍地	It could be five years before the drug is generally available.	这种药可能还要过五年才能广泛投入市场。	同义：usually, mostly, commonly, currently	同根：general 一般的，普通的；综合的；大体的；generic 类的；一般的；属的；非商标的；generalized 广义的，普遍的；无显著特点的
bacon	/ˈbekən/	n. 咸肉	bacon and eggs	咸猪肉煎蛋	同义：cured meat, salted meat	
likewise	/ˈlaɪkwaɪz/	adv. 同样地； 也， 又	Nanny put on a shawl and told the girls to do likewise.	南妮披上披肩，并叫女孩们也这样做。	同义：equally, too, similarly, also	同根：like 同样的；相似的；like 可能；like 好像
slender	/ˈslɛndɚ/	adj. 细长的， 苗条的； 微薄的， 不足的	She is slender and stylish.	她身材修长，穿着时髦。	同义：slight, spindly	同根：slenderly 苗条地；细长地；slenderness 细长；苗条；slenderize 使苗条；使成细长状
troublesome	/ˈtrʌblsəm/	adj. 令人烦恼的， 麻烦的	a troublesome child	烦人的孩子	同义：tight, evil, rank, unpleasant	同根：trouble 麻烦；烦恼；故障；动乱；troublemaker 捣乱者，闹事者；惹麻烦的人；troubleshooter 故障检修工；解决纠纷者；解决麻烦问题的能手
instruction	/ɪnˈstrʌkʃən/	n. 命令， 指示； 用法说明； 教学， 教导	Press ‘Enter’ and follow the on-screen instructions.	按回车键，然后按照电脑屏幕上的指示来操作。	同义：direction, order, bidding, word	同根：instructive 有益的；教育性的；instructional 教学的；指导的，教育的；instructively 有益地；教育地
oral	/ˈɔrəl/	adj. 口头的； 口的	oral history	口述的历史	同义：spoken, verbal, word-of-mouth, viva voce	同根：orally 口头上地；口述地
married	/ˈmærɪd/	adj. 已婚的； 婚姻的	Are you married or single?	你是已婚还是单身？	同义：marital, matrimonial	同根：marriageable 可结婚的，适合结婚的；marriage 结婚；婚姻生活；密切结合，合并；marriageability 结婚适龄；适合结婚
transaction	/trænˈzækʃən/	n. 办理， 处理； 交易， 业务； 会报， 学报	The bank charges a fixed rate for each transaction.	银行对每一笔业务收取固定费用。	同义：relations, trade, truck	同根：transactor 办理人；做交易的人；处理者；transact 交易；谈判；transact 办理；处理
conscious	/ˈkɑnʃəs/	adj. 意识到的， 自觉的； 神志清醒的； 有意的， 存心的	The driver was still conscious when the ambulance arrived.	救护车赶到时，司机仍然神志清醒。	同义：aware, intended, studied, designed	同根：consciously 自觉地；有意识地；consciousness 意识；知觉；觉悟；感觉
fur	/fɝ/	n. 软毛， 毛皮， 裘皮； 毛皮衣服	a fur coat	裘皮大衣	同义：down, tegument	同根：furry 毛皮的；盖着毛皮的；似毛皮的；furred 毛皮制的；穿毛皮的；长着软毛的；furring 镶边；毛皮衬里；钉板条
auto	/ˈɔto/	n. 汽车	imported autos	进口汽车	同义：car, motor, motor	同根：autocatalytic [物化] 自动催化的；autocatalysis 链式反应扩大；[物化] 自动催化作用
sigh	/saɪ/	vi. 叹气， 叹息 n. 叹息	‘Well, there’s nothing we can do about it now,’ she sighed.	“唉，我们现在对此无能为力。”她叹口气说。	同义：suspire, suspiration, suspire	
pants	/pænts/	n. 长裤， 便裤； 内裤	She was wearing dark blue pants and a white sweater.	她穿着深蓝色长裤和白色毛衣。	同义：britches, short trousers	
mislead	/ˈmɪsˈlid/	vt. 给…错误印象， 使误解； 把…带错路； 使误入歧途	Don’t be misled by appearances, he’s a good worker.	不要被表象迷惑，他工作干得挺不错的。	同义：misdirect, misguide	同根：misleading 令人误解的；引入歧途的；misleadingly 误导地；misleader 错误引导者；错误领导人
split	/splɪt/	v. 分裂，分离；被撕裂，裂开；分担，分享 n. 裂口	It was feared that the issue would split the church.	人们担心这一问题会导致教会分裂。	同义：leave, quit, leave, quit	同根：splitting 极快的；爆裂似的，剧烈的；滑稽的；splitter 分离机，分流器；分解器，拆分器；splitting 裂开（split的现在分词）
orchestra	/ˈɔrkɪstrə/	n. 管弦乐队	the Berlin Symphony Orchestra	柏林交响乐团		同根：orchestral 管弦乐的；管弦乐队的；orchestration 管弦乐编曲；和谐的结合；orchestrator 管弦乐演奏家；管弦乐编曲家
publication	/,pʌblɪˈkeʃən/	n. 出版， 发行； 公布， 发表	The guide is being translated into several languages for publication near Christmas.	这本指南正被翻译成好几种语言，准备在圣诞节前后出版。	同义：announcement	同根：public 公众的；政府的；公用的；公立的；publishing 出版的；出版业的；publishable 可出版的；可发表的
sufficient	/səˈfɪʃənt/	adj. 足够的， 充分的	We can only prosecute if there is sufficient evidence.	有了足够的证据，我们才能提出起诉。	同义：competent, plenty, wealthy	同根：sufficiently 充分地；足够地；suffice 足够；有能力；suffice 使满足；足够…用；合格
antique	/ænˈtik/	adj. 古时的， 过时的 n. 古物，古董	an antique rosewood desk	古董红木书桌	同义：ancient, old, curiosity, virtu	同根：antiquity 高龄；古物；古代的遗物
sow	/so/	v. 播， 播种	Sow the seeds in late March.	三月底播种。	同义：seed, distribute, spread, seed	同根：sower 播种者；播种机；煽动者
widespread	/ˈwʌɪdsprɛd/	adj. 分布广的， 普遍的	the widespread use of chemicals in agriculture	化学品在农业中的广泛使用	同义：extensive, universal, comprehensive, ruling	同根：widely 广泛地
petroleum	/pəˈtrolɪəm/	n. 石油	petroleum-based products	石油产品	同义：fossil oil, geoline	同根：petrochemical 石化的；petrochemical 石油化学产品
communication	/kə,mjunɪˈkeʃən/	n. 通讯， 交流， 交际； 通信工具， 交通联系	Good communication is vital in a large organization.	在大机构里良好的沟通是极为重要的。	同义：telecommunications, exchange	同根：communicating 交流的；通信的；communicative 交际的；爱说话的，健谈的；无隐讳交谈的；communicant 传达消息的
tolerance	/ˈtɑlərəns/	n. 忍受， 容忍， 忍耐力； 公差	...his tolerance and understanding of diverse human nature.	…他对各种人性的宽容和理解。	同义：patience, charity, mercy	同根：tolerant 宽容的；容忍的；有耐药力的；tolerable 可以的；可容忍的；tolerably 相当地；可容忍地；差不多地
kneel	/nil/	vi. 跪， 跪下， 跪着	Tom knelt down and patted the dog.	汤姆跪下来轻轻拍了拍那只狗。	同义：drop to one's knees, go down on one's knees	同根：kneeling 跪着，跪下；kneeler 跪者；跪台；跪拜者；跪垫；kneeling 跪着（kneel的ing形式）；跪下
porter	/ˈpɔrtɚ/	n. 搬运工人； 看门人， 大楼管理员	Our taxi pulled up at Old Delhi station and a porter sprinted to the door.	我们的出租车停在老德里车站，一个搬运工疾步跑向车门。	同义：waiter, concierge	同根：port 港口，口岸；（计算机的）端口；左舷；舱门；portal 大门，入口；portage 搬运；运输
fasten	/ˈfæsən/	v. 扎牢， 扣住	Make sure all the windows are securely fastened before you leave.	离开前要确保所有的窗子都已关严。	同义：focus on, fix, pay attention, take hold	同根：fast 快速的，迅速的；紧的，稳固的；fast 迅速地；紧紧地；彻底地；fast 斋戒；绝食
contest	/kənˈtɛst/	n. 竞赛， 争夺 vt. 争夺， 与…竞争； 对…提出质疑， 辩驳	Stone decided to hold a contest to see who could write the best song.	斯通决定举行一场比赛，看谁能够写出最佳歌曲。	同义：argue against, chop logic, cope, rival	同根：contestable 争论的；可争的；contestant 竞争者；争辩者；contestation 争论；主张
author	/ˈɔθɚ/	n. 著作家， 作者	Nothomb is a Belgian author.	诺东是位比利时作家。	同义：writer, pen	同根：authorship （书等的）原创作者，来源；作者的身份；著述业；authoress 女作家，女作者
astrophysics	/,æstroˈfɪzɪks/	n. 天体物理学	We provide courses in the field of physics, astrophysics and mathematics.	我们提供物理、 天体物理和数学领域的课程。		同根：astrophysical 天体物理学的；astrophysicist 天体物理学家
greenhouse	/ˈɡrinhaʊs/	n. 温室， 暖房	What we are seeking, after all, is not simply an agreement to limit greenhouse gas emissions.	我们正在寻求的目标毕竟不只是一项限制温室气体排放的协议。	同义：heated housing, glasshouse	同根：greenery 绿色植物；温室
preserve	/prɪˈzɝv/	vt. 保护， 维持； 保存； 腌制	We must encourage the planting of new trees and preserve our existing woodlands.	我们必须鼓励栽种新树木，同时也要保护现有的林地。	同义：maintain, save, secure, corn	同根：preservative 防腐的；有保存力的；有保护性的；preservable 可保存的；可保管的；能储藏的；preservation 保存，保留
plus	/plʌs/	adj. 表示加的；正的 prep. 加，加上 n. 加号， 正号	Daytime temperatures barely reached plus 5˚.	白天的气温仅零上5度。	同义：benefit, good, additional, attached	
expansion	/ɪkˈspænʃən/	n. 扩大， 扩充， 扩张， 膨胀	The industry underwent a period of rapid expansion.	该产业经历了一轮快速扩张。	同义：inflation, exposition	同根：expanded 扩充的；展开的；expansive 广阔的；扩张的；豪爽的；expandable 可膨胀的；可张开的
relevant	/ˈrɛləvənt/	adj. 有关的， 切题的	Relevant documents were presented in court.	法庭上出示了相关的文件。	同义：concerned, involved	同根：relevantly 贴切地；得要领地
entry	/ˈɛntri/	n. 入口处； 登记； 进入； 参赛者名单； 条目	There was no sign of a forced entry.	没有强行闯入的迹象。	同义：threshold, registration, access, portal	同根：entryway 入口通道
license	/ˈlaɪsns/	n. 许可，执照 vt. 准许	Interface that you implement to handle result of the license check.	您可以通过实现这个接口来处理许可检查的结果。	同义：permit, patent, permit, charter	同根：licensed 得到许可的（等于licenced）；licenced 得到许可的；领有执照的；licence 许可证，执照；特许
synthetic	/sɪnˈθɛtɪk/	adj. 综合的， 合成的； 虚假的	synthetic chemicals	合成化学品	同义：comprehensive, integrated, artificial, general	同根：synthetically 综合地；合成地；synthesis 综合，[化学] 合成；综合体；synthesizer [电子] 合成器；合成者
headquarters	/ˈhɛdkwɔrtɚz/	n. 司令部， 总部	the headquarters of the United Nations	联合国总部	同义：command, main office	
gaze	/ɡeɪz/	n&vi. 凝视， 盯， 注视	Patrick sat gazing into space  (= looking straight in front, not at any particular person or thing ).	帕特里克坐着，茫然地看着前方。	同义：watch, regard, regard, immediate attention	
survey	/ˈsɝˌve/	vt. 俯瞰； 检查； 测量 n. 调查， 勘察； 测量， 勘测； 全面审视， 概括论述	Of the 100 companies surveyed, 10% had a turnover of £50 m to £99 m.	被调查的 100 家公司中，10% 的公司营业额在 5,000 万到 9,900 万英镑之间。	同义：investigation, measurement, probe, research	同根：surveyor 测量员；检验员；surveying （土地）测量；考察
plug	/plʌɡ/	n. 插头，插座；塞子，栓 vt. 把…塞住， 用…塞住	the bath plug	浴缸塞子	同义：male connector, tampion, stop up, build in	同根：plugged 堵塞的；塞紧的；plugger （牙齿）填塞物；苦干的人；宣传员；广告播音员；plugged 堵塞；接通电源（plug的过去分词）
bunch	/bʌntʃ/	vi. 集中， 挤在一起； 形成一束 n. 群，伙；束，串，捆 vt. 使成一束	She bunched the cloth up and threw it away.	她把布揉成一团扔了。	同义：cluster, gang, qun, fix pleats	同根：bunched 成束的；bunchy 成串的；束状的；bunched 形成一串；隆起；集中（bunch的过去分词）
thermometer	/θɚˈmɑmɪtɚ/	n. 温度计， 寒暑表	The thermometer registered over 100˚C.	温度计显示高于100摄氏度。	同义：temperature gauge, temperature meter	同根：thermometric 寒暑表的；温度计的；thermogram 温度自记曲线；thermograph 温度记录器；[仪] 热录像仪
tense	/tɛns/	adj. 拉紧的；紧张的 v. 拉紧， 绷紧 n. 时态	Is anything wrong? You look a little tense.	有什么不对劲吗？你看起来有点紧张。	同义：intense, stressed, get nervous, strain	同根：tensed 紧的；紧张的；tensional 张力的；紧张的；tensely 紧张地；拉紧地
postpone	/poˈspon/	vt. 延迟， 延期	The match had to be postponed until next week.	比赛不得不推迟到下周举行。	同义：adjourn, stave off, time delay	同根：postponement 延期；延缓
bride	/braɪd/	n. 新娘	Guests toasted the bride and groom with champagne.	客人们以香槟为新娘新郎敬酒。	同义：judy, colleen	同根：bridal 新娘的；婚礼的；bridal 婚礼
favourable	/ˈfeivərəbl/	adj. 有利的， 赞成的； 顺利的	The disease spreads quickly under favourable conditions .	这种病在合适的条件下会传播得很快。	同义：beneficial, advantageous, smooth, adventage	同根：favorable 有利的；良好的；赞成的，赞许的；讨人喜欢的；favored 有利的；受到优待的；受到喜爱的；favorably 顺利地；亲切地；好意地
hammer	/ˈhæmɚ/	v. 锤击 n. 锤，榔头	the sound of hammering and sawing	锤打和拉锯的声音	同义：read back, tupid, malleus	同根：hammered 锤成的；铸打成的；hammering 锤击；锤打；抨击；hammered 锤打（hammer的过去式和过去分词形式）
candy	/ˈkændɪ/	n. 糖果	a box of candies	一盒糖果	同义：glorify, glamorize, drug, sweet	同根：candied 甜蜜的；糖制的；甜言蜜语的；candied 把…制成糖果；美化（candy的过去分词）
seal	/sil/	n. 封铅，封条；印，图章；海豹 vt. 封	The seal on the box broke when it fell from its hiding-place.	盒子从隐藏处掉下时上面的封口破了。	同义：symbol, print, pressure, air proof	同根：sealed 密封的；未知的；sealing 封闭，[机] 密封；补铸件的漏洞；猎捕海豹业；sealant [机] 密封剂
mental	/ˈmɛntl/	adj. 心理的， 精神的， 思想上的； 精神病的； 智力的	The centre provides help for people suffering from mental illness .	该中心对精神病患者提供帮助。	同义：spiritual, inner, psychopath, madman	同根：mentally 精神上，智力上；心理上；mentality 心态；[心理] 智力；精神力；头脑作用；mentation 心理状态；精神作用；精神活动
decent	/ˈdisnt/	adj. 像样的， 过得去的， 体面的； 宽厚的， 大方的； 正派的； 合乎礼仪的， 得体的	a decent burial	得体的葬礼	同义：proper, goodish	同根：decently 合适地；高雅地；正派地；亲切地；decency 正派；体面；庄重；合乎礼仪；礼貌
storage	/ˈstɔrɪdʒ/	n. 贮藏； 贮藏量	the storage of highly radioactive material	高放射性材料的存放	同义：warehouse, repository	同根：stored 储存的；store 商店；储备，贮藏；仓库；storekeeper 店主；仓库管理员；零售店店主
investigate	/ɪnˈvɛstɪɡet/	v. 调查， 研究	The state police are investigating the incident.	州警察正调查此事。	同义：check into, inquire into	同根：investigative 研究的；调查的；好调查的；investigatory 调查的，审查的；研究的，好研究的；investigation 调查；调查研究
racial	/ˈreʃl/	adj. 种族的， 人种的	a victim of racial discrimination	种族歧视的受害者	同义：ethnic, tribal	同根：racially 人种上；按人种；racist 种族主义者；racism 种族主义，种族歧视；人种偏见
switch	/swɪtʃ/	v. 转换， 改变 n. 开关，电闸；转换，改变	The terrorists will switch tactics .	恐怖分子会改变战术。		同根：switching [电] 开关；转换；整流；配电；switcher 交换机；转换开关；调车机车；switching 转换（switch的ing形式）
niece	/nis/	n. 侄女， 外甥女	...his niece, the daughter of his eldest sister.	…他的外甥女，他大姐的女儿。		
considerable	/kənˈsɪdərəbl/	adj. 相当大的； 重要的	Michael has already spent considerable time in Barcelona.	迈克尔在巴塞罗那已经待了相当长的时间了。	同义：crucial, important, material, big	同根：considered 经过深思熟虑的；被尊重的；considerably 相当地；非常地；consideration 考虑；原因；关心；报酬
auxiliary	/ɔːɡˈzɪlɪəri/	adj. 辅助的， 附属的； 后备的	an auxiliary nurse	助理护士	同义：helping verb, adminicle, additional, assistant	
heal	/hil/	vi. 愈合， 痊愈， 恢复健康 vt. 使愈合，治愈，使康复；调停，消除	It took three months for my arm to heal properly.	我的胳膊三个月之后才痊愈。	同义：charm away, charm off, cure, scar	同根：healing 能治愈的；healing 康复；healer 医治者（尤指用宗教迷信方式给人治病的人）；治疗物；治病术士
reserve	/rɪˈzɝv/	vt. 保留，留存；预订 n. 储备； 保留； 拘谨， 矜持； 替补队员， 后备部队； 自然保护区	Do you have to reserve tickets in advance?	你必须预先订票吗？	同义：store, repertory, stay at, save from	同根：reserved 保留的，预订的；缄默的，冷淡的；包租的；reservation 预约，预订；保留；reserved 保留（reserve的过去分词）
somehow	/ˈsʌmhaʊ/	adv. 由于某种原因， 不知怎么的； 以某种方式	Don’t worry, we’ll get the money back somehow.	别担心，我们总会把那些钱拿回来的。	同义：one way or another, puzzlingly	同根：someway 好歹，总算；以某种方式
brick	/brɪk/	n. 砖， 砖块， 砖状物	a brick wall	砖墙		
sympathy	/ˈsɪmpəθi/	n. 同情； 一致， 支持， 赞同	Our sympathies are with the families of the victims.	我们向受害者家庭表示慰问。	同义：acceptance, feeling, compassion, pity	同根：sympathetic 同情的；交感神经的；共鸣的；赞同的；和谐的；合意的；sympathetically 悲怜地，怜悯地；富有同情心地；sympathetic 交感神经；容易感受的人
heap	/hip/	n. 堆， 大量	a rubbish heap	垃圾堆	同义：lots of, pile, accumulation, sea	
consumer	/kənˈsumɚ/	n. 消费者， 用户， 消耗者	Consumers will soon be paying higher airfares.	不久消费者就要支付更高的机票价了。	同义：user, customer, client, guest	同根：consuming 消费的；强烈的；consumed 充满的；对…著迷的；consumable 可消耗的；可消费的
rescue	/ˈrɛskju/	n&vt. 营救， 救援	Survivors of the crash were rescued by helicopter.	空难的生还者被直升机救了出来。	同义：deliverance	同根：rescuer 救助者
cripple	/ˈkrɪpl/	n. 跛子；残疾人 vt. 使跛； 使残疾	She has gone from being a healthy, fit, and sporty young woman to being a cripple.	她从一个健康、强壮、爱好体育运动的年轻姑娘变成了一个残疾人。	同义：break, to weaken, disablement, lameness	同根：crippling 造成严重后果的；crippled 残废的，跛腿的；crippling 削弱（cripple的ing形式）；使受损
highly	/ˈhaɪli/	adv. 高度地， 极， 非常赞许地	Tom’s mother was highly critical of the school’s approach.	汤姆的母亲对学校的处理方法持强烈的批评态度。	同义：extremely, badly, greatly, too	同根：high 高的；高级的；崇高的；高音调的；high 高；奢侈地；height 高地；高度；身高；顶点
keyboard	/ˈkiˈbɔrd/	n. 键盘	a computer keyboard	计算机键盘	同义：keyset, key panel, klavier, key in	同根：key 关键的；key （打字机等的）键；关键；钥匙；keyboardist 键盘乐器演奏者
initiative	/ɪˈnɪʃətɪv/	n. 主动性； 首创精神； 主动的行动， 倡议； 主动权	I wish my son would show more initiative.	我希望我的儿子能表现得再主动一些。	同义：pioneering spirit, autonomous, active, spontaneous	同根：initiatory 入会的；最初的；起始的；initiation 启蒙，传授；开始；入会
recover	/rɪˈkʌvɚ/	v. 重新获得， 挽回； 恢复	Four paintings stolen from the gallery have been recovered.	美术馆的四幅被盗画作已经失而复得。	同义：restore, repair, offset, resume	同根：recoverable 可收回的；可恢复的；可补偿的；recovery 恢复，复原；痊愈；重获；recoverer 回收器；财产收回取得者；追索财产者
nature	/ˈnetʃɚ/	n. 大自然； 本性； 性质	We grew up in the countryside, surrounded by the beauties of nature.	我们在乡村长大，周围是美丽的大自然。	同义：property, category, variety, manner	同根：natural 自然的；物质的；天生的；不做作的；naturalist 自然的（等于naturalistic）；自然主义的；博物学的；naturalistic 自然的；自然主义的；博物学的
social	/ˈsoʃl/	adj. 社会的； 交际的， 社交的	social issues, such as unemployment and education	失业和教育之类的社会问题	同义：gregarious, sodality, get-together	同根：sociable 社交的；好交际的；友善的；socialist 社会主义的；socialized 社会化
medication	/ˈmɛdɪˈkeʃən/	n. 药物治疗； 药物	When somebody comes for treatment I always ask them if they are on any medication.	有人来治疗时，我总是会问他们是否在服药。	同义：drugs, pharmaceutical	同根：medical 医学的；药的；内科的；medicinal 药的；药用的；治疗的（等于medicinable）；有益的；medicative 有药效的；可治病的；有治疗作用的
drill	/drɪl/	v. 钻， 打； 训练 n. 钻头；操练，训练	Drill a hole in each corner.	在每个角上钻一个孔。	同义：training, discipline, bore a hole, counter sunk	同根：drilling 钻孔；训练，教练；演练；drilling 钻孔；训练（drill的ing形式）
intelligent	/ɪnˈtɛlɪdʒənt/	adj. 聪明的， 理智的	a group of highly intelligent (= very intelligent )students	一组聪明异常的学生	同义：wise, bright, clever, smart	同根：intellectual 智力的；聪明的；理智的；intelligible 可理解的；明了的；仅能用智力了解的；intelligently 聪明地，明智地
whilst	/hwailst/	conj. 当…的时候				
clerk	/klɝk/	n. 店员， 办事员， 职员	a clerk in a commercial firm	一家商行的文员	同义：secretary, office staff	同根：clerical 书记的；牧师的；办事员的；clerical 牧师；clerking 记账工作
lobby	/ˈlɑbi/	v. 向进行游说 n. 大厅；休息室；院外活动集团	The Wilderness Society lobbied Congress to authorize the Endangered Species Act.	荒野协会游说国会批准《濒危物种法》。	同义：sala, salle	同根：lobbyist 说客；活动议案通过者；lobbyism 院外活动；游说；疏通
acknowledge	/əkˈnɑlɪdʒ/	vt. 承认， 承认…的权威； 告知收到， 确认； 对…表示感谢， 报偿	The family acknowledge the need for change.	全家人都承认需要改变一下。	同义：accept, agree, recognize, grant	同根：acknowledged 公认的；被普遍认可的；acknowledgement 承认；确认；感谢；acknowledgment 感谢；承认；承认书
radiation	/,redɪˈeʃən/	n. 放射物， 辐射能； 辐射	An accident at the power station could result in large amounts of radiation being released.	发电站事故会造成大量核辐射泄漏。	同义：irradiation, Geigers	同根：radial 半径的；放射状的；光线的；光线状的；radiant 辐射的；容光焕发的；光芒四射的；radiate 辐射状的，有射线的
Christian	/ˈkrɪstʃən/	adj. 基督教的 n. 基督教徒，信徒	the Christian religion	基督教		
pulse	/pʌls/	vi. 搏动， 跳动 n. 脉搏；脉冲	She felt the blood pulsing through her veins .	她觉得血液冲击着自己的血管。	同义：impulse, pluse, jitter	同根：pulsating 脉动的；脉冲的；搏动的；pulsing 脉冲的；pulsed 脉冲的；跳动的；脉冲调制的
luxury	/ˈlʌɡʒəri/	n. 奢侈； 奢侈品	He was leading a life of luxury in Australia.	他在澳大利亚过着豪华舒适的生活。	同义：enjoyment, luxe, extravagant, Lucullian	同根：luxurious 奢侈的；丰富的；放纵的；特级的；luxuriant 繁茂的；丰富的；奢华的；肥沃的；luxuriously 豪华地；奢侈地
spiritual	/ˈspɪrɪtʃʊəl/	adj. 精神的， 心灵的； 宗教的	Painting helps fill a spiritual need for beauty.	绘画可以满足对美的精神需求。	同义：motet, canticle, mental, inner	同根：spiritually 在精神上地；spiritedly 活泼地；有精神地；spirit 精神；心灵；情绪；志气；烈酒
worthwhile	/ˈwɝθˈwaɪl/	adj. 值得花时间的， 值得做的	He wanted to do a worthwhile job.	他想做有意义的工作。		同根：worthy 值得的；有价值的；配得上的，相称的；可尊敬的；应…的；worthy 杰出人物；知名人士；worthiness 值得；相当；有价值
mould	/məuld/	n. 霉，霉菌；模型，铸模；性格，气质 vt. 用模子做， 浇铸； 使形成， 把…铸造成	Another method, used especially for figures, was to pour the clay into a mould.	另一个方法是把黏土倒入模具中，尤其用于铸造人像。	同义：go moldy, cast, typecast, mildew	同根：mouldy 发霉的；旧式的；腐朽的；moulding 模制；浇铸；mouldy 鱼雷
increasingly	/ɪnˈkrisɪŋli/	adv. 日益， 越来越多地	Marketing techniques are becoming increasingly sophisticated.	市场营销技巧越来越巧妙。	同义：pyramidally, cumulatively	同根：increasing 越来越多的，渐增的；increasing 增加，加大（increase的ing形式）
elbow	/ˈɛlbo/	n. 肘，肘部 vt. 用肘部， 用肘挤	He slipped and fell, badly bruising an elbow.	他滑倒了，严重挫伤了一只胳膊肘。	同义：rail, rider, thrust, push against	
salad	/ˈsæləd/	n. 色拉， 凉拌菜	Would you like some salad with your pasta?	你的意大利面要配些色拉吗？		
strategic	/strəˈtidʒɪk/	adj. 对全局有重要意义的， 关键的； 战略的	UN forces made a strategic withdrawal.	联合国部队作了战略性撤退。		同根：strategically 战略性地；战略上；strategy 战略，策略；strategist 战略家；军事家
vary	/ˈveri/	v. 改变； 多样化	Quentin’s mood seems to vary according to the weather.	昆廷的情绪似乎随天气而变化。	同义：pass, change from, influence, fashion	同根：variable 变量的；可变的；易变的，多变的；变异的，[生物] 畸变的；varied 多变的；各式各样的；杂色的；varying 不同的；变化的
readily	/ˈrɛdɪli/	adv. 乐意地， 欣然地； 容易地； 很快地， 立即	Boats are readily available to visitors.	游客可以很方便地租到船只。	同义：easily, lightly	同根：ready 准备好；现成的；迅速的；情愿的；快要…的；ready 迅速地；预先；ready 现款；预备好的状态
stoop	/stʊp/	v. 俯身，弯腰；堕落，自贬 n. 弯腰， 曲背	We had to stoop to pass through the low entrance.	我们得弯腰通过那低矮的入口。	同义：succumb, to surrender, waist bends, yieldance	同根：stooping 弯曲的；stooping 屈服，弯腰（stoop分词形式）
upper	/ˈʌpɚ/	adj. 上面的， 地位较高的	the upper lip	上唇	同义：higher, over	同根：uppermost 至上的；最高的；最主要的；uppermost 最高地；最重要地；最突出地
rocket	/ˈrɑkɪt/	vi. 迅速上升， 猛涨 n. 火箭	Interest rates rocketed up.	利率飞涨。	同义：hell, spur on, roquette	同根：rocketry 火箭学，火箭技术；火箭（集合称）；火箭研究
splendid	/ˈsplɛndɪd/	adj. 壮丽的； 极好的	a splendid idea	很妙的主意	同义：brilliant, excellent, wonderful, famous	同根：splendiferous 极好的；浮华的；splendidly 华丽地；豪华地；壮观地
county	/ˈkaʊnti/	n. 郡， 县	Fairfax County, Virginia	弗吉尼亚州费尔法克斯县	同义：prefecture, shire	
respondent	/rɪˈspɑndənt/	n. 回答者； 响应者； 被告	Only 62 percent of respondents said they were satisfied.	回复调查的人中只有62%表示满意。	同义：answering, accused person, indictee	同根：responsive 响应的；应答的；回答的；response 响应；反应；回答；respond 应答；唱和
episode	/ˈɛpɪsod/	n. 一个事件； 插曲， 片段； 连续剧的一集	Watch next week’s thrilling episode!	请收看下周精彩的一集！	同义：incident, intermezzo	同根：episodic 插话式的
convenience	/kənˈvinɪəns/	n. 方便； 便利设施	Ready meals sell well because of their convenience.	即食餐因为方便销路好。	同义：john, bathroom, toilet	同根：convenient 方便的；conveniently 便利地；合宜地
determination	/dɪˌtɜːrmɪˈneɪʃn/	n. 决心， 决定； 确定	his dogged determination (= very strong determination ) to succeed	他想要成功的坚定决心	同义：decision, resolution, push, backbone	同根：determined 决定了的；坚决的；determinant 决定性的；determinate 确定的；决定的
behalf	/bɪˈhæf/	n. 利益			同义：representation, deputy, benefit, sake	
evidently	/ˈɛvɪdəntli/	adv. 明显地， 显然	She was evidently a heavy smoker.	她显然烟瘾很大。	同义：obviously, clearly, definitely, fair	同根：evident 明显的；明白的；evidence 证据，证明；迹象；明显；evidence 证明
objective	/əbˈdʒɛktɪv/	adj. 客观的， 无偏见的 n. 目标，目的	Scientists need to be objective when doing research.	科学家做研究时要客观。	同义：impersonal, accusatival, intention, purpose	同根：objectively 客观地；object 目标；物体；客体；宾语；objectivity 客观；客观性
injure	/ˈɪndʒɚ/	vt. 伤害， 损害， 使遭受损伤	Angus injured his leg playing rugby.	安格斯在打橄榄球时弄伤了腿。	同义：hurt, knife	同根：injured 受伤的；受损害的；injurious 有害的；诽谤的；injuriously 有害地；伤害地
victimize	/ˈvɪktɪmaɪz/	vt. 使受害， 使牺牲	The men claim they have been victimized because of their political activity.	那些人声称他们因为自己的政治活动而受到了迫害。	同义：sell, fox	同根：victim 受害人；牺牲品；牺牲者；victimization 牺牲；欺骗；victimisation 牺牲；受害；欺骗（等于victimization）
exert	/ɪɡˈzɝt/	vt. 尽； 运用	They exerted considerable influence within the school.	他们在校内施加了很大的影响力。	同义：handle, to put to use	同根：exertion 发挥；运用；努力
province	/ˈprɑvɪns/	n. 省； 领域， 范围	a Chinese province	中国的一个省	同义：domain, territory, world, universe	
scandal	/ˈskændl/	n. 丑事， 丑闻； 流言蜚语； 反感， 愤慨	It caused quite a scandal when he left his wife.	他离开妻子成了一大丑闻。	同义：tale, personalities	同根：scandalous 可耻的；诽谤性的；scandalously 过分地；诽谤性地；令人愤慨地；scandalmonger 专事诽谤的人；散布丑闻者
horrible	/ˈhɑːrəbl/	adj. 令人恐惧的， 可怕的； 骇人听闻的； 极讨厌的， 使人不愉快的； 糟透的	The weather has been really horrible all week.	整个星期天气都很糟。	同义：terrible, awesome, fearful, dire	同根：horrid 可怕的；恐怖的；极讨厌的；horrendous 可怕的；惊人的；horrific 可怕的；令人毛骨悚然的
estimate	/ˈɛstə,met/	vt. 估计； 评价 n. 估计； 评价， 看法	Try to estimate how many steps it will take to get to a close object.	估计一下需要多少步才能到达一个近距目标。	同义：evaluate, guess at, computation, appraisal	同根：estimable 可估计的；可尊敬的；有价值的；estimation 估计；尊重；estimator [统计] 估计量；评价者
strengthen	/ˈstrɛŋθn/	vt. 加强， 巩固	Our friendship has steadily strengthened over the years.	我们的友谊逐年加深。	同义：enhance, cement, muscle, build up	同根：strong 坚强的；强壮的；牢固的；擅长的；strong 强劲地；猛烈地；strongly 强有力地；坚强地；激烈地；气味浓地
drip	/drɪp/	vi. 滴下，漏水 n. 水滴； 滴水声	The tap’s dripping .	水龙头在滴水。	同义：abound with, be imbued with, waterdrop, flood	同根：dripping 湿淋淋的；欲滴的；dripless 不滴水的；drippy 多雨的；潮湿的；滴落的
injury	/ˈɪndʒəri/	n. 损害， 伤害； 受伤处	She was taken to hospital with serious head injuries.	她头部受重伤被送到医院。	同义：harm, damage	同根：injured 受伤的；受损害的；injurious 有害的；诽谤的；injuriously 有害地；伤害地
brand	/brænd/	n. 品牌；烙印 vt. 铭刻， 打烙印于； 加污名于， 谴责	products which lack a strong brand image	缺乏鲜明品牌形象的产品	同义：heart, stamp, logo, label	同根：branded 名牌商标的；打有烙印的；有斑纹的（等于brindled）；branding 品牌化，品牌术；branding 在…上加商标；使显得独一无二（brand的现在分词）
mushroom	/ˈmʌʃrʊm/	vi. 迅速成长 n. 蘑菇	New housing developments mushroomed on the edge of town.	城郊新住宅区雨后春笋般地冒出来。	同义：agaric, toadstool, rocket	
choke	/tʃok/	vt. 使窒息； 塞满， 塞住	Weeds were choking the stream.	野草将溪流堵塞了。	同义：control, stay, restrain, plug up	同根：choking 令人窒息的；透不过气来的；choked 堵塞的；生气的，恼怒的；chokey 憋闷的，窒息的
proposal	/prəˈpozl/	n. 提议， 建议； 求婚	The president is to put forward new proposals for resolving the country's constitutional crisis.	总统将提出解决国家宪法危机的新议案。	同义：suggestion, advice, offer, instance	同根：proposed 被提议的；所推荐的；proposition [数] 命题；提议；主题；议题；proponent 支持者；建议者；提出认证遗嘱者
inevitable	/ɪnˈɛvɪtəbl/	adj. 不可避免的， 必然的	A further escalation of the crisis now seems inevitable.	危机的进一步升级现在看来已不可避免。	同义：certain, necessary, automatic	同根：inevitably 不可避免地；必然地；inevitability 必然性；不可逃避
miserable	/ˈmɪzrəbl/	adj. 痛苦的； 悲惨的； 令人难受的	I’ve been so miserable since Pat left me.	自从帕特离我而去后，我十分痛苦。	同义：poor, painful, mean, base	同根：miserably 贫困地；可悲地；糟糕地；非常不幸地；miserableness 糟糕）；可怜（简陋
recreation	/,rɛkrɪˈeʃən/	n. 娱乐活动， 消遣	His only recreations are drinking beer and watching football.	他唯一的消遣就是喝啤酒和看足球比赛。	同义：entertainment, pleasure, sport, occupation	同根：recreational 娱乐的，消遣的；休养的；recreate 娱乐；消遣；recreate 再创造；使得到娱乐/消遣
subtract	/səbˈtrækt/	vt. 减， 减去， 去掉	Mandy subtracted the date of birth from the date of death.	曼迪从死亡的日期减去了出生的日期。	同义：substract, subduce	同根：subtractive 减去的；负的；有负号的；subtraction [数] 减法；减少；差集；subtracter [计] 减法器；扣除者
allowance	/əˈlaʊəns/	n. 津贴， 补贴； 零用钱	Sales staff get a generous mileage allowance or a company car.	销售人员有优厚的里程补贴或者公司提供的专用汽车。	同义：permission, quota, pension, subsidy	同根：allowable 许可的；正当的；可承认的；可获宽免；allowably 可容许地，不碍事地；allow 容许；考虑
portable	/ˈpɔrtəbl/	adj. 便于携带的， 手提式的	a portable radio	便携式收音机	同义：luggable, hand-held	同根：portability [计] 可移植性；轻便；可携带性
glory	/ˈɡlɔri/	n. 光荣， 荣誉的事； 美丽	She dreamt of future glory as an Olympic champion.	她梦想着将来能得到奥运冠军的荣誉。	同义：honor, accolade, full of oneself, pride	同根：glorious 光荣的；辉煌的；极好的；glorified 变荣耀的，美其名的；gloriously 光荣地；辉煌地；壮观地，壮丽地
secondary	/ˈsɛkəndɛri/	adj. 次要的， 第二的； 中等的； 辅助的， 从属的	the novel’s secondary characters	这本小说中的次要人物	同义：medium, supporting, middle, minor	同根：second 第二的；次要的；附加的；second 第二；其次；居第二位；secondly 其次；第二
mission	/ˈmɪʃən/	n. 使命， 任务； 使团	He was sent on over 200 missions before being killed in action.	在阵亡之前他奉命执行过200多次军事任务。	同义：role, assignment, task, delegation	同根：missionary 传教的；传教士的；missionary 传教士；missioner 传教士，教区传教士
attorney	/əˈtɝni/	n. 律师， 代理人	...a prosecuting attorney.	…一位公诉律师。	同义：lawyer, deputy, agent, factor	同根：attorneyship 代理权；代理人的职务；代理人的身份
wander	/ˈwɑndɚ/	vi. 漫游， 闲逛， 漫步； 偏离正道； 走神， 恍惚	She wandered aimlessly about the house.	她漫无目的地在房子里走来走去。	同义：lose oneself, hang about, range, louse around	同根：wandering 流浪的；漫游的，徘徊的；蜿蜒的；wandering 闲逛；离题；神志恍惚；wanderer 流浪者；漫游者；迷路的动物
oppose	/əˈpoz/	vt. 反对； 反抗	Congress is continuing to oppose the President’s health care budget.	国会继续反对总统的医疗保健预算。	同义：combat, sit down on, object, sit down on	同根：opposite 相反的；对面的；对立的；opposed 相反的；敌对的；opposing 反对的；相对的；对面的
singular	/ˈsɪŋɡjəlɚ/	adj. 单数的； 非凡的， 奇特的； 独一无二的	the singular form of the noun	该名词的单数形式	同义：remarkable, extraordinary, novel, wonder	同根：singularly 异常地；非常地；令人无法理解地；singularity 奇异；奇点；突出；稀有；singleness 单一；独身；真诚；专心
mainframe	/ˈmenfrem/	n. 主机， 大型机	If a problem does occur, a signal is automatically sent to the mainframe.	如果真有问题出现，就会有信号自动传送到主机。	同义：host, main engine	
motor	/ˈmotɚ/	n. 发动机， 电动车	an electric motor	电动马达	同义：engine, automobile, car, automotive	同根：motive 发动的；成为动机的；motivated 有动机的；有积极性的；motivational 动机的；激发性的；有关动机的；动机说明
minus	/ˈmaɪnəs/	adj. 负的 prep. 减 n. 负数；减号	‘Any minus points ?’ ‘Well, the engine is rather noisy.’	“有什么毛病吗？”“嗯，发动机噪音很大。”	同义：less, shortage, short of, lack	
conservative	/kənˈsɝvətɪv/	adj. 保守的，守旧的；不时兴的，传统的 n. 保守的人	a very conservative attitude to education	对待教育非常守旧的态度	同义：standpat, backward-looking, old guard, pontificator	同根：conserved 保守的；conservatively 谨慎地；保存地；适当地；conservation 保存，保持；保护
conference	/ˈkɑnfərəns/	n. 会议， 讨论会； 讨论， 商谈	Representatives from over 100 countries attended the International Peace Conference in Geneva.	来自一百多个国家的代表出席了在日内瓦举行的国际和平大会。		同根：conferment （学位、荣誉的）授予；给予；商量；conferee 参加会议者；confer 协商
primitive	/ˈprɪmətɪv/	adj. 原始的，早期的；简单的；粗糙的 n. 原人； 原始事物	a primitive society	原始社会	同义：original, simple, crude, plain	同根：primeval 原始的；初期的（等于primaeval）；primordial 原始的；根本的；原生的；primitively 最初地；自学而成地
advisable	/ədˈvaɪzəbl/	adj. 明智的， 可取的	Regular medical check-ups are advisable.	定期检查身体是明智的。	同义：suitable, wise, adequate, appropriate	同根：advisability 明智；可劝性；适当
dormitory	/ˈdɔrmətɔri/	n. 集体寝室， 宿舍	She lived in a college dormitory.	她住在一幢大学宿舍楼里。	同义：lodging house, student hostel, uptown	同根：dorm 宿舍（等于dormitory）
overcome	/,ovɚˈkʌm/	vt. 战胜， 克服； 压倒， 使受不了	Australia overcame the Netherlands 2-1.	澳大利亚队2比1战胜了荷兰队。	同义：exceed, cap, surmount, rise above	同根：overcomer 得胜者
cabin	/ˈkæbɪn/	n. 小屋； 船舱， 机舱	a log cabin	原木小屋	同义：shed, cottage	
sum	/sʌm/	vi. 共计 n. 总数；金额；算术	He owes me a large sum of money .	他欠我一大笔钱。	同义：total, gross, recapitulate, gather up	同根：sumless 无数的；summation 和；[生理] 总和；合计；summarisation 综述；概括
heel	/hil/	n. 脚后跟， 踵； 后跟	black boots with high heels	有高跟的黑靴子	同义：careen	
variety	/vəˈraɪəti/	n. 多样化； 种类； 变种	I really like the variety the store has to offer.	我很喜欢这家商店商品的丰富多样。	同义：category, manner, nature, kind	同根：varied 多变的；各式各样的；杂色的；varied 改变；使多样化（vary的过去式和过去分词形式）；variegate 使多样化，使丰富多彩；使成杂色
copper	/ˈkɑpɚ/	n. 铜； 铜币， 铜制器	He offered to do the job for a few coppers.	他说他来做这份工作，给他几个铜板就行。	同义：police, pig, cupreous	同根：coppery 含铜的；铜制的；铜一样的；cop 巡警，警官；cop 抓住
persist	/pɚˈsɪst/	vi. 坚持， 持续	‘I don’t think it’s right,’ John persisted.	“我认为那不对。”约翰坚持说道。	同义：stay, abide, iterate	同根：persistent 固执的，坚持的；持久稳固的；persistently 坚持地；固执地；perseverance 坚持不懈；不屈不挠
audio	/ˈɔdɪo/	adj. 听觉的， 声音的	audio and video equipment	音频视频设备	同义：vocal, sonic	
civilian	/səˈvɪlɪən/	n. 平民， 百姓	Many innocent civilians were killed during the war.	许多无辜的平民在战争中丧生。	同义：many-headed, populace, common man	同根：civvies 平民服；平民
pump	/pʌmp/	n. 泵 vt. 抽， 泵送， 打气	...pumps that circulate the fuel around in the engine.	…使燃料在发动机内循环的压泵。	同义：pull for, inflator	
pierce	/pɪrs/	vt. 刺穿， 穿孔于	One bullet pierced the left side of his chest.	一颗子弹射入了他的左胸。	同义：cut through, transpierce, come into, go into	同根：piercing 刺穿的；敏锐的；尖刻的；打动人心的；pierced 穿通的；piercing 熔化穿孔
teenager	/ˈtinedʒɚ/	n. 青少年	a TV sex education series aimed at teenagers	一部针对青少年的性教育电视系列片		同根：teen 十几岁的（等于teenaged）；teenage 青少年的；十几岁的；teenaged 十几岁的；青少年的
calendar	/ˈkæləndɚ/	n. 日历， 历书， 历法	There was a calendar on the wall above, with large squares around the dates.	墙的上方曾有一本日历，日期框在大方格里。	同义：daily schedule, ephemeris	同根：calendric 日历的；按日历的；历法的（等于calendrical）；calendrical 日历的；历法的（calendar的形容词形式）
offensive	/əˈfɛnsɪv/	adj. 冒犯的，无礼的；进攻的，攻击性的 n. 进攻， 攻势	I found her remarks deeply offensive.	我觉得她的话令人非常恼火。	同义：evil, rank, attack, attempt	同根：offending 不愉快的；厌恶的；offenseless 无攻击力的；不惹人的；offensively 冒犯地；讨厌地
cartoon	/kɑrˈtun/	n. 卡通画， 幽默画； 动画片， 卡通片	cartoon characters such as Donald Duck	唐老鸭一类的卡通人物	同义：animated picture, animated film	同根：cartoonist 漫画家
speculate	/ˈspɛkjəˈlet/	v. 推测， 推断； 投机， 做投机买卖	She refused to speculate.	她拒绝猜测。	同义：guess, venture, understand, conclude	同根：speculative 投机的；推测的；思索性的；speculation 投机；推测；思索；投机买卖；speculator 投机者；思索者
launch	/lɔntʃ/	vt. 发射，投射，发动；使下水 n. 发射； 下水	The organization has launched a campaign to raise $150,000.	为了筹集15万美元，该组织发起了一场募捐活动。	同义：release, send, project, drive	同根：launching 发射；下水；创设；launcher 发射器；发射台；发射者；launching 发射；发动；开始从事（launch的ing形式）
amid	/əˈmɪd/	prep. 在…中间， 在…之中， 被…围绕	He sat amid the trees.	他坐在树丛中。	同义：in the interim	
beloved	/bɪˈlʌvd/	adj. 所钟爱的， 所爱戴的	He never recovered from the death of his beloved daughter.	他一直没有走出失去爱女的阴影。	同义：blue-eyed, darling, the light of one's eyes	
single	/ˈsɪŋɡl/	adj. 单一的；独身的；单程的 n. 单程票；	A single tree gave shade from the sun.	唯有一棵树遮阴。	同义：unitary, onefold, yin, one-way ticket	同根：singly 逐一地；个别地；各自地；直截了当地；singleness 单一；独身；真诚；专心；singularize 使显著；使单一化；使成为唯一；使成为单数
confirm	/kənˈfɝm/	vt. 证实， 肯定； 确认； 批准	New evidence has confirmed the first witness’s story.	新的证据证实了第一个证人的说法。	同义：identify, favor, sustain, validate	同根：confirmed 确认的；保兑的；坚定的；惯常的；confirmatory 证实的；确定的；confirmable 可证实的；可确定的
cement	/səˈmɛnt/	n. 水泥，胶泥 vt. 黏结； 巩固， 使团结	a bag of cement	一袋水泥	同义：enhance, muscle, piece, consolidate	同根：cementitious 胶结的，有粘结性的；似水泥的；cemental 白垩质的
subway	/ˈsʌbwe/	n. 地道； 地铁	the New York City subway	纽约市的地铁	同义：sub, metro, tube	
gallon	/ˈɡælən/	n. 加仑	a 20 gallon fish tank	一个20加仑的鱼缸	同义：gal	
acquaint	/əˈkwent/	vt. 使认识， 使了解	Have steps been taken to acquaint breeders with their right to apply for licenses?	已经采取措施让饲养动物者了解他们申请执照的权利了吗？	同义：familiarize	同根：acquainted 熟识的；知晓的；有知识的；acquaintance 熟人；相识；了解；知道；acquaintanceship 认识；相识；交往关系
elastic	/ɪˈlæstɪk/	adj. 有弹性的， 灵活的 n. 松紧带	the horny elastic pad in a horse’s hoof	马蹄上粗硬而有弹性的肉掌	同义：flexible, stretchy, band, rubberband	同根：elasticized 经过弹性处理的；elasticity 弹性；弹力；灵活性；elastomer [力] 弹性体，[高分子] 高弹体
vast	/væst/	adj. 巨大的， 大量的； 浩瀚的	The refugees come across the border in vast numbers.	大量难民涌过边境。	同义：huge, massive, extensive, tremendous	同根：vastly 极大地；广大地；深远地；vastness 巨大；广大；广漠
intervene	/,ɪntɚˈvin/	vi. 干涉， 调停， 干预； 插入， 介入； 干扰， 打扰	The army will have to intervene to prevent further fighting.	军队将不得不干预以阻止进一步的战斗。	同义：influence in, meddle in	同根：intervening 介于中间的；intervention 介入；调停；妨碍；intervenor 介入者；干涉者
undergraduate	/,ʌndɚˈɡrædʒuət/	n. 大学本科生	second-year undergraduates	大学二年级学生	同义：academic, college student, university student, collegiate	同根：undergrad 大学生的（等于undergraduate）；undergrad 大学肄业生
symbol	/ˈsɪmbl/	n. 象征； 符号， 标志	The symbol on the packet is a guarantee that the food has been produced organically.	包装盒上的这个标识保证这种食物是有机生产的。	同义：significant, seal, indication, flag	同根：symbolic 象征的；符号的；使用符号的；symbolically 象征性地；象征意义地；symbolism 象征，象征主义；符号论；记号
joint	/dʒɔɪnt/	adj. 连接的； 共同的 n. 接头，接缝；关节	The two ministers have issued a joint statement.	两位部长发布了一项联合声明。	同义：seam, junction, mutual, corporate	同根：jointed 有接缝的；有节的，有关节的；jointly 共同地；连带地；joining 连接；接缝；连接物
reasonable	/ˈriznəbl/	adj. 通情达理的， 讲道理的； 合理的； 公道的； 尚好的， 过得去的	a reasonable request	合情合理的要求	同义：rational, logical, possible, just	同根：reasoning 推理的；reasoned 详尽论述的；理由充分的；合乎逻辑的；reasonless 不合理的；不理智的，无理性的；无推理能力的
confine	/kənˈfaɪn/	vt. 限制， 使局限； 使不外出， 禁闭	Vaughan is confined to a wheelchair .	沃恩离不开轮椅。	同义：boundary, border, block, set a limit to	同根：confined 狭窄的；幽禁的；有限制的；在分娩中的；confining 受限的，限制的；狭窄的，偏狭的；拘束的；confinement 限制；监禁；分娩
advocate	/ˈædvəkeɪt；-et/	vt. 拥护， 提倡， 主张 n. 拥护者， 提倡者； 辩护者， 律师	Extremists were openly advocating violence.	极端主义者公开鼓吹使用暴力。	同义：maintain, submit, prophet, supporter	同根：advocacy 主张；拥护；辩护；advocator 提倡者，拥护者
frequency	/ˈfrikwənsi/	n. 屡次； 次数， 频率	Businesses come and go with alarming frequency .	商家开张停业惊人地频繁。	同义：periodicity	同根：frequent 频繁的；时常发生的；惯常的；frequently 频繁地，经常地；时常，屡次；frequent 常到，常去；时常出入于
horizontal	/ˈhɔrəˈzɑntl/	adj. 地平的， 水平的	a horizontal surface	水平面	同义：level, aclinic, hydrostatic level, horizon line	同根：horizontally 水平地；地平地；horizon [天] 地平线；视野；眼界；范围；horizontality 水平状态
luggage	/ˈlʌɡɪdʒ/	n. 行李	They searched his luggage for illegal drugs.	他们搜查他的行李看是否藏有毒品。	同义：belonging, baggage	
lick	/lɪk/	vt. 舔，舔吃；打败，克服；轻拍，吞卷 n. 舔； 少量， 少许	The dog jumped up and licked her face.	那只狗跳起来舔她的脸。	同义：tongue, hide, hit, little	同根：licking 猛烈地；licking 舔；舔一舔；鞭打；licking 舔（lick的ing形式）
missile	/ˈmɪsl/	n. 导弹， 飞弹， 投射物	a nuclear missile	核导弹	同义：dejectile	
dynamic	/daɪˈnæmɪk/	adj. 有活力的；动力的；不断变化的 n. 动力； 动力学	a dynamic and unstable process	不断变化的、不稳定的过程	同义：vital, actional, trends, momentum	同根：dynamical 动力学的（等于dynamic）；有生气的；有力的；dynamically 动态地；充满活力地；不断变化地；dynamics 动力学，力学
satisfactory	/,sætɪsˈfæktəri/	adj. 令人满意的	His progress this term has been satisfactory.	他这学期的进步令人满意。	同义：content, well-pleasing	同根：satisfied 感到满意的；satisfying 令人满意的；令人满足的；satisfactorily 令人满意地
military	/ˈmɪlətɛri/	adj. 军事的，军用的 n. 军队， 武装力量	a military helicopter	军用直升机	同义：martial, soldierly, force, soldier	同根：militarized 军事化的；军国主义化的；militarily 在军事上；从军事角度；以武力；以军事行动；militarism 军国主义；尚武精神，好战态度；职业军人的精神
reluctant	/rɪˈlʌktənt/	adj. 不情愿的， 勉强的	She gave a reluctant smile.	她勉强笑了笑。	同义：narrow, unwilling	同根：reluctantly 不情愿地；嫌恶地；reluctance [电磁] 磁阻；勉强；不情愿
generate	/ˈdʒɛnəret/	vt. 发生， 引起； 生殖	Wind turbines generate electricity for the local community.	风力机为当地社区发电。	同义：go on, call into being	同根：generative 生殖的；生产的；有生殖力的；有生产力的；generational 一代的；生育的；generation 一代；产生；一代人；生殖
unusual	/ʌnˈjuʒəl/	adj. 不平常的， 少有的； 独特的， 与众不同的	an unusual feature	不寻常的特点	同义：different, distinctive, apart	同根：unusually 非常；异乎寻常地；显著地
sector	/ˈsɛktɚ/	n. 部门， 部分； 防御地段， 防区； 扇形	...the nation's manufacturing sector.	…该国的制造部门。	同义：ministry, division, department	同根：sectorial 扇形的，适于切割的；section 截面；部门；地区；章节；section 被切割成片；被分成部分
passion	/ˈpæʃən/	n. 激情， 热情； 酷爱	The issue arouses strong passions .	那件事激起了人们强烈的情绪。	同义：flame, love, fire, warmth	同根：passionate 热情的；热烈的，激昂的；易怒的；passionless 不热情的，冷淡的；冷静的；passionately 热情地；强烈地；激昂地
coil	/kɔɪl/	n. 卷，圈；线圈 vt. 卷	the coil in a light bulb	灯丝	同义：entwine, book, volume, roll	
coordinate	/koˈɔrdɪnet/	adj. 同等的， 并列的 vt. 协调， 调节 n. 坐标	coordinate clauses joined by ‘and’	用 and 连接的并列分句	同义：paratactic, tantamount, adjust, restructure	同根：coordinated 协调的；coordinating 协调的；coordinative 同等的；使…协调的；配位价的
organism	/ˈɔrɡənɪzəm/	n. 生物， 有机体； 机体， 有机组织	All living organisms have to adapt to changes in environmental conditions.	一切生物都要适应环境条件的变化。	同义：living being, biosome	同根：organic [有化] 有机的；组织的；器官的；根本的；organized 有组织的；安排有秩序的；做事有条理的；organised 有组织的；组织起来的（等于organized）
athlete	/ˈæθlit/	n. 运动员， 体育家	a professional athlete	一位专业运动员	同义：player, sportsman	同根：athletic 运动的，运动员的；体格健壮的；athleticism 崇尚运动，竞技热；运动竞赛
epidemic	/,ɛpɪˈdɛmɪk/	adj. 流行性的；传染的 n. 流行病； 传播	Over 500 people died during last year’s flu epidemic.	去年流感大暴发期间有五百多人死亡。	同义：popular, fashionable, going, ruling	同根：epidemiological 流行病学的；epidemiologic 流行病学的；传染病学的；epidemiology 流行病学；传染病学
suppose	/səˈpoz/	vt. 猜想， 假定， 让； [常用于被动语态]期望， 认为应该	There were many more deaths than was first supposed.	死亡人数远远超过最初的预料。	同义：expect, have, count, say	同根：supposed 假定的；被信以为真的；想象上的；supposable 可假定的；想像得到的；suppositional 想像的；推想的；假定的
upright	/ˈʌpraɪt/	adv. 挺直着， 竖立着 adj. 垂直的；正直的，诚实的	You imagine being on a bicycle or motorbike; you go around the corner, you lean into the corner, which remains perfectly upright in physics.	想象一下骑着自行车和摩托车走在拐弯处时，你朝着拐角处倾斜，这在物理上仍然保持了完全笔直。	同义：honest, vertical, straight, standing	同根：uprightly 正直地；笔直地；诚实地；uprightness 正直，诚实；垂直
remarkable	/rɪˈmɑrkəbl/	adj. 值得注意的， 引人注目的； 异常的， 非凡的	She has made remarkable progress.	她取得了显著的进步。	同义：excellent, prominent, extraordinary, significant	同根：remarkably 显著地；非常地；引人注目地；remark 注意；言辞；remarkableness 显著；异常
brake	/brek/	v. 制动； 刹住， 用闸使放慢速度 n. 闸，刹车	He heard tyres squeal as the car braked to avoid a collision.	他听到当汽车刹车为避免撞车时轮胎发出了刺耳的尖声。	同义：spoke, lock	
tube	/tub/	n. 管， 电子管， 显像管	a tube of toothpaste	一管牙膏	同义：pipe, tunnel, fail, take the subway	同根：tubal 管的；输卵管的；tubeless 无内胎的；无电子管的；tubing 管子；装管；管道系统
naval	/ˈnevl/	adj. 海军的	a naval officer	海军军官		
accountancy	/əˈkaʊntənsi/	n. 会计工作； 会计学	He is studying accountancy or he is an accountancy student.	他正在学习会计学或他是一名会计专业的学生。	同义：accounting principles	同根：accountant 会计师；会计人员；accounting 会计，会计学；帐单；accountantship 会计职务
forge	/fɔrdʒ/	vt. 打制， 锻造； 伪造	Someone stole my credit card and forged my signature.	有人偷了我的信用卡，并假冒我的签名。	同义：furnace, smelter, trump up, to fake	同根：forged 锻的；锻造的；forging 锻造；锻件；伪造；forgery 伪造；伪造罪；伪造物
carpet	/ˈkɑrpɪt/	n. 地毯	My bedroom carpet is green.	我卧室里的地毯是绿色的。	同义：tongue, be down on, footcloth	
solve	/sɑlv/	vt. 解答； 解释； 解决	Charlie thinks money will solve all his problems.	查理认为钱能解决他所有的问题。	同义：decide, settle, resolve, do	同根：solvent 有偿付能力的；有溶解力的；solved 解决了的；solvable 可以解决的；可以解的；可溶的
hint	/hɪnt/	v. 暗示， 示意 n. 暗示，示意；细微的迹象；建议	She hinted at the possibility of a treat of some sort.	她暗示可以找找乐子什么的。	同义：connotation, reminder, implication, allusion	
knot	/nɑt/	vi. 打结 n. 结；节疤；节 vt. 把…打成结	A pretty scarf was loosely knotted around her neck.	她的脖子上松松地系着一条漂亮的围巾。	同义：ties, nodus, tie off, tie off	同根：knotty 棘手的，难解决的；[木] 多节的；有结的；knottiness 纠纷；难题；多节
region	/ˈridʒən/	n. 地区， 地带， 区域； 范围， 幅度	efforts to bring peace to the region	给这个地区带来和平的努力	同义：area, extent, boundary, zone	同根：regional 地区的；局部的；整个地区的；regionally 地域性地，地方地；regionalism 地方主义；地区性；地区特征；行政区域划分
support	/səˈpɔrt/	vt. 支撑；支持；供养；证实 n. 支持， 支撑物， 支持者	The bill was supported by a large majority in the Senate.	这项法案得到参议院绝大多数人的支持。	同义：encourage, facilitate, second, carry	同根：supportive 支持的；支援的；赞助的；supporting 支持的；辅助性的；次要的；supportable 可支持的；可援助的；可忍耐的
yearly	/ˈjɪrli/	adv. 一年一度地 adj. 每年的	Clients normally pay fees in advance, monthly, quarterly, or yearly.	客户们通常提前付费，或按月，或按季度，或按年。	同义：annual, etesian, annually, annual	同根：yearlong 整整一年的；持续一年的；year 年；年度；历年；yearbook 年鉴；年刊
deceive	/dɪˈsiv/	vt. 欺骗， 蒙蔽， 行骗	He had been deceived by a young man claiming to be the son of a millionaire.	他被一个自称是百万富翁之子的年轻人骗了。	同义：take in sb, give the shaft	
saucer	/ˈsɔsɚ/	n. 茶托， 碟子	a china cup and saucer	一套瓷茶杯和杯托	同义：eye, optic	
hire	/ˈhaɪɚ/	n&vt. 租用； 雇用	The best way to explore the island is to hire a car.	在该岛寻幽访胜的最好方式就是租用一辆汽车。	同义：employment, rental, letting, rent	同根：hireling 被雇用的；为金钱工作的；hireling 雇员；给钱就听人使唤者；hirer 雇主，租借者
kid	/kɪd/	v. 戏弄， 开玩笑 n. 小孩；年轻人	Carlotta’s 39? No kidding?	卡洛塔39岁了？不是开玩笑吧？	同义：kiddie, pickin, sell, guy	同根：kiddy 小孩，小家伙；小山羊
vertical	/ˈvɝtɪkl/	adj. 垂直的， 竖式的	a vertical line 	垂直线	同义：standing, perpendicular, perpendicular plane, perpendicular line	同根：vertically 垂直地；vertex 顶点；[昆] 头顶；[天] 天顶；verticalness 垂直
learning	/ˈlɝnɪŋ/	n. 学习； 学问， 知识	a man of great learning	学识渊博的人	同义：knowledge, study, letter, studying	同根：learned 博学的；有学问的；学术上的；learnedly 学识上；learner 初学者，学习者
monument	/ˈmɑnjumənt/	n. 纪念碑， 纪念馆； 历史遗迹	He erected a monument on the spot where his daughter was killed.	他在女儿遇难的地方立了块纪念碑。	同义：memorial, cenotaph	同根：monumental 不朽的；纪念碑的；非常的；monumentalize 为…立碑纪念
misconception	/ˈmɪskənˈsɛpʃən/	n. 误解	It is a misconception that Peggy was fabulously wealthy.	说佩吉以前极其富有，这是一个错误的看法。	同义：misunderstanding, misinterpretation	
damp	/dæmp/	adj. 潮湿的，微湿的 n. 潮湿，湿气 vt. 使潮湿； 使沮丧； 抑制	Wipe the leather with a damp cloth.	用湿布擦拭皮面。	同义：control, stay, restrain, moisturize	同根：dampish 含湿气的，微湿的；damply 衰减地；潮湿地；damper [航][电子][机] 阻尼器；[车辆] 减震器；气闸
vivid	/ˈvɪvɪd/	adj. 鲜艳的； 生动的， 栩栩如生的	I’ve got vivid memories of that summer.	我对那年夏天记忆犹新。	同义：telling, live, bright	同根：vividly 生动地；强烈地；vividness 生动；活泼；明亮；vivify 使生动；使活跃；给与生气
honey	/ˈhʌni/	n. 蜜， 蜂蜜； 甜， 甜蜜； [常用于称呼] 宝贝儿	Hi, honey.	嗨，亲爱的。	同义：sweet, mel, luscious, nectared	同根：honeyed 甜如蜜的；多蜜的；逢迎的；亲昵的；honied 甜如蜜的；多蜜的；honied 对…甜言蜜语；给…加蜜（honey的过去分词）
screw	/skru/	n. 螺丝 vt. 固定， 拧紧	Fix the frame in position and tighten the screws .	把框子固定在正确位置上，拧紧螺丝。	同义：force, enforce, spiral, helix	同根：screwy 扭曲的；螺旋形的；古怪的；疯颠的；screwdriver 螺丝刀；screwing 螺丝接合；车削螺纹
gap	/ɡæp/	n. 缺口； 间隔； 差距； 缺陷	a gap in the traffic	车流中的一个空档	同义：separation, blank, seam, spring off	
missing	/ˈmɪsɪŋ/	adj. 缺掉的， 失踪的	We found the missing piece of the jigsaw under the chair.	我们在椅子下面找到了那块丢失的拼图。	同义：absent, losing, sighing	同根：miss 漏掉；错过；想念
virtue	/ˈvɝtʃʊ/	n. 善， 美德； 优点， 长处	Women have often been used as symbols of virtue.	女性常被用作美德的象征。	同义：asset, excellence, efficiency, morality	
normal	/ˈnɔrml/	adj. 正常的， 平常的； 正规的， 规范的	A normal working week is 40 hours.	一个正常的工作周是40小时。	同义：standard, arm's-length, criterion, standard	同根：normative 规范的，标准的；normotensive 血压正常的；normally 正常地；通常地，一般地
socialist	/ˈsoʃəlɪst/	n. 社会主义者	Esperanto has always been popular among socialists.	世界语在社会主义者中一直很受欢迎。		同根：social 社会的，社交的；群居的；societal 社会的；socialized 社会化
gradual	/ˈɡrædʒuəl/	adj. 逐渐的， 渐进的； 坡度平缓的	There has been a gradual change in climate.	气候渐渐发生了变化。	同义：piecemeal	同根：gradually 逐步地；渐渐地；grade 年级；等级；成绩；级别；阶段；gradualness 逐渐；渐次；循序性
figure	/ˈfɪɡjɚ/	v. 出现； 合乎情理； 计算； 认为， 猜想 n. 数字；人物；算术；体形，体态；轮廓；画像，塑像；图，图形	Reform now figures high on the agenda.	眼下，改革是当务之急。	同义：digital, price, value, number	同根：figurative 比喻的；修饰丰富的；形容多的；figured 华丽的；有形状的；用图画表现的；有图案的；figural 借喻的；具有人的形象的；比喻的
ore	/ɔr/	n. 矿， 矿石	iron ore	铁矿石	同义：mine	
slight	/slaɪt/	adj. 轻微的，微小的 v. 侮慢；轻视，冷落	a slight improvement	些许的改进	同义：small, tender, mild, spare	同根：slighting 轻视的；忽视的；轻蔑的；slightly 些微地，轻微地；纤细地；slightingly 疏忽地；轻视地
previous	/ˈprivɪəs/	adj. 先的， 前的； 以前的	She has a teenage daughter from a previous marriage.	她有个出自前一次婚姻的十几岁的女儿。	同义：ago, fore, antecedently	同根：previously 以前；预先；仓促地
transmit	/trænzˈmɪt/	vt. 传送， 传递； 传染； 播送， 发射	The US Open will be transmitted live via satellite.	美国公开赛将通过卫星现场直播。	同义：release, send, communicate, project	同根：transmitted 透射的；transmitting 传送中；transmissible 能传送的；能透射的；可传达的
socialism	/ˈsoʃəlɪzəm/	n. 社会主义	From then on we proceeded to build socialism.	从那时起，我们开始建设社会主义。	同义：social justice, social democracy	同根：social 社会的，社交的；群居的；societal 社会的；socialist 社会主义的
consumption	/kənˈsʌmpʃən/	n. 消耗， 消费	Vigorous exercise increases oxygen consumption.	剧烈运动增加氧的消耗。	同义：expense, depletion	同根：consuming 消费的；强烈的；consumed 充满的；对…著迷的；consumable 可消耗的；可消费的
technology	/tɛkˈnɑlədʒɪ/	n. 工艺学； 工艺， 技术	Modern technology makes moving money around much easier than it used to be.	现代科技使货币流动比以前便捷得多。	同义：science, mechanics, skill	同根：technological 技术的；工艺的；technically 技术上；专门地；学术上；工艺上；technologically 科技地；技术上地
weaken	/ˈwikən/	v. 削弱， 变弱	Over the last two years the president’s position has weakened.	过去两年来，总统的地位被削弱了。	同义：shorten, to cut down, moderate, recoil from	同根：weak [经] 疲软的；虚弱的；无力的；不牢固的；weakly 虚弱的；软弱的；weakly 虚弱地；无力地；软弱地；有病地
voltage	/ˈvoltɪdʒ/	n. 电压	The systems are getting smaller and using lower voltages.	这些系统正变得更小而且使用更低的电压。	同义：electric tension, electrical pressure	同根：voltmeter [电] 伏特计，电压计
damn	/dæm/	interjection. 该死，见鬼〔表示很生气或失望〕 adv. 非常，很 adj. 该死的〔表示对某人或某事物生气〕	Damn! I’ve left my keys in the office.	见鬼！我把钥匙忘在办公室了。	同义：condemn, denounce, accuse of, brush down	同根：damned 该死的；可恶的；糟透的；damning 咒骂的；毁灭的；受永罚的；damnable 该死的；可诅咒的
superior	/sʊˈpɪrɪɚ/	adj. 上级的，较高的；优越的；有优越感的，高傲的 n. 上级， 长官	She had that superior tone of voice.	她带着那种傲慢的语气。	同义：ranking, lofty, higher-up, prefect	同根：superiorly 超越其他地；卓越地；superiority 优越，优势；优越性
location	/loˈkeʃən/	n. 位置， 场所； 外景拍摄地	His apartment is in a really good location.	他的公寓地段很好。	同义：site, situation, spot, lie	同根：located 处于，位于；坐落的；locative 表示位置的；位置格的；locality 所在；位置；地点
compensation	/,kɑmpɛnˈseʃən/	n. 补偿， 赔偿	People who are wrongly arrested may be paid compensation .	被误抓的人有可能得到补偿费。	同义：payment, consideration, insurance, reward	同根：compensable 可补偿的；应予以补偿的；compensate 补偿，赔偿；抵消；compensate 补偿，赔偿；付报酬
bankrupt	/ˈbæŋkrʌpt/	adj. 破产的	The firm went bankrupt before the building work was completed.	建筑工程尚未竣工，公司就破产了。	同义：broke, belly-up, put out of business, bust	同根：bankruptcy 破产
punctual	/ˈpʌŋtʃʊəl/	adj. 严守时刻的， 准时的	She’s always very punctual for appointments.	她一向准时赴约。	同义：accurate, precise, mathematical, strict	同根：punctually 准时地，如期地；punctuality 严守时间；正确；规矩
compromise	/ˈkɑmprəmaɪz/	v. 妥协； 危及； 放弃 n. 妥协，和解，折中办法	She admitted that she was unable to compromise.	她承认自己无法作出妥协。	同义：harm, meet someone halfway, meet someone halfway, come to terms with	同根：compromising 妥协的；让步的；compromising 妥协；让步（compromise的ing形式）
sack	/sæk/	n. 麻袋，包；解雇；洗劫，劫掠 vt. 解雇； 洗劫， 劫掠	They’ve never actually given anyone the sack .	他们从未真的辞退过什么人。	同义：gunny bag, burlap bag, get the boot, dehire	同根：sacking 麻袋布（等于sackcloth）；sackcloth 粗布衣；制袋用粗麻布；sacking 解雇（sack的ing形式）；装进；获得
software	/ˈsɔftwɛr/	n. 软件	She loaded the new software .	她给电脑装上新的软件。		
seminar	/ˈsɛmɪnɑr/	n. 研究班， 研讨会	a Shakespeare seminar	莎士比亚研讨班	同义：forum, consultation, symposium	
comparative	/kəmˈpærətɪv/	adj. 比较的， 相对的	After a lifetime of poverty, his last few years were spent in comparable comfort.	他穷了一辈子，最后几年还算过得比较舒适。	同义：corresponding, condign, equal, opponent	同根：comparable 可比较的；比得上的；comparatively 比较地；相当地；comparably 同等地；可比较地
competition	/,kɑmpəˈtɪʃən/	n. 竞争， 比赛	Going to trade fairs is an ideal opportunity to size up the competition .	参加商品交易会是估量竞争规模的理想机会。	同义：game, war, match, tournament	同根：competitive 竞争的；比赛的；求胜心切的；competing 相互矛盾的；抵触的；competitory 竞争的（等于competitive）
fruitful	/ˈfrutfl/	adj. 多产的， 肥沃的	He is really a fruitful novelist.	他真是一位多产的小说家。	同义：productive, prolific	同根：fruitless 不成功的，徒劳的；不结果实的；fruity 圆润的；有果味的；果实状的；fruitfully 产量多地；肥沃地
react	/riˈækt/	vi. 反应， 作出反应	He reacted angrily to the suggestion that he had lied.	说他撒谎，他非常生气。	同义：impact of, impact on, work on	同根：reactive 反应的；电抗的；反动的；reactionist 反动的；reaction 反应，感应；反动，复古；反作用
dragon	/ˈdræɡən/	n. 龙			同义：tiger, wyrm	
hesitant	/ˈhɛzɪtənt/	adj. 犹豫的； 吞吞吐吐的	Gail gave me a hesitant little smile.	盖尔迟疑地对我微微一笑。	同义：tentative	同根：hesitating 犹豫的；hesitative 支吾其辞的；踌躇的；hesitantly 迟疑地；踌躇地
beyond	/bɪˈjɑnd/	adv. 在更远处， 再往后 prep. 在…的那边，远于；迟于；越出	The financing of home ownership will continue through the 1990s and beyond.	房屋产权的融资将持续到20世纪90年代及以后。	同义：above, without, than, over	
hell	/hɛl/	n. 地狱； 极大的痛苦	War is hell.	战争是人间地狱。	同义：Sam Hill, sheol, rocket, ball it up	同根：hellish 地狱的；凶恶的；令人毛骨悚然的；hellion 坏人；应该下地狱的人
hazard	/ˈhæzɚd/	n. 危险；公害 vt. 尝试着做； 冒…风险	That pile of rubbish is a fire hazard (= something that is likely to cause a fire ).	那堆垃圾是火灾隐患。	同义：risk, risk, throw, venture	同根：hazardous 有危险的；冒险的；碰运气的
justify	/ˈdʒʌstəˈfai/	vt. 证明…是正当的	Nothing justifies murdering another human being.	什么都不能成为谋杀他人的正当理由。		同根：just 公正的，合理的；正直的，正义的；正确的；公平的；应得的；justified 有正当理由的；合乎情理的；事出有因的；justifiable 可辩解的，有道理的；可证明为正当的
voluntary	/ˈvɑləntɛri/	adj. 自愿的， 志愿的	Workers are being encouraged to take voluntary redundancy.	工人被鼓励主动离职。	同义：autonomous, willing, studied, designed	同根：volunteer 志愿的；voluntarily 自动地；以自由意志；volunteer 志愿者；志愿兵
connection	/kəˈnɛkʃən/	n. 联系， 关系； 连接， 衔接； 连贯性； 熟人， 关系	Police have so far failed to establish a connection between the two murders.	到目前为止警方尚未确定两宗凶杀案之间有关联。	同义：relationship, bearing, link, concern	同根：connected [计] 连接的；有联系的；连贯的；connective 连合的，连接的；connectible 可联结的
proof	/pruf/	adj. 耐…的， 能防…的 n. 证据，证明；校样，样张	Their defences are proof against most weapons.	他们的防卫工事可以抵挡大多数武器的攻击。	同义：authentication, certification, demonstration, confirmation	同根：proofreader 校对者，校对员
timber	/ˈtɪmbɚ/	n. 木材， 原木； 大木料， 栋木	a bench made of timber	木制长椅	同义：wood, tree	同根：timbered 树木茂盛的；木制的
roar	/rɔr/	v. 吼叫，怒号，咆哮；轰鸣；大声喊出，大声表示 n. 呐喊声， 咆哮声， 吼叫声； 轰鸣	We heard a lion roar.	我们听到狮子在吼叫。	同义：snarl, rave, gnar, huff and puff	同根：roaring 喧闹的；兴胜的；狂风暴雨的；roaring 咆哮；怒吼；吼声；roarer 咆哮者；患喘鸣症的马；备受称赞的人或物
presence	/ˈprɛzns/	n. 出席， 到场； 存在； 仪表， 仪态	Your presence is requested at the club meeting on Friday.	敬请出席于周五举行的俱乐部会议。	同义：existence, being, entity, is	同根：present 现在的；出席的；presentational 表象的；演出的；上演的；直觉的；present 现在；礼物；瞄准
phase	/fez/	n. 阶段； 方面； 相， 相位	a new drug that is in the experimental phase	处于试验阶段的一种新药	同义：stage, age, grade	
surrounding	/səˈraʊndɪŋ/	adj. 附近的；四周的	Troops sealed off the surrounding area .	军队封锁了周围地区。	同义：environmental, ambient, context, circumstance	同根：surround 环绕立体声的；surround 围绕物；surround 围绕；包围
efficiency	/ɪˈfɪʃənsɪ/	n. 效率； 功效， 效能	considerable advancements in energy efficiency	能源效率的显著提高	同义：virtue, potency	同根：efficient 有效率的；有能力的；生效的；efficiently 有效地；效率高地（efficient的副词形式）；efficacy 功效，效力
overhead	/,ovɚˈhɛd/	adv. 在头顶上 adj. 在头顶上的，架空的 n. 经常费用， 管理费用	Bullets whizzed overhead.	子弹嗖嗖地掠过头顶。	同义：aerially, ceiling boarding, current expenses	
contract	/ˈkɑntrækt/	v. 缩小； 订合同； 感染， 染上 n. 契约， 合同	Metal contracts as it cools.	金属遇冷收缩。	同义：communicate, shrink, affect, catch	同根：contractual 契约的，合同的；contractually 合约地；合同性地；契约规定地；contractor 承包人；立契约者
comprehension	/,kɑmprɪˈhɛnʃən/	n. 理解， 理解力， 领悟； 理解力测验	Why you let her talk you into doing such a foolish thing is beyond my comprehension (= impossible for me to understand ) .	你怎么会被她说服去做这种蠢事，我实在是无法理解。	同义：containing, grasp, understanding, involved in	同根：comprehensive 综合的；广泛的；有理解力的；comprehensible 可理解的；comprehensively 包括地；包括一切地
beggar	/ˈbɛɡɚ/	n. 乞丐 vt. 使贫穷	the beggars on the streets	街头乞丐	同义：apple, customer, egg, fellow	同根：beggarly 赤贫的；像乞丐的；beggary 赤贫；卑劣；行乞
leather	/ˈlɛðɚ/	n. 皮革， 皮革制品	The inside of the bag was lined with soft leather.	这包的里面衬了软皮。	同义：leder, whip, skinny	同根：leathery 似皮革的，皮质的；坚韧如皮革的；leatherjacket 长脚蝇的蛆；皮革薯皮鲽
comb	/kom/	n. 梳子；鸡冠，冠状物 vt. 梳理； 在…搜寻； 彻底搜查	Your hair needs a good comb.	你的头发需要好好梳理一下。	同义：crista galli, cockscomb, upsurge	同根：combed 精梳；combed 梳理；梳头；到处搜寻（comb的过去分词）
innovative	/ˈɪnəvetɪv/	adj. 创新的， 革新的	an innovative approach to language teaching	创新的语言教学法	同义：reformatory	同根：innovational 革新的；富有革新精神的；innovation 创新，革新；新方法；innovator 改革者，创新者
insight	/ˈɪnˈsaɪt/	n. 洞察力； 洞悉； 深刻见解	a woman of great insight	一位极有眼光的妇女	同义：perception, penetration	同根：insightful 有深刻见解的，富有洞察力的
fabric	/ˈfæbrɪk/	n. 织物， 纺织品； 结构	our new range of fabrics and wallpapers	我们新的织物和墙纸系列	同义：cloth, organization, formation, construction	同根：fabricated 焊接的；组合的，装配式的；fabrication 制造，建造；装配；伪造物；fabricated 制造，组装；伪造，捏造（fabricate的过去分词）
revolutionary	/ˈrɛvəˈlʊʃəˈnɛri/	adj. 革命的，革新的 n. 革命者	The new cancer drug is a revolutionary breakthrough.	这种抗癌新药是一个革命性突破。	同义：rotary, rolling	同根：revolved 旋转的；revolutionist 革命家的；revolution 革命；旋转；运行；循环
following	/ˈfɑloɪŋ/	adj. 接着的，下列的 n. 一批追随者	Write down the following information: name of product, type, date purchased and price.	写下以下信息：产品名称、型号、购买日期和价格。	同义：under, coming, next	同根：follow 跟随；追随；follower 追随者；信徒；属下；follow 跟随；接着
indoor	/ˈɪndɔr/	adv. 在室内， 在户内 adj. 室内的	an indoor swimming pool	室内游泳池	同义：chamber, endocellular	同根：indoors 在室内，在户内
force	/fɔrs/	vt. 强迫；用力推动，用力打开 n. 军队， 兵力； 暴力， 武力； 力， 力气； 影响力， 效力	Westerly gales forced the ship off course.	强劲的西风将那艘船吹离了航道。	同义：strength, might, army, sword	同根：forced 被迫的；强迫的；forceful 强有力的；有说服力的；坚强的；forcefully 强有力地；激烈地；有说服力地
centigrade	/ˈsɛntɪɡred/	adj. 百分度的； 摄氏的	...daytime temperatures of up to forty degrees centigrade.	…高达40摄氏度的日间气温。	同义：Celsius	同根：centesimal 百分之一的；百分的；百进制的
sexual	/sɛkʃʊəl/	adj. 性的， 两性的； 性别的	a disease passed on by sexual contact	由性接触传染的疾病	同义：gamic	同根：sexually 性别地；两性之间地；sexuality [胚] 性别；性欲；性征；性方面的事情（比如性行为或性能力）；sexualise 有性的特征；使有性别
sympathetic	/,sɪmpəˈθɛtɪk/	adj. 同情的； 和谐的； 赞同的， 支持的； 合意的	a sympathetic friend	一个有同情心的朋友	同义：harmonious, balanced, acceptable, vagus nerve	同根：sympathomimetic 拟交感的；sympathetically 悲怜地，怜悯地；富有同情心地；sympathy 同情；慰问；赞同
freight	/fret/	n. 货运；货物；运费 vt. 运送	freight services	货运公司	同义：ship, transit, forward, charges	同根：freighter [水运][船] 货船；承运人；freightage 货运；运费；租用货船
range	/rendʒ/	v. 变动； 漫游， 四处搜索； 使排列成行 n. 一系列；范围；射程，距离；脉；射击场	They range in price from $3 to $15.	它们的价格在$3到$15之间变化。	同义：extent, boundary, region, scope	同根：ranking 上级的；头等的；超群的；rangy 又高又瘦的；适于远行的；宽广的；ranking 等级；地位
distribution	/ˈdɪstrəˈbjʊʃən/	n. 分发， 分配； 分布	a distribution centre	经销中心	同义：allocation, assignment	同根：distributed 分布式的，分散式的；distributive 分配的；分布的；分发的；distributional 分配的；分发的
tyre	/ˈtaɪɚ/	n. 轮胎， 车胎	I had a flat tyre (= all the air went out of it ) on the way home.	回家的路上我的轮胎瘪了。	同义：tire	
cope	/kop/	vi. 应付， 处理	Sometimes I find it hard to cope.	有时候我觉得很难应付。	同义：manage, contest, gown, robe	
overseas	/,ovɚˈsiz/	adv. 在海外 adj. 在海外的	Chris is going to work overseas.	克里斯要去国外工作。	同义：beyond the sea, transmarine, off-shore	
impress	/ɪmˈprɛs/	vi. 给人印象，引人注目 vt. 给…深刻印象；印，压印 n. 印记； 特征	Steve borrowed his dad’s sports car to impress his girlfriend.	史蒂夫借来他爸爸的跑车向女友炫耀。	同义：propagate, print, mark, characteristic	同根：impressive 感人的；令人钦佩的；给人以深刻印象的；impressionistic 印象派的；印象主义的；给人深刻印象的；impressible 敏感的；感受性强烈的；易感动的
confess	/kənˈfɛs/	vt. 供认， 坦白； 承认	Occasionally people confess to crimes they haven’t committed just to get attention.	偶尔人们会承认自己并未犯过的罪行，那只是为了引人注意。	同义：accept, recognize, agree, acknowledge	同根：confessional 忏悔的；自白的；confessedly 公开承认地；明白供认地；自称地；confession 忏悔，告解；供认
leak	/lik/	v. 漏；泄露 n. 漏洞	The roof is leaking.	屋顶在漏水。	同义：crack, split, reveal, divulge	同根：leaky 漏的；有漏洞的；leakage 泄漏；渗漏物；漏出量；leaker 水压试验时出汗；有漏元件；渗水铸件
ghost	/ɡost/	n. 鬼， 灵魂， 鬼魂	They say the young girl’s ghost still haunts (= often appears in ) the house.	他们说那个少女的鬼魂依旧在那房子里出没。	同义：shadow, jumbie	同根：ghostly 幽灵的；可怕的；影子似的；ghostlike 恐怖的；灵魂似的；ghostlike 幽灵似地
lean	/lin/	v. 倾斜；屈身；靠 adj. 瘦的； 贫瘠的	trees leaning in the wind	在风中东倒西歪的树木	同义：pitch, slope, tend, affect	同根：leaner 精瘦的；贫乏的；简洁的（lean的比较级）；leaning 倾向，爱好；倾斜；leaner 清洗液；斜身倾前的射球
flat	/flæt/	adv. 平直地； 直截了当地 adj. 平的；固定的；漏气的；平淡的；沉闷的；浅的 n. 一套房间，单元住宅	The bed can be folded flat for storage.	这张床可以折扁存放。	同义：even, low, level, shallow	同根：flatly 断然地；平平地；直截了当地；flatness 平坦；单调；断然的态度；flatmate 合住一套公寓的人；合租者
recall	/ˈrikɔl/	v. 回忆； 召回， 叫回； 收回， 撤销	You don’t happen to recall his name, do you?	你不会恰巧还想得起他的名字吧？	同义：think of, come back, memory, recollection	
leap	/lip/	v. 跳，跃 n. 跳跃； 骤变	My heart leaped when I saw Paul at the airport.	在机场看到保罗时，我的心猛地一跳。	同义：jump, dance, jump, spring	同根：leaping 跳跃的，跳跃而行的；leaping 跳跃；leaper 跳跃者
waterproof	/ˈwɔtɚpruf/	adj. 不透水的， 防水的	a waterproof jacket	防水上衣	同义：splashproof, hose-proof, rainproof	同根：waterproofing 防水的；waterproofing 防水；防水剂
barber	/ˈbɑrbɚ/	n. 理发师	My father marched me over to Otto, the local barber, to have my hair cut short.	爸爸把我拽到当地理发师奥托跟前，让他把我的头发剪短。	同义：trim up, give shape to, coiffeur, shaver	同根：barbershop 有男声合唱之和声的；barbershop 理发店
precise	/prɪˈsaɪs/	adj. 精确的， 准确的； 严谨的	precise sales figures	准确的销售数据	同义：accurate, strict, mathematical, rigid	同根：precision 精密的，精确的；precisely 精确地；恰恰；precision 精度，[数] 精密度；精确
sensible	/ˈsɛnsəbl/	adj. 明智的； 合情理的； 有知觉的	She seems very sensible.	她好像很明智。	同义：obvious, aware, distinct, wise	同根：sensitive 敏感的；[仪] 灵敏的；感光的；易受伤害的；senseless 愚蠢的；无知觉的；无意识的；sensing 敏感的
objection	/əbˈdʒɛkʃən/	n. 反对， 异议； 反对的理由	Her objection was that he was too young.	她反对的理由是他太小。	同义：opposition, exception, intervention, prevention	同根：objectionable 讨厌的；会引起反对的；有异议的；object 目标；物体；客体；宾语；objector 反对者；提出异议的人
dispute	/ˈdɪsˈpjʊt/	v. 争论， 争执； 对…表示异议 n. 争论	The main facts of the book have never been disputed.	书中的主要事实从未遭到质疑。	同义：discuss, debate, argue, stem	同根：disputed 有争议的；disputable 有讨论余地的；真假可疑的；disputant 争论的
precious	/ˈprɛʃəs/	adj. 珍贵的， 宝贵的	planes delivering precious supplies of medicine and food	运送药品、食品等宝贵物资的飞机	同义：golden, valued	同根：preciously 昂贵地；仔细地；过分讲究地；preciousness 珍贵；过分讲究
observation	/,ɑbzɚˈveʃən/	n. 注意， 观察； 言论， 评论； 观察资料	He spent two nights under close observation in hospital.	他在医院接受了两个晚上的严密观察。	同义：view, monitoring, surveillance, watch	同根：observed 观察的；观测的；observant 善于观察的；机警的；严格遵守的；observable 显著的；觉察得到的；看得见的
tremble	/ˈtrɛmbl/	vi. 发抖，哆嗦；摇动 n. 颤抖； 摇晃， 摇动	His lip started to tremble and then he started to cry.	他的嘴唇开始颤抖，接着就哭了起来。	同义：roll, rock, roll, frisson	同根：trembling 发抖的；战栗的；哆嗦的；tremulous 胆小的；战栗的；震颤的；tremulously 发抖地；震颤地；歪斜地；过分敏感地
suspect	/sʌspɛkt/	adj. 可疑的， 不信任的 vt. 疑有；推测；对…表示怀疑 n. 嫌疑犯，可疑分子	The two men were convicted on the basis of some highly suspect evidence.	两名男子被定了罪，而定罪证据尚有很大疑点。	同义：sus, doubtful, questionable, dispute	同根：suspected 有嫌疑的；suspensive 暂停的；悬而不决的；可疑的；暧昧的；suspected 怀疑（suspect的过去分词和过去式）
apologize	/əˈpɑlədʒaɪz/	vi. 道歉， 谢罪， 认错	I’m so sorry, I do apologize.	非常对不起，我真心道歉。	同义：square oneself, make an apology, square oneself, make an apology	同根：apologetic 道歉的；赔罪的；apologetically 道歉地，认错地；辩解地；apology 道歉；谢罪；辩护；勉强的替代物
inhabitant	/ɪnˈhæbɪtənt/	n. 居民， 住户	a city of six million inhabitants	有600万居民的城市	同义：liver, resident, dweller, habitant	同根：inhabited 有人居住的；inhabitable 适于居住的；可居住的，可栖居的；inhabitancy 居住，住所；有人居住的状态
fraction	/ˈfrækʃən/	n. 小部分； 片断； 分数	The students had a grasp of decimals, percentages and fractions.	学生们掌握了小数、百分数和分数。	同义：score, marks, proportion, part	同根：fractional 部分的；[数] 分数的，小数的；fractionation 分别；分馏法；fractionate 分别，分离；使分馏
filter	/ˈfɪltɚ/	v. 过滤，透；走漏 n. 滤纸， 过滤嘴	The water in the tank is constantly filtered.	鱼缸里的水在不停地被过滤。	同义：sink in, seep into, strainer, percolator	同根：filtration 过滤；筛选；filtrate [化学] 滤液；filtrate 过滤
sunlight	/ˈsʌnlaɪt/	n. 日光， 阳光	The water sparkled in the bright sunlight.	水面在灿烂的阳光下闪闪发亮。	同义：Nikko, day light	
site	/saɪt/	n. 地点，场所 vt. 使坐落在； 设置	an archaeological site	考古现场	同义：location, spot, situation, where	同根：situation 情况；形势；处境；位置
massive	/ˈmæsɪv/	adj. 大的， 大而重的； 大块的； 大量的， 大规模的	The bell is massive, weighing over 40 tons.	那口钟非常大，有40多吨重。	同义：huge, extensive, macro, substantial	同根：mass 群众的，民众的；大规模的，集中的；massively 大量地；沉重地；庄严地；mass 块，团；群众，民众；大量，众多
asset	/ˈæsɛt/	n. 资产， 财产； 有价值的特性或技能， 优点	the value of a company’s assets	公司的资产价值	同义：substance, virtue, advantage, finances	
owe	/o/	vt. 欠； 应把…归功于； 感激， 感恩	How much do I owe you (= often used to show that you want to pay for something )?	我该付你多少钱？	同义：appreciate, be grateful to	同根：owing 未付的；欠着的；owing 欠；把…归功于（owe的ing形式）
scarce	/skɛrs/	adj. 缺乏的， 不足的； 稀少的， 罕见的	Food was often scarce in the winter.	冬季常常粮食短缺。	同义：rare, short, lacking, insufficient	同根：scarcely 几乎不，简直不；简直没有；scarcity 不足；缺乏；scarceness 稀少；缺乏
minimum	/ˈmɪnɪməm/	adj. 最低的， 最小的 n. 最低限度；最小量	The minimum number of students we need to run the course is fifteen.	我们开这门课程最少要有15个学生。	同义：lowest, least, smallest	同根：minimal 最低的；最小限度的；minimized 最小化的；最小化；使达到最低限度的；minimally 最低限度地；最低程度地
queue	/kju/	vi. 排队等候 n. 长队，行列	You’ll have to join the queue.	你得排队。	同义：train, alignment, tail, rank	
mathematical	/,mæθəˈmætɪkl/	adj. 数学的	mathematical analysis	数学分析	同义：accurate, precise, strict, rigid	同根：mathematically 算术地，数学上地；math 数学（等于mathematics）；mathematics 数学；数学运算
apology	/əˈpɑlədʒi/	n. 道歉， 认错， 谢罪	Edward can’t be here today, but he sends his apologies .	爱德华今天来不了，他向大家表示歉意。	同义：justification, advocacy	同根：apologetic 道歉的；赔罪的；apologetically 道歉地，认错地；辩解地；apologist 辩护者；护教论者；辨惑学专家（等于apologete）
magic	/ˈmædʒɪk/	adj. 有魔力的； 魔术的 n. 魔法，魅力	a book of magic spells	一本关于魔法的书	同义：medicine, witchcraft, wizardry, mysterious	同根：magical 魔术的；有魔力的；magically 用魔法地；如魔法般地；magician 魔术师，变戏法的人
reveal	/rɪˈvil/	vt. 揭露， 泄露； 展现， 显示	He may be prosecuted for revealing secrets about the security agency.	他可能因泄露安全部门的机密而被起诉。	同义：make clear, prove, disclose, expose	同根：revealing 透露真情的；有启迪作用的；袒胸露肩的；revealing 揭示；展现（reveal的ing形式）
data	/ˈdetə/	n. 资料，数据	The research involves collecting data from two random samples.	该项研究需要从两个随机样本里收集资料。		
theoretical	/,θiəˈrɛtɪkəl/	adj. 理论的	theoretical physics	理论物理	同义：academic, reasoning	同根：theoretic 理论上的；空谈的；theoretically 理论地；理论上；theory 理论；原理；学说；推测
utter	/ˈʌtɚ/	adj. 完全的，彻底的 vt. 发出， 说， 讲	That’s utter nonsense!	真是一派胡言！	同义：release, put, voice, project	同根：utterly 完全地；绝对地；全然地；彻底地，十足地；utterance 表达；说话；说话方式；utterer 发表人；说话人
onion	/ˈʌnjən/	n. 洋葱； 洋葱类植物	Chop the onions finely.	把洋葱切碎。		同根：onionskin 洋葱头皮；薄光泽纸；透明薄纸
vibrate	/vaɪˈbreɪt/	v. 颤动	The floor was vibrating to the beat of the music.	地板随着音乐的节奏在颤动。	同义：swing, hesitate, oscillate	同根：vibrant 振动的；充满生气的；响亮的；战栗的；vibrating 振动的；vibrational [力] 振动的，震动性的；摇摆的
drum	/drʌm/	v. 有节奏地敲击 n. 鼓，鼓状物；圆桶	I could hear the rain drumming against the windows.	我听到雨滴有节奏地打在窗上的声音。	同义：kettle	同根：drummer 鼓手；旅行推销员；跑街；drumming 发嗡声；击鼓声
sausage	/ˈsɔsɪdʒ/	n. 香肠， 腊肠	pork sausages	猪肉香肠	同义：wust, wurst	
hopeful	/ˈhopfl/	adj. 有希望的	The vote is a hopeful sign that attitudes in the church are changing.	投票结果是个好兆头，表明教会的态度正在转变。	同义：promising, likely	同根：hopeless 绝望的；不可救药的；hopefully 有希望地，有前途地；hopelessly 绝望地；无望地；无可救药地
tremendous	/trəˈmɛndəs/	adj. 极大的， 非常的； 精彩的， 了不起的	Suddenly, there was a tremendous bang, and the whole station shook.	突然一声巨响，整个车站都晃动了。	同义：huge, enormous, massive, macro	同根：tremendously 非常地；可怕地；惊人地
condense	/kənˈdɛns/	v. 冷凝， 凝结； 浓缩， 压缩， 简缩	the mist which condensed on every cold surface	每个冰冷的表面上凝结的水汽	同义：concentrate, to freeze, dewater, inspissate	同根：condensate 浓缩的；condensation 冷凝；凝结；压缩；condenser 冷凝器；[电] 电容器；[光] 聚光器
realistic	/,riəˈlɪstɪk/	adj. 现实的； 实际可行的； 现实主义的； 逼真的	Is this a realistic target?	这个目标能够实现吗？	同义：living, breathing	同根：real 实际的；真实的；实在的；real 真正地；确实地；realistically 现实地；实际地；逼真地
justice	/ˈdʒʌstɪs/	n. 正义， 公正； 司法	No one doubts the justice of our cause.	没有人怀疑我们的事业是正义的。	同义：judge, right, judicature	同根：justiciary 司法上的；justiciary 高等法院法官；司法官
criminal	/ˈkrɪmɪnl/	adj. 犯罪的， 刑事的 n. 犯人，罪犯，刑事犯	Experts cannot agree on the causes of criminal behaviour .	专家对犯罪行为的原因不能取得一致意见。	同义：offender, culprit, penal, peccant	同根：criminological 犯罪学的；criminally 刑法上；犯了罪地，有罪地；crime 罪行，犯罪；罪恶；犯罪活动
tag	/tæɡ/	vi. 尾随 n. 附加语；标签 vt. 给…加上标签	You just search for an artist, song, album , or just a random search tag.	你只需要搜索艺术家、歌曲、相册、或者仅仅是一个随机搜索标签。	同义：name, ticket, label, belonging	同根：tagged 标记的；示踪的；加标记的；tagger 薄铁片；垂下物；尾随者；加标签者；tagged 附以签条（tag的过去分词）
notebook	/ˈnotbʊk/	n. 笔记本	He brought out a notebook and pen from his pocket.	他从口袋里掏出了一个笔记本和一支钢笔。	同义：manual, jotter	同根：notepaper 信纸；便条纸；笔记用纸
curious	/ˈkjʊrɪəs/	adj. 好奇的； 奇怪的	Puppies are naturally curious.	小狗天生好奇。	同义：critical, odd	同根：curiously 好奇地；curiosity 好奇，好奇心；珍品，古董，古玩；curiousness 好学；好奇；不寻常
indirect	/,ɪndəˈrɛkt/	adj. 间接的， 婉转的	Losing weight is an indirect result of smoking cigarettes.	吸烟间接导致体重减轻。	同义：circular, consequential	同根：indirectly 间接地；不诚实；迂回地；indirection 间接；迂回；不坦率
individual	/ˌɪndəˈvɪdʒʊəl/	adj. 个别的；独特的 n. 个人， 个体	Each individual leaf on the tree is different.	树上每片叶子都不相同。	同义：personal, different, subjective, distinct	同根：individualistic 个人主义的；利己主义的；individualized 个人的；有个性的；具有个人特色的；individually 个别地，单独地
resource	/ˈrisɔrs/	n. 资源； 财力； 应付办法， 谋略	Canada’s vast mineral resources	加拿大丰富的矿产资源	同义：financial ability	同根：resourceful 资源丰富的；足智多谋的；机智的；resourceless 无资力的；无方略的；resourcefully 机智地
ugly	/ˈʌɡli/	adj. 丑陋的； 可怕的	a very ugly man	非常丑陋的男子	同义：evil, ill, black, wicked	同根：ugliness 丑陋，丑陋之物；uglify 把…弄成难看；将…丑化；糟蹋
nuisance	/ˈnusns/	n. 讨厌的东西	He could be a bit of a nuisance when he was drunk.	他喝醉时会是一个有点令人讨厌的人。	同义：injury, harm, damage	
tax	/tæks/	n. 税，税款；负担 vt. 对…征税； 使负担重， 使费尽力气	No-one enjoys paying tax.	没人喜欢缴税。	同义：scot, heavy burden	同根：taxing 费力的；繁重的；taxable 应纳税的；可征税的；taxation 课税，征税；税款
earthquake	/ˈɝθˈkwek/	n. 地震， 大震荡	An earthquake measuring 6.1 on the Richter scale struck southern California on June 28.	6月28日加州南部地区发生了里氏6.1级地震。	同义：temblor, seismic event	
excitement	/ɪkˈsaɪtmənt/	n. 刺激， 激动， 兴奋； 令人兴奋的事， 刺激的因素	We were both new to the excitements of life in the big city.	我们俩都是初次感受大城市多姿多彩的生活。	同义：stimulus, incentive, needle	同根：exciting 令人兴奋的；使人激动的；excited 兴奋的；激动的；活跃的；excitable 易激动的；易兴奋的；易怒的
nightmare	/ˈnaɪtˈmɛr/	n. 噩梦； 可怕的事物， 无法摆脱的恐惧	a recurring nightmare 	一再出现的噩梦	同义：paroniria, oneirodynia, terrible, horrible	同根：nightmarish 可怕的；恶梦似的；不愉快的
cord	/kɔrd/	n. 细绳， 粗线， 索； 灯芯绒裤	The robe was held at the waist by a cord.	在袍子腰处束了根细绳。	同义：chain, restriction, rope	同根：cordless 无线的（副词cordlessly）；corded 用索子捆扎的；绳制的；cordless 不用电线的
core	/kɔr/	n. 果实的心； 核心， 要点	Remove the cores, and bake the apples for 40 minutes.	去除果心，然后把苹果烤40分钟。	同义：quick, kernel, main, heart	同根：cor 天哪（表惊叹或烦恼）；cor 心脏；英国管（等于English horn或tenor oboe）；coring 核化；结晶偏析；[地质] 取岩心
council	/ˈkaʊnsl/	n. 理事会， 委员会	the council for civil liberties	公民自由委员会	同义：committee, session, congress, meeting	同根：counselor 顾问；法律顾问；参事（等于counsellor）；counsellor 顾问；参赞；辅导员（等于counselor）；律师；法律顾问；councillor 议员；顾问；参赞（等于councilor）
enforce	/ɪnˈfɔrs/	vt. 实施， 执行； 强制， 强迫， 迫使	Parking restrictions will be strictly enforced.	停车限制将会严格执行。	同义：perform, actualize	同根：enforceable 可实施的；可强行的；可强迫的；enforced 实施的；强制执行的；enforcement 执行，实施；强制
embassy	/ˈɛmbəsi/	n. 大使馆； 大使馆全体成员	the American Embassy in Paris	美国驻巴黎大使馆	同义：ambassade, chancellery	
departure	/dɪˈpɑrtʃɚ/	n. 离开， 起程， 出发； 背离， 违背	There are several departures for New York every day.	每天有好几个班次去纽约。	同义：leaving, starting, violation, breach	同根：depart 逝世的；departed 过去的；死去的；以往的；departed 死者
dash	/dæʃ/	vi. 猛冲，击碎 vt. 使猛撞，飞奔；溅 n. 猛冲； 破折号	Olive dashed into the room, grabbed her bag, and ran out again.	奥利芙冲进屋，抓起她的手提袋，又跑了出来。	同义：jerking motion, discomfit, knock against, impinge on	同根：dashing 时髦的，华丽的；雄纠纠的；劲头十足的；dashed 虚线；dashed 猛冲（dash的过去分词）；猛掷
concrete	/ˈkɑŋkrit/	adj. 实在的， 具体的 n. 混凝土；具体物	What does that mean in concrete terms ?	具体来说那到底是什么意思？	同义：honest, effective, real, to freeze	同根：concretely 具体地；concreteness 具体；具体性；确实；concretion 结石；凝固；凝固物
penalty	/ˈpɛnəlti/	n. 处罚， 惩罚； 罚金	No littering. Penalty $500.	禁止乱扔垃圾。 违者罚款500美元。	同义：fine, amercement	同根：penalization 惩罚；处罚；penalize 处罚；处刑；使不利；penalise 惩罚，处罚；使…处于严重不利地位
sociology	/,sosɪˈɑlədʒi/	n. 社会学	Basic courses in sociology and psychology as well as other humanities courses give students plenty of opportunity to explore their own emotions.	社会学和心理学的基础，以及其他人文学科的课程，赋予学生大量的机会去探索其个人情感。	同义：demotics, synecology	同根：societal 社会的；socioeconomic 社会经济学的；sociological 社会的（等于sociologic）；社会学的；针对社会问题的
link	/lɪŋk/	v. 连接，联系 n. 环节， 联系， 纽带	Police think the murders are linked.	警方认为这些谋杀案互有关联。	同义：relationship, connection, bearing, contact	同根：linked 连接的；联合的；显示连环遗传的；linkage 连接；结合；联接；联动装置；linked 连接；串联（link的过去分词）
flee	/fli/	v. 逃走， 逃掉， 逃离； 避开， 逃避	His attackers turned and fled.	袭击他的人转身逃走了。	同义：lift, disappear, blank, escape	
distinct	/dɪˈstɪŋkt/	adj. 与其他不同的； 清楚的， 明显的	two entirely distinct languages	两种完全不同的语言	同义：obvious, visible, unique, evident	同根：distinctive 有特色的，与众不同的；distinguished 著名的；卓著的；高贵的；distinguishing 有区别的
scale	/skel/	n. 大小，规模；等级，级别；天平，磅秤；比例；刻度，标度；鳞 vt. 攀登， 爬越	A structural survey revealed the full scale of the damage.	结构检验揭示了实际受损程度。	同义：dimensions, ratio, graduation, calibration	同根：scalable 可攀登的；可去鳞的；可称量的；scaled 有鳞的；（房屋）栉比鳞次的；已去了鳞的；scaly 有鳞的；积垢的；劣等的
recovery	/rɪˈkʌvəri/	n. 恢复， 痊愈； 追回， 寻回， 收复	Hopes of economic recovery are fading.	经济复苏的希望越来越渺茫。	同义：regression, restoration, rehabilitation, retrieval	同根：recoverable 可收回的；可恢复的；可补偿的；recover 还原至预备姿势；recover 恢复；胜诉；重新得球
hedge	/hɛdʒ/	v. 用篱笆围； 避免直接回答 n. 篱笆，树篱；障碍物	You’re hedging again - have you got the money or haven’t you?	你又在闪烁其词了，你究竟有没有钱？	同义：bar, obstacle, dam, let	同根：hedging 对冲；套头交易；平衡交易；抛买；hedger 种植树篱者；两方下注者；骑墙派；作套期保值的人；推卸回避的人；hedging 围住（hedge的ing形式）
tune	/tun/	n. 调子；和谐 vt. 调整， 调节； 为调音	That’s a nice tune.	那曲调很美。	同义：accordance, breast, air, concert	同根：tuned 经调谐的；谱好曲的；调好台的；tuneful 和谐的；音调优美的；悦耳的；tuneless 不和谐的；不成调子的
weep	/wip/	v. 哭泣， 流泪； 渗出	James broke down and wept.	詹姆斯控制不住感情，哭了起来。	同义：water, shed tears, shed tears, pipe one's eye	同根：weeping 哭泣的，滴水的；垂枝的；weepy 眼泪汪汪的；要哭的；催人泪下的；weeping 哭泣
security	/səˈkjʊrəti/	n. 安全， 保障； 抵押品； 证券	Parenting is about giving your child security and love.	养育儿女就是要给他们保护和爱。	同义：safety, assurance, certification, commitment	同根：secure 安全的；无虑的；有把握的；稳当的；secured 有担保的；securer 安全的；可靠的（secure的比较级形式）
limp	/lɪmp/	adj. 软的；不强壮的 v. 〔因一腿受伤而〕跛行，一瘸一拐地走 n. 跛行	a limp handshake	无力的握手	同义：weak, soft, tender, ductile	同根：limply 柔软地；四肢无力地，软绵绵地；limpness 柔弱，软弱；疲倦
organize	/ɔrɡənˌaɪz/	vt. 组织， 把…编组； 使有条理	The lawyer helped to organize a group of parents who took action for their children.	这位律师帮助把一群为孩子而采取行动的家长组织起来。	同义：structure, form	同根：organized 有组织的；安排有秩序的；做事有条理的；organizational 组织的；编制的；organised 有组织的；组织起来的（等于organized）
marriage	/ˈmærɪdʒ/	n. 结婚， 婚姻； 婚礼	She has three daughters from a previous marriage.	她前一次婚姻生了三个女儿。	同义：wedding, merger, consolidation, coalition	同根：married 已婚的，有配偶的；婚姻的，夫妇的；密切结合的；marriageable 可结婚的，适合结婚的；married 已婚者
stove	/stov/	n. 炉， 火炉， 电炉	a wood-burning stove	烧木柴的火炉	同义：furnace, greenhouse	
weed	/wid/	v. 除草 n. 杂草，野草	Caspar was weeding the garden.	卡斯帕正在给花园除草。	同义：shovel, fireweed, ruderal	同根：weeded 铲除了野草的；weedless 没有杂草的；weedy 瘦弱的；似杂草的；尽是杂草的
continual	/kənˈtɪnjuəl/	adj. 连续的； 频频的	five weeks of continual rain	持续了五个星期的降雨	同义：frequent	同根：continued 继续的；持久的；continuing 继续的；持续的；连续的；continuant 连续音的
herd	/hɝd/	n. 兽群，牧群 vt. 放牧	Chobe is also renowned for its large herds of elephant and buffalo.	乔贝还以其大群的大象和水牛而闻名。	同义：drove, menagerie, grass, feed	同根：herder 牧人；（美俚）监狱看守
limb	/lɪm/	n. 肢， 臂， 腿； 树枝	She would be able to stretch out her cramped limbs and rest for a few hours.	她将可以伸开蜷缩的四肢，休息几个小时。	同义：extremitas, offshoot	同根：limbed （用于复合词中）有…枝（或肢、翼）的；limbless 无肢的；无枝叉的；无翼的；limbed 肢解；砍去（limb的过去分词）
balloon	/bəˈlun/	n. 气球， 玩具气球	Can you help me blow up these balloons?	你帮我把这些气球吹起来好吗？	同义：surge, sharp rise, proliferate	同根：ballooning 充气，鼓胀；气球操纵；balloonist 气球驾驶者
motion	/ˈmoʃən/	v. 打手势， 示意 n. 运动；手势，眼色，动作；提议	She motioned for the locked front doors to be opened.	她打手势示意把锁着的前门打开。	同义：removal, intention, move, shift	同根：motive 发动的；成为动机的；motivated 有动机的；有积极性的；motionless 静止的；不运动的
limited	/ˈlɪmɪtɪd/	adj. 有限的	My knowledge of the business is limited.	我对这一行了解有限。	同义：finite, narrow, Ld.	同根：limitless 无限制的；无界限的；limiting 限制的；限制性的；limit 限制；限度；界线
idle	/ˈaɪdl/	adj. 空闲的，懒散的；无用的 v. 虚度， 无所事事	Go and wake up that idle brother of yours.	去把你那懒哥哥叫起来。	同义：stopped, lazy, sit around, lie about	同根：idly 无所事事地；懒惰地，空闲地；无益地；idleness 懒惰；闲散；失业；idler 懒汉；游手好闲的人；[机] 惰轮；中间齿轮
confidence	/ˈkɑnfɪdəns/	n. 信任， 信赖； 信心， 自信	I felt I was doing well and my confidence began to grow.	我觉得自己干得不错，自信心就开始增加了。	同义：faith, trust, secret, privacy	同根：confidential 机密的；表示信任的；获信任的；confident 自信的；确信的；confidently 自信地；安心地
arbitrary	/ˈɑːrbətreri/	adj. 随心所欲的， 专断的	an arbitrary decision	武断的决定	同义：artificial, random, absolute	同根：arbitrarily 武断地；反复无常地；专横地；arbitrariness 任意，恣意；专断；霸道
fearful	/ˈfɪrfəl/	adj. 害怕的， 可怕的； 不安的， 忧虑的	a shy and fearful child	一个羞涩、胆怯的小孩	同义：worried, acute, terrible, afraid	同根：fearsome 可怕的；害怕的；极大的；fearfully 可怕地；非常地；颇；fear 害怕；恐惧；敬畏；担心
passive	/ˈpæsɪv/	adj. 被动的， 消极的	Kathy seems to take a very passive role in the relationship.	凯茜在这一关系中似乎扮演着十分被动的角色。	同义：driven, negative	同根：passively 被动地；顺从地；passivation [化学] 钝化；钝化处理；passivity 被动性；被动结构；无抵抗
fertilizer	/ˈfɝtəlaɪzɚ/	n. 肥料	...farming without any purchased chemical, fertilizer or pesticide.	…不使用任何购买的化学品、肥料或杀虫剂的耕作。	同义：manure	同根：fertile 富饶的，肥沃的；能生育的；fertilizable 可受精的；可施肥的；fertile 肥沃，多产
lorry	/ˈlɔri/	n. 运货汽车， 卡车	Now and then they heard the roar of a heavy lorry.	他们不时听见一辆重型卡车的轰响声。	同义：truck, wagon	
carrier	/ˈkærɪɚ/	n. 运输工具， 运载工具； 带菌者； 载重架， 置物架	an international carrier	跨国运输公司	同义：vector, conveyor	同根：cart 二轮运货马车；cart 驾运货马车；用运货车运送；cart 用车装载
fragment	/ˈfræɡmənt/	v. 成碎片 n. 碎片，破片，碎块	the dangers of fragmenting the Health Service	医疗保健服务分崩离析的危险	同义：debris, chip	同根：fragmented 片断的；成碎片的；fragmentary 碎片的；不完全的；断断续续的；fragmental 破片的，碎片的；不完全的，零碎的
corresponding	/,kɔrəˈspɑndɪŋ/	adj. 相应的， 符合的	The war and the corresponding fall in trade have had a devastating effect on the country.	战争以及由此所导致的贸易量下降对这个国家产生了致命的影响。	同义：united, consistent, comparative, solid	同根：correspondingly 相应地，相对地；correspondence 通信；一致；相当；correspondent 通讯记者；客户；通信者；代理商行
response	/rɪˈspɑns/	n. 回答， 答复； 反应， 响应	His immediate response was one of disbelief.	他的第一反应是不相信。	同义：reaction, behavior, reception, reply	同根：responsible 负责的，可靠的；有责任的；respondent 回答的；应答的；responsive 响应的；应答的；回答的
treaty	/ˈtriti/	n. 条约， 协议， 协定	Both sides have agreed to sign the treaty .	双方都同意签署该条约。	同义：agreement, protocol, negotiation, understanding	同根：treat 请客；款待；treat 探讨；请客；协商；treat 治疗；对待；探讨；视为
responsive	/rɪˈspɑnsɪv/	adj. 响应的； 敏感的， 易受影响的	a car with highly responsive steering	方向盘操纵灵活的汽车	同义：answering	同根：respondent 回答的；应答的；response 响应；反应；回答；respond 应答；唱和
ounce	/aʊns/	n. 盎司	How to pronounce the noun "ounce" in the announcement?	布告中的名词“盎司“怎样发音?。	同义：bit, tad	
emit	/ɪˈmɪt/	vt. 散发； 发射； 发表	The kettle emitted a shrill whistle.	水壶发出了刺耳的鸣笛声。	同义：deliver, ray	同根：emitting 发出，散发；发射；emitter 发射器，发射体；emitting 散发；喷出（emit的现在分词）
category	/ˈkætəɡɔri/	n. 种类， 类， 类别	people in the over-45 age category	属45岁以上年龄组的人	同义：variety, classification, kind, manner	同根：categorical 绝对的（名词categoricalness，副词categorically，异体字categoric）；直接了当的；无条件的；属于某一范畴的；categorized 分类的；categorial 范畴的；范围的（等于categoreal）
rival	/ˈraɪvl/	adj. 竞争的，对抗的 n. 竞争对手，敌手；可与匹敌的人 vt. 与 …竞争； 与…匹敌， 比得上	He is, in effect, my rival.	实际上他是我的竞争对手。	同义：equal, comparative, opponent, match	同根：rivalrous 敌对性的；有竞争性的；rivalry 竞争；对抗；竞赛
intend	/ɪnˈtɛnd/	vt. 想要， 打算； 意思是； 打算使	Maybe he intends to leave her.	也许他打算离开她。	同义：feel like, propose, wanna, think	同根：intended 故意的，有意的；打算中的；intended 已订婚者；intended 打算；准备（intend的过去分词）
snap	/snæp/	v. 咔嚓折断，啪地绷断；吧嗒一声；猛咬；厉声说话，怒声责骂 adj. 仓促的， 突然的 n. 吧嗒声；快照	A twig snapped under my feet.	一根细枝在我脚下嚓一声断开了。	同义：pull cut, bite, gnaw at, splutter	同根：snappy 厉声说话的；生气勃勃的；时髦的；爽快的；snappish 厉声说话的；暴躁的；snapper 鲷鱼；揿钮；咬人的狗；暴燥的人
