en	phonetic	cn	example	exampleCn	synonym	root
academic	/,ækəˈdɛmɪk/	adj. 学院的；学术的；纯理论的，不切实际的 n.  大学教师	He possessed no academic qualifications.	他没有学历。	同义：theoretical, undergraduate	同根：academically  学术上；学业上；academy  学院；研究院；学会；专科院校；academia  学术界；学术生涯
abundant	/əˈbʌndənt/	adj.  丰富的， 富裕的； 大量的， 充足的	an abundant supply of fresh water	充足的淡水供应	同义：full	同根：abundantly  丰富地；大量地；abundance  充裕，丰富
accommodate	/əˈkɑmədet/	vt.  容纳； 向…提供住处； 使适应， 顺应	He bought a huge house to accommodate his library.	他买了一座大房子来放他的藏书。	同义：adapt, adjust	同根：accommodating  随和的；乐于助人的；肯通融的；accommodative  适应的；[自] 调节的；予以方便的；随和的（等于accommodating）；accommodation  住处，膳宿；调节；和解；预订铺位
advocate	/ˈædvəkeɪt；-et/	vt.  拥护， 提倡， 主张 n.  拥护者， 提倡者； 辩护者， 律师	Extremists were openly advocating violence.	极端主义者公开鼓吹使用暴力。	同义：maintain, prophet	同根：advocacy  主张；拥护；辩护；advocator  提倡者，拥护者
ambiguous	/æmˈbɪɡjuəs/	adj.  引起歧义的， 模棱两可的， 含糊不清的	The language in the Minister’s statement is highly ambiguous.	部长的声明措辞很含糊。	同义：blurred	同根：ambiguously  含糊不清地
analyze	/ˈænəlaɪz/	v. 分析	We need to analyze the data carefully.	我们需要仔细分析数据。		
anticipate	/ænˈtɪsəˈpet/	vt.  预料， 预期， 期望； 先于…行动， 提前使用	Sales are better than anticipated.	销量比预期要好。	同义：hope	同根：anticipated  预期的；期望的；anticipatory  预期的；提早发生的；期待着的；anticipant  期望的
authentic	/ɔˈθɛntɪk/	adj.  真的， 真正的； 可靠的， 可信的	an authentic account	真实可信的说法	同义：actual	同根：authentically  真正地，确实地；可靠地；authentication  证明；鉴定；证实；authenticity  真实性，确实性；可靠性
coherent	/koˈhɪrənt/	adj.  条理清楚的， 连贯的； 一致的， 协调的	The three years of the course are planned as a coherent whole.	这三年的课程是作为连贯的整体来安排的。	同义：united	同根：coherently  连贯地；前后一致地；条理清楚地；互相偶合地；凝聚性地；cohesion  凝聚；结合；[力] 内聚力；coherence  一致；连贯性；凝聚
comprehensive	/ˌkɑːmprɪˈhensɪv/	adj.  广泛的； 综合的； 理解的	We offer our customers a comprehensive range of financial products.	我们为客户提供全面的金融产品。	同义：extensive	同根：comprehensible  可理解的；comprehensively  包括地；包括一切地；comprehension  理解；包含
concentrate	/ˈkɑnsnˈtret/	v. 全神贯注，全力以赴；集中，聚集；浓缩 n.  浓缩物， 浓缩液	Construction of the aircraft is being concentrated at Prestwick.	飞机制造正在向普雷斯特威克集中。	同义：focus, centre, compression	同根：concentrated  集中的；浓缩的；全神贯注的；concentration  浓度；集中；浓缩；专心；集合；concentricity  同心；集中性
confront	/kənˈfrʌnt/	vt.  迎面遇到， 遭遇； 勇敢地面对， 正视； 使对质， 使当面对证	The problems confronting the new government were enormous.	新政府面临的难题是巨大的。	同义：front	同根：confrontational  对抗的；对抗性的；confrontation  对抗；面对；对质
crucial	/ˈkrʊʃəl/	adj.  至关重要的， 决定性的	The conservation of tropical forests is of crucial importance .	保护热带雨林至关重要。	同义：important	同根：crucially  关键地；至关重要地
deteriorate	/dɪˈtɪrɪəret/	vi.  恶化， 变坏	Ethel’s health has deteriorated.	埃塞尔的健康状况恶化了。	同义：go ill, go ill	同根：deterioration  恶化；退化；堕落；deteriorator  堕落者
efficient	/ɪˈfɪʃnt/	adj.  效率高的； 有能力的	a very efficient secretary	效率高的秘书	同义：able	同根：efficacious  有效的；灵验的；efficiently  有效地；效率高地（efficient的副词形式）；efficaciously  有效地；灵验地
elaborate	/ɪˈlæbəret/	adj.  复杂的； 精心制作的 v.  详述， 详细制定	pure silks embroidered with elaborate patterns	绣有精美图案的真丝衣服	同义：detailed, tailor-make, thicken	同根：elaborately  精巧地；苦心经营地；elaboration  苦心经营，精巧；详细阐述；elaborateness  尽心竭力
enhance	/ɪnˈhæns/	vt.  提高， 增加， 加强	Good lighting will enhance any room.	良好的照明能给房间增色不少。	同义：raise	同根：enhanced  加强的；增大的；enhancive  加强的；增加的；enhancement  增加；放大
facilitate	/fəˈsɪləˈtet/	vt.  使…变得容易， 使便利			同义：promote	同根：facilitative  使便利的；facility  设施；设备；容易；灵巧；facilitator  服务商；促进者
inevitable	/ɪnˈɛvɪtəbl/	adj.  不可避免的， 必然的	A further escalation of the crisis now seems inevitable.	危机的进一步升级现在看来已不可避免。	同义：certain	同根：inevitably  不可避免地；必然地；inevitability  必然性；不可逃避
innovative	/ˈɪnəveɪtɪv/	adj. 创新的	The company is famous for innovative products.	这家公司以创新产品闻名。		
abolish	/əˈbɑlɪʃ/	vt.  彻底废除， 废止	Slavery was abolished in the US in the 19th century.	美国于19世纪废除了奴隶制。	同义：recall	同根：abolishable  可废止的；可废除的；abolition  废除；废止；abolitionist  废奴主义者；废除主义者
abstract	/ˈæbstrækt/	adj. 抽象的，抽象派的 n. 摘要，梗概；抽象派艺术作品	By the age of seven, children are capable of thinking in abstract terms .	儿童到了七岁就具有抽象思维的能力。	同义：brief, deep, extract	同根：abstracted  心不在焉的；出神的；分离出来的；抽出的；abstractionist  抽象派艺术的；abstractive  摘要式的；具有抽象能力的
absurd	/əbˈsɝ​d/	adj.  荒谬的， 荒唐的	It seems an absurd idea.	这似乎是个荒唐的想法。	同义：ridiculous	同根：absurdly  荒谬地；愚蠢地；悖理地；absurdity  荒谬；谬论；荒谬的言行；absurdness  荒谬；愚蠢；不合理
accelerate	/əkˈsɛləˌret/	vt.  使加快， 使增速	measures to accelerate the rate of economic growth	加快经济增长速度的措施	同义：improve	同根：accelerated  加速的；加快的；accelerating  促进的，[物] 加速的；催化的；accelerative  加速的；促进的；催促的
accumulate	/əˈkjumjəlet/	v.  积累， 堆积	It is unjust that a privileged few should continue to accumulate wealth.	少数特权阶级继续积聚财富，这是不公平的。	同义：store up, scrape up	同根：accumulated  累积的；累计的；达到；accumulative  累计的；累积的；积聚而成的；accumulation  积聚，累积；堆积物
acknowledge	/əkˈnɑlɪdʒ/	vt.  承认， 承认…的权威； 告知收到， 确认； 对…表示谢意， 报偿	The family acknowledge the need for change.	全家人都承认需要改变一下。	同义：accept	同根：acknowledged  公认的；被普遍认可的；acknowledgement  承认；确认；感谢；acknowledgment  感谢；承认；承认书
acute	/əˈkjut/	adj.  严重的； 急性的； 灵敏的， 敏锐的； 精明的	The housing shortage is more acute than first thought.	住房短缺情况比一开始想的要严重。	同义：serious	同根：acutely  尖锐地；剧烈地；acuteness  剧烈；敏锐；锐利
adhere	/ədˈhɪr/	vi.  黏附， 附着； 遵守； 坚持； 追随， 支持	All members of the association adhere to a strict code of practice.	所有该协会的成员都遵守严格的业务守则。	同义：stay	同根：adherent  附着的；粘着的；adherence  坚持；依附；忠诚；adherent  信徒；追随者
adjacent	/əˈdʒesnt/	adj.  邻近的， 毗连的	We stayed in adjacent rooms.	我们住在毗连的房间里。	同义：nearby	
aesthetic	/esˈθetɪk; ɛsˈθɛtɪk/	adj.  美学的， 审美的； 悦目的， 雅致的	From an esthetic point of view, it’s a nice design.	从美学角度看，这是个不错的设计。	同义：esthetical	同根：aesthetical  审美的；美学的；有审美感的；aesthetically  审美地；美学观点上地；aesthetics  美学；美的哲学
aggravate	/ˈæɡrəvet/	vt.  加重， 加剧， 使恶化； 激怒， 使恼火	Their money problems were further aggravated by a rise in interest rates.	由于利率上调，他们的财务问题更加严重。	同义：anger	同根：aggravated  加重的；恶化的；aggravating  加重的；令人恼怒的；aggravation  加剧；激怒；更恶化
alleviate	/əˈlivɪˈet/	vt.  减轻； 缓解， 缓和	measures to alleviate poverty	扶贫措施	同义：moderate	同根：alleviative  减轻的；缓解的；alleviation  缓和；镇痛物；alleviative  缓和剂；使减轻之物
allocate	/ˈæləket/	vt.  分配； 分派， 把…拨给	Tickets are limited and will be allocated to those who apply first.	票数有限，将分配给那些先申请的人。	同义：portion, parcel out	同根：allocable  可拨出的；可分配的；allocation  分配，配置；安置；allocator  分配算符
amend	/əˈmɛnd/	vt. 修改，修订，改进 n.  赔罪， 赔偿	The law was amended to include women.	该法律经修改把女性也包括在内。	同义：modify, go straight	同根：amendable  可修正的；amendatory  改正的，修正的；amendment  修正案；改善；改正
ample	/ˈæmpl/	adj. 充足的	We have ample time to prepare.	我们有充足的时间准备。		
amplify	/ˈæmplɪfaɪ/	vt.  放大， 增强； 扩大； 详述， 进一步阐述	an amplified guitar	带有扩音设备的电吉他	同义：extend, expand on	同根：amply  充足地；广大地；amplifier  [电子] 放大器，扩大器；扩音器；amplification  [电子] 放大（率）；扩大；详述
analogy	/əˈnælədʒi/	n.  比拟； 类比， 类推	The analogy between music and fragrance has stuck.	音乐与香味的类比已经深入人心了。	同义：similarity	同根：analog  [自] 模拟的；有长短针的；analogous  类似的；[昆] 同功的；可比拟的；analogue  类似的；相似物的；模拟计算机的
anonymous	/əˈnɑnəməs/	adj.  无名的， 不具名的； 匿名的； 无特色的， 无个性特征的	the anonymous author of a collection of poems	一本诗集的佚名作者	同义：faceless	同根：anonymously  不具名地；化名地；anonymity  匿名；匿名者；无名之辈；anonym  假名；匿名者；化名
applaud	/əˈplɔd/	vi. 鼓掌，喝彩 vt.  向…鼓掌， 向…喝彩； 称赞， 赞许	The audience applauded loudly.	观众掌声雷动。	同义：go along with, cheer for	
arbitrary	/ˈɑːrbətreri/	adj.  随心所欲的； 专断的	an arbitrary decision	武断的决定	同义：artificial	同根：arbitrarily  武断地；反复无常地；专横地；arbitrariness  任意，恣意；专断；霸道
articulate	/ɑrˈtɪkjulet/	adj.  善于表达的， 发音清晰的； 表达得清楚有力的 vt.  明确有力地表达； 清楚地吐， 清晰地发	bright, articulate 17-year-olds	聪明伶俐的17岁少年	同义：pronounce, enunciative	同根：articulated  铰接式的；清晰的；组织缜密的；有关节的；articulatory  关节的；分节的；发音清晰的；articular  [解剖] 关节的
ascend	/əˈsɛnd/	vi. 渐渐上升，升高 vt.  攀登， 登上	The plane ascended rapidly.	飞机迅速爬升。	同义：raise, scale	同根：ascending  上升的；ascendant  上升的；优越的；ascendent  上升的；占优势的
ascribe	/əˈskraɪb/	vt.  把…归因于， 把…归属于	An autopsy eventually ascribed the baby's death to sudden infant death syndrome.	一次尸检最终把这名婴儿的死亡归因于婴儿猝死综合症。	同义：blame	同根：ascribable  可归于...的
assault	/əˈsɔlt/	n.  攻击， 袭击	The refugee camp came under assault again last night.	昨晚难民营再次遭袭。	同义：attack, hit, descend on	同根：assaultive  喜好攻击的；assaulter  殴打者；攻击者
assert	/əˈsɝt/	vt.  肯定地说， 断言； 维护， 坚持； 坚持己见	French cooking, she asserted, is the best in the world.	她坚称法国菜是世界上最好的。	同义：maintain	同根：assertive  肯定的；独断的；坚定而自信的；asserted  宣称的；声称的；assertable  可断言的
avert	/əˈvɝt/	vt.  防止， 避免； 转移	The tragedy could have been averted if the crew had followed safety procedures.	如果乘务人员按照安全规则操作，这场悲剧是可以避免的。	同义：escape	同根：avertable  可避开的；可防止的；avertible  可避免的，可防止的
bleak	/bliːk/	adj. 荒凉的；黯淡的	The future looked bleak then.	那时前途看起来黯淡。		
boost	/bʊst/	v.  推动， 促进， 激励； 替…做广告， 宣扬； 提高， 使增长 n. 提高，增长；推动，激励	The new resort area has boosted tourism.	新的度假区促进了旅游业的发展。	同义：facilitate, pick pocket, assistance	同根：booster  升压机；支持者；扩爆器
brisk	/brɪsk/	adj.  轻快的， 生气勃勃的； 兴隆的， 繁忙活跃的； 寒冷而清新的	a brisk walk	轻快的行走	同义：alive, come alive	同根：briskly  迅速地；活泼地；尖刻地；briskness  活泼；轻快；敏捷
bulk	/bʌlk/	v.  变得越来越大； 使更大 n. 物体，体积；大批	The bulk of consumers are based in towns.	大多数消费者都是城镇居民。	同义：most of, exaggerate	同根：bulky  体积大的；庞大的；笨重的
bureaucracy	/bjʊˈrɑkrəsi/	n.  官僚主义， 官僚作风； 官僚机构； 官僚制度； 官僚	the reduction of unnecessary bureaucracy	消除不必要的官僚体制		同根：bureaucratic  官僚的；官僚政治的；bureaucratically  官僚主义地；bureaucrat  官僚；官僚主义者
catalyst	/ˈkætəlɪst/	n. 催化剂	The internet is a catalyst for change.	互联网是变革的催化剂。		
cater	/ˈketɚ/	vi.  满足需要， 迎合； 提供饮食及服务， 承办酒席	We cater to an exclusive clientele.	我们满足一个特殊客户群的需求。	同义：humor	同根：catering  给养；承办酒席；提供饮食及服务；caterer  备办食物者；承办酒席的人；筹备人；catering  备办食物（cater的ing形式）
cease	/siːs/	v. 停止	The rain ceased at midnight.	午夜时分雨停了。		
clarify	/ˈklærəfaɪ/	v. 澄清	Let me clarify the situation.	让我澄清一下情况。		
cling	/klɪŋ/	vi.  紧紧抓住； 黏着， 挨近； 依附， 依恋； 坚持， 墨守， 忠实于	Some children tend to cling on their first day at school.	有些小孩在上学第一天往往会有恋家的情绪。	同义：stay	
coincide	/,koɪnˈsaɪd/	vi.  同时发生； 相符， 相一致； 位置重合， 重叠	When our vacations coincided, we often holidayed together.	我们的假期要是凑巧赶在一起，我们常常会一同去度假。	同义：cotton	同根：coincident  一致的；符合的；同时发生的；coincidental  巧合的；符合的；暗合的；一致的；coincidentally  巧合地；一致地
collide	/kəˈlaɪd/	vi.  碰撞， 互撞； 冲突， 抵触	A car and a van collided on the motorway.	一辆汽车和一辆小型货车在高速公路上相撞了。	同义：hit	同根：collisional  碰撞引起的；collisionless  无碰撞的；collision  （意见，看法）的抵触，冲突
commence	/kəˈmɛns/	v.  开始	Work will commence on the new building immediately.	新大楼即将破土动工。	同义：institute	同根：commencement  开始，发端；毕业典礼
compensate	/ˈkɑmpɛnset/	v.  补偿， 弥补； 抵消	Because my left eye is so weak, my right eye has to work harder to compensate.	因为我左眼视力差，右眼就要辛苦点来弥补一下。	同义：make good, make good	同根：compensable  可补偿的；应予以补偿的；compensation  补偿；报酬；赔偿金
compile	/kəmˈpaɪl/	vt.  汇编； 编制， 编纂	The document was compiled by the Department of Health.	这份文件是由卫生部汇编的。	同义：to edit	同根：compilation  编辑；compiler  编译器；[计] 编译程序；编辑者，汇编者；compiling  [计] 编译
complement	/ˈkɑːmplɪment/	n. 补充，互为补充的东西；编制名额；装备定额；补语['kɒmplɪm3nt] vt.  补充， 与…相配	The green wallpaper is the perfect complement to the old pine of the dresser.	绿色墙纸是旧松木梳妆台的完美衬托。	同义：make up a loss	同根：complementary  补足的，补充的；complemental  补足的；补充的；补偿的；complementarity  互补性；补充；补足
comply	/kəmˈplaɪ/	vi.  遵从， 依从， 服从	The newspaper was asked by federal agents for assistance and agreed to comply.	联邦探员要求这家报社给予协助，报社同意配合。	同义：engage	
conceive	/kənˈsiv/	vi.  构想出， 设想； 怀孕 vt. 想出，认为；怀	Scientists first conceived the idea of the atomic bomb in the 1930’s.	在20世纪30年代，科学家第一次有了原子弹的设想。	同义：design, allow	
concise	/kənˈsaɪs/	adj.  简明的， 简要的	Your summary should be as clear and concise as possible.	你的总结应该尽可能地明白简洁。	同义：brief	同根：concisely  简明地，简洁地；conciseness  简明，简洁；切除；concision  简洁，简明
condemn	/kənˈdɛm/	vt.  谴责， 指责； 判…刑， 宣告…有罪	Politicians were quick to condemn the bombing.	政治家们立即对爆炸事件进行了谴责。	同义：denounce	同根：condemnatory  处罚的；非难的；定罪的；condemnable  该受责备的，应受谴责的；该罚的；应定罪的，该定罪的；condemnation  谴责；定罪；非难的理由；征用
confer	/kənˈfɝ/	vi. 商谈，商议 vt.  授予， 赋予	He conferred with Hill and the others in his office.	他和希尔以及他办公室里的其他人进行了商议。	同义：afford, arrange	同根：conference  会议；协商；讨论；联盟；conferment  （学位、荣誉的）授予；给予；商量；conferrer  授予者
confidential	/,kɑnfɪˈdɛnʃl/	adj.  秘密的， 机密的； 表示信任的； 担任机密工作的	a confidential government report	一份机密的政府报告	同义：classified	同根：confidence  （美）诈骗的；骗得信任的；confidentially  秘密地；作为心腹话地；confidingly  信任地
conform	/kənˈfɔrm/	vi.  遵守， 适应； 顺从； 相似， 一致， 符合	the pressure on schoolchildren to conform	小学生要顺应社会的压力	同义：accord, accord, united	同根：conformable  一致的；顺从的；适合的；conformably  顺从地；一致地；conformity  一致，适合；符合；相似
consecutive	/kənˈsɛkjətɪv/	adj.  连续的， 连贯的	It had rained for four consecutive days.	雨接连下了四天。	同义：connected	同根：consecutively  连续地
consensus	/kənˈsɛnsəs/	n.  一致， 一致同意	The EU Council of Finance Ministers failed to reach a consensus on the pace of integration.	欧盟财政部长会议未能就一体化的进度达成共识。	同义：accordance	同根：consentaneous  同意的，一致的；consent  同意；（意见等的）一致；赞成；consent  同意；赞成；答应
consolidate	/kənˈsɑlɪdet/	v.  巩固， 加强； 联为一体， 合并	The company has consolidated its position as the country’s leading gas supplier.	这家公司巩固了作为该国主要煤气供应商的地位。	同义：cement, build up	同根：consolidated  巩固的；统一的；整理过的；consolidation  巩固；合并；团结；consolidator  集运商；并装业者
conspicuous	/kənˈspɪkjʊəs/	adj.  显眼的， 明显的	The notice must be displayed in a conspicuous place.	通告一定要贴在显眼的地方。	同义：obvious	同根：conspicuously  显著地，明显地；超群地，惹人注目地；conspicuousness  显而易见；惹人注目；突出
constrain	/kənˈstren/	vt.  限制， 约束； 克制， 抑制	Poor soil has constrained the level of crop production.	贫瘠的土地限制了农作物的产量。	同义：chain	同根：constrained  拘泥的；被强迫的；不舒服的；constrainedly  勉强地；强迫地；不自然地；constraint  [数] 约束；局促，态度不自然；强制
contaminate	/kənˈtæmɪnet/	vt.  弄脏， 污染	Drinking water supplies are believed to have been contaminated.	据信饮用水已受到污染。	同义：soil	同根：contaminated  受污染的；弄脏的；contaminative  污损的；弄脏了的；contamination  污染，玷污；污染物
contemplate	/ˈkɑntəmplet/	vt.  盘算， 计议； 思量， 对…周密考虑； 注视， 凝视	He had even contemplated suicide.	他甚至想过自杀。	同义：watch, puzzle	同根：contemplative  沉思的；冥想的；默想的；contemplation  沉思；注视；意图
contempt	/kənˈtɛmpt/	n.  轻视， 蔑视	The public is treated with contempt by broadcasters.	公众受到了节目主持人的轻蔑对待。	同义：despite	同根：contemptible  可鄙的；卑劣的；可轻视的
contradict	/ˈkɑntrəˈdɪkt/	vt.  反驳， 否认…的真实性； 与…发生矛盾， 与…抵触	Deborah opened her mouth to contradict, but closed it again.	黛博拉张口想要反驳，但又把嘴闭上了。	同义：negative, deny	同根：contradictory  矛盾的；反对的；反驳的；抗辩的；contradictorily  矛盾地；反驳地；逆；contradiction  矛盾；否认；反驳
contrive	/kənˈtraɪv/	vt.  谋划， 策划； 设法做到； 设计， 想出	The lawsuit says oil companies contrived the oil shortage in the 1970s.	诉讼中说，是石油公司策划了20世纪70年代的油荒。	同义：design, to see that	同根：contrived  人为的；做作的；不自然的；contrivance  发明；发明物；想出的办法；计谋；contriver  发明者；创制者；筹划者
controversy	/ˈkɑntrəvɝ​sɪ/	n.  争论， 辩论	a political controversy	政治争议	同义：combat	同根：controversial  有争议的；有争论的；controversially  颇有争议地；引起争议地；controvert  争论；辩论
converge	/kənˈvɝdʒ/	vi.  会合， 互相靠拢； 聚集， 集中； 趋近	The two rivers converge into one near Pittsburgh.	这两条河在匹兹堡附近汇合。	同义：group, cluster	同根：convergent  [数] 收敛的；会聚性的；趋集于一点的；converging  会聚的，收敛；convergence  [数] 收敛；会聚，集合
cordial	/ˈkɔrdʒəl/	adj.  热情友好的， 热诚的	The talks were conducted in a cordial atmosphere.	会谈在友好的气氛中进行。	同义：genuine, a shot in the arm	同根：cordially  诚挚地，诚恳地；友善地；cordiality  热诚；真挚
criterion	/kraɪˈtɪriən/	n.  标准， 准则	the criteria we use to select candidates	我们挑选候选人的标准	同义：standard	
culminate	/ˈkʌlmɪnet/	vi.  告终	They had an argument, which culminated in Tom getting drunk.	他们发生了争论，结果导致汤姆喝醉了酒。	同义：top, fulfill	同根：culmination  顶点；高潮
customary	/ˈkʌstəˈmɛri/	adj.  习惯上的， 惯常的， 合乎习俗的	Barbara answered with her customary enthusiasm.	芭芭拉以惯有的热情作了回答。	同义：usual	同根：custom  定制的，定做的；customarily  通常，习惯上；custom  习惯；风俗；海关
deceive	/dɪˈsiv/	vi.  行骗 vt. 欺骗，蒙蔽	He had been deceived by a young man claiming to be the son of a millionaire.	他被一个自称是百万富翁之子的年轻人骗了。	同义：take in sb	
deduce	/dɪˈdʊs/	vt.  推论， 推断， 演绎	Alison cleverly deduced that I was the author of the letter.	艾莉森聪明地推断出我是这封信的作者。	同义：understand	同根：deductive  演绎的；推论的；推断的；deducible  可推论的；deduction  扣除，减除；推论；减除额
deem	/dim/	vt.  认为， 视为	French and German were deemed essential.	法语和德语被认为是必需的。	同义：count, consider	
deficiency	/dɪˈfɪʃənsi/	n.  缺乏， 不足； 缺点， 缺陷	They did blood tests on him for signs of vitamin deficiency.	他们给他做了血检看是否有缺乏维生素的迹象。	同义：defect	同根：deficient  不足的；有缺陷的；不充分的；deficit  赤字；不足额
deflect	/dɪˈflekt/	v. 使转向	The shield deflected the arrow.	盾牌挡开了箭。		
degrade	/dɪˈɡred/	vt.  降低…的身份， 有辱…的人格； 使降解， 使退化	a movie that degrades women	贬损女性的影片	同义：lower, sink in the scale	同根：degraded  退化的；堕落的；被降级的；degrading  可耻的；丧失体面的；不名誉的；degradation  退化；降格，降级；堕落
deliberate	/dɪˈlɪbərət/	adj.  故意的， 蓄意的； 慎重的， 深思熟虑的 v.  仔细考虑， 思考	a deliberate attempt to humiliate her	对她的故意羞辱	同义：intended, negotiate	同根：deliberative  审议的；慎重的；deliberately  故意地；谨慎地；慎重地；deliberation  审议；考虑；从容；熟思
denote	/dɪˈnot/	vt.  意思是； 表示， 是…的标志	What does the word ‘curriculum’ denote that ‘course’ does not?	curriculum一词的哪些含义是course没有的？	同义：bid	同根：denotative  外延的；指示的；denotation  符号；表示；意义；指示
deprive	/dɪˈpraɪv/	vt.  剥夺， 使丧失	They've been deprived of the fuel necessary to heat their homes.	他们无法得到住房取暖必需的燃料。	同义：shear	同根：deprivation  剥夺；损失；免职
derive	/dɪˈraɪv/	vi.  起源， 衍生 vt. 取得，得到；追溯…的起源或来由	The name Anastasia is derived from a Greek word meaning "of the resurrection."	阿纳斯塔西娅这个名字是从一个意为“复活”的希腊词语衍生而来的。	同义：to originate	同根：derived  导出的；衍生的，派生的；derivational  得来的；诱导的；derivation  引出；来历；词源
descend	/dɪˈsɛnd/	vi. 下来，下降 vt.  走下， 爬下	Our plane started to descend.	我们的飞机开始下降。	同义：decline	同根：descendant  下降的；祖传的；descending  下降的；下行的；descendant  后裔；子孙
designate	/ˈdɛzɪɡnet/	vt.  指派， 委任； 标出； 把…定名为	Buildings are designated by red squares on the map.	在地图上建筑物用红色方块标明。	同义：specify, assigned	同根：designated  指定的；特指的；designer  由设计师专门设计的；享有盛名的；赶时髦的；designative  指定的；指明的；指名的
despise	/dɪˈspaɪz/	vt.  鄙视， 看不起	She despised her neighbours.	她看不起她的邻居。	同义：slight	同根：despised  受轻视的；despised  轻视（despise的过去分词）；看不起
detach	/dɪˈtætʃ/	vt.  拆卸； 使分开， 使分离	Please detach and fill out the application form.	请撕下申请表并填好。	同义：mission	同根：detached  分离的，分开的；超然的；detachable  可分开的；可拆开的；可分遣的；detachment  分离，拆开；超然；分遣；分遣队
diminish	/dɪˈmɪnɪʃ/	vi. 变少，变小，降低 vt.  减少， 减小， 降低	The party’s share of the electorate has diminished steadily.	支持这个政党的选民比例持续下降。	同义：micrify, to cut down	同根：dim  暗淡的，昏暗的；模糊的，看不清的；悲观的，怀疑的；diminished  减弱的；减退了的；dim  笨蛋，傻子
cancel	/ˈkænsl/	vt.  取消， 撤销， 删去	Our flight was cancelled.	我们的航班取消了。	同义：recall, call it off, withdrawal	同根：cancellation  取消；删除
numerous	/ˈnumərəs/	adj.  众多的	Numerous attempts have been made to hide the truth.	为掩盖事实作了很多尝试。	同义：many	同根：numerousness  多数
surgeon	/ˈsɝdʒən/	n.  外科医生	...a heart surgeon.	…一位心脏外科医生。	同义：sawbones	同根：surgical  外科的；手术上的；surgically  如外科手术般地；surgery  外科；外科手术；手术室；诊疗室
analyse	/ˈæn(ə)laɪz/	vt.  分析； 分解， 解析	She still needs to analyse the data.	她仍需要分析这些数据。	同义：study	同根：analytical  分析的；解析的；善于分析的；analytic  分析的；解析的；善于分析的；analyzable  可分析的
abrupt	/əˈbrʌpt/	adj.  突然的， 意外的； 唐突的， 鲁莽的	an abrupt change of plan	计划的突然改变	同义：sudden	同根：abruptly  突然地；唐突地；abruptness  突然；唐突；粗鲁无理；急缓度
spacious	/ˈspeʃəs/	adj.  宽广的， 宽敞的	a spacious living area	宽敞的居住空间	同义：extensive	同根：spacy  广大的；宽大的；spaciously  广大地；宽敞地；spaciousness  宽敞；宽广
disapproval	/ˈdɪsəˈprʊvl/	n.  不赞成	His action had been greeted with almost universal disapproval.	他的行动遭到了几乎一致的反对。	同义：disfavour	同根：disapproving  反对的；不赞成的；disapprovingly  不以为然地；非难地；不赞成地；disapproving  不赞成；不同意（disapprove的ing形式）
spontaneous	/spɑnˈtenɪəs/	adj.  自发的， 无意识的； 自然的， 天真率直的	The crowd gave a spontaneous cheer.	人群自发地欢呼起来。	同义：autonomous	同根：spontaneously  自发地；自然地；不由自主地；spontaneity  自发性；自然发生；spontaneousness  自然；任意
remote	/rɪˈmot/	adj.  遥远的， 偏僻的； 关系疏远的； 脱离的； 绝少的； 微乎其微的； 孤高的， 冷淡的	a remote border town	一个偏远的边境小镇	同义：distant	同根：remotely  遥远地；偏僻地；remoteness  遥远；偏僻；细微；时间久远
cafeteria	/,kæfəˈtɪrɪə/	n.  自助餐馆， 自助食堂	the school cafeteria	学校餐厅	同义：self-service restaurant	
rupture	/ˈrʌptʃɚ/	v.  破裂 n. 破裂，裂开；决裂，断绝	The pipe will rupture at its weakest point.	管道最薄弱的地方会破裂的。	同义：fracture, fracture, crack	同根：ruptured  破裂的；ruptured  rupture（rupture的过去分词）
wreck	/rɛk/	n. 失事，残骸；精神或身体已垮的人 vt.  破坏	He was still alive when they pulled him from the wreck.	他们把他从失事的车辆中拖出来时，他还活着。	同义：destruction, destroy	同根：wrecked  失事的（船）；迷幻的，兴奋的；wreckage  （失事船或飞机等的）残骸；（船只等的）失事；wrecker  使船失事的人，肇事者；失事现场清理人；打捞船
virgin	/ˈvɝdʒɪn/	adj.  未经开发的， 未经使用的， 未经触动的； 处女的 n. 处女，未婚女子	Within 40 years there will be no virgin forest left.	过不了40年原始森林将所剩无几。	同义：stainless, Parthenos	同根：virginal  处女的；无瑕的；virginity  童贞；处女；纯洁；virginal  十六、七世纪的小型有键乐器
afflict	/əˈflɪkt/	vt.  使苦恼， 折磨			同义：harry	同根：afflictive  难受的；苦恼的；给人痛苦的；affliction  苦难；苦恼；折磨
reproach	/rɪˈprotʃ/	n&vt.  责备， 批评	‘You don’t need me,’ she said quietly, without reproach.	“你不需要我。”她语气平静，没有丝毫责备。	同义：blame, blame for	同根：reproachful  责备的；申斥的；非难的；reproachless  无可非议的；无可非难的；reproachfully  责备地
fluctuate	/ˈflʌktʃʊˈet/	vi.  波动， 涨落， 起伏	Insect populations fluctuate wildly from year to year.	昆虫的数量每年变化很大。	同义：wave motion, destabilize	同根：fluctuating  波动的；变动的；fluctuation  起伏，波动；fluctuating  波动（fluctuate的ing形式）
compartment	/kəmˈpɑrtmənt/	n.  卧车包房， 隔间； 分隔的空间	The bag is divided into separate compartments .	这个包有一些独立的隔层。	同义：to divide	同根：compartmental  区划的，分为若干部分的；compart  间隔；compartmentalization  划分；区分
gloomy	/ˈɡlumi/	adj.  忧郁的， 沮丧的； 令人沮丧的； 昏暗的， 阴沉的	The report paints a gloomy picture of the economy.	这篇报告描绘了一幅惨淡的经济现状。	同义：dark	同根：gloomily  沮丧地；黑暗地；阴沈地；gloom  忧郁；阴暗；gloominess  黑暗；沮丧
kidnap	/ˈkɪdnæp/	n.  绑架， 诱拐	Stewart denies attempted murder and kidnap.	斯图尔特否认有谋杀和绑架的企图。	同义：spirit	同根：kidnapper  绑匪；诱拐者；kidnaper  绑匪；拐子
warrant	/ˈwɔrənt/	n. 授权令；理由，根据 vt.  证明…是正当的	There is no warrant for copying other people’s work.	剽窃他人作品毫无道理。	同义：authentication, assure	同根：warranted  保证的；担保的；warranty  保证；担保；授权；（正当）理由；warrantee  被保证人；被担保人
calculate	/ˈkælkjulet/	v.  计算， 推算； 计划， 打算	These instruments calculate distances precisely.	这些仪器计算距离非常精确。	同义：figure, expect	同根：calculated  计算出的；适合的；有计划的；calculating  计算的；深谋远虑的；审慎的；calculable  可计算的；能预测的；可靠的
persistent	/pəˈzɪstənt/	adj.  坚持不懈的， 执意的； 持续的	persistent rumours	持续流传的谣言	同义：fixed	同根：persistently  坚持地；固执地；perseverance  坚持不懈；不屈不挠；persistence  持续；固执；存留
authorize	/ˈɔθəraɪz/	vt.  授权， 批准	an authorized biography	授权传记	同义：confirm	同根：authorized  经授权的；经认可的；authorization  授权，认可；批准，委任；authorizer  核准人；授权人
sake	/sek/	n.  缘故， 理由	He moved to the seaside for the sake of his health.	他为了健康而迁居海滨。	同义：goals	
audience	/ˈɔdɪəns/	n.  听众， 观众； 读者	The audience began clapping and cheering.	观众开始鼓掌欢呼。	同义：reader	
rehearsal	/rɪˈhɝsl/	n.  排练， 排演	a wedding rehearsal	婚礼的预演	同义：relation	同根：rehearse  排练；演习；rehearse  排练；预演
sniff	/snɪf/	v. 以鼻吸气，用力吸入；嗅，闻 n.  吸气； 嗅， 闻	Margaret sniffed miserably and nodded.	玛格丽特可怜地抽泣着点了点头。	同义：smell, smell, suction	同根：sniffy  嗤之以鼻的；自命不凡的；微臭的；sniffer  嗅探器；嗅探犬；以鼻吸毒者
narrative	/ˈnærətɪv/	n.  叙述文， 故事； 叙述， 讲述	At several points in the narrative the two stories cross.	叙述中两条故事线多次交织在一起。	同义：relation, related	同根：narrator  叙述者；解说员；narration  叙述，讲述；故事；narrate  叙述；讲述
possess	/pəˈzɛs/	vt.  占用， 拥有	Different workers possess different skills.	不同的工人拥有不同技能。	同义：contain	同根：possessive  占有的；所有的；所有格的；占有欲强的；possession  拥有；财产；领地；自制；着迷；possessive  所有格
neutral	/ˈnʊtrəl/	adj.  中立的， 中性的	I always tried to remain neutral when they started arguing.	他们争论起来的时候我总是努力保持中立。	同义：indifferent, fence-sitter	同根：neuter  中性的；不及物的；无性的；neutralized  中立化的；neutrality  中立；中性；中立立场
scratch	/skrætʃ/	v. 抓，搔，扒；刮擦，刻划 n.  抓痕， 划痕； 抓， 搔， 刮	John yawned and scratched his leg.	约翰打了个呵欠，挠了挠腿。	同义：abrasion, hit-and-miss, paw, grasp	同根：scratchy  潦草的；刺痒的；草率的；发刮擦声的；scratcher  抓扒者；抓扒工具
analysis	/əˈnæləsɪs/	n.  分析， 分析报告； 分解， 解析	She’s been in analysis for three years.	她接受精神分析治疗已经三年了。	同义：decomposition	同根：analytical  分析的；解析的；善于分析的；analytic  分析的；解析的；善于分析的；analyzable  可分析的
devise	/dɪˈvaɪz/	vt.  设计， 发明	She devised a method for quicker communications between offices.	她想出一种加快办公室之间通信联络的方法。	同义：design, legacy	同根：devisal  设计；发明；策划；devisee  受遗赠者；deviser  设计者
cooperative	/koˈɑpərətɪv/	adj. 有合作意向的，乐意合作的；合作的，协作的 n.  合作社， 合作商店	He was doing his best to be cooperative.	他在尽全力配合。	同义：coefficient, artel	同根：cooperatively  合作地；cooperation  合作，协作；[劳经] 协力；cooperator  合作者；合作社社员
triple	/ˈtrɪpl/	adj. 三部分的，三方的；三倍的，三重的 v.  增至三倍	a triple murder investigation	对一宗三重谋杀案的调查	同义：trinary, ternion, trifold, treble	同根：tripling  群交；triplicity  三倍；三位一体；三个一幅；tripling  使增至三倍；增至三倍（triple的ing形式）
clutch	/klʌtʃ/	vi. 企图抓住 vt. 抓紧，紧握 n.  离合器； 掌握， 控制； 把握， 抓紧	He clutched at a pillar for support.	他猛地抓住一根柱子作支撑。	同义：control, grasp	
temper	/ˈtɛmpɚ/	n. 韧度；心情，情绪 vt.  调和， 使缓和； 回火	Pete hit his brother in a fit of temper .	皮特一气之下打了他弟弟。	同义：tendency, comfort, pop back	同根：tempered  缓和的，温和的；调节的；有…气质的；temperamental  喜怒无常的；性情的；易兴奋的；temperance  温暖的；有节制的
grope	/ɡrop/	vi. 暗中摸索，搜索；探索，搜寻 vt.  摸索	With his left hand he groped for the knob, turned it, and pulled the door open.	他用左手摸索到门把手，转动把手，把门拉开。	同义：explore, feel about, feel	同根：groping  探索的；暗中摸索的；gropingly  摸索着；暗中摸索地；groping  摸索（grope的ing形式）
rejoice	/rɪˈdʒɔɪs/	vi.  感到高兴， 充满喜悦	Garbo plays the queen, rejoicing in the love she has found with Antonio.	嘉宝饰演沉浸在与安东尼奥爱情的欣喜中的王后。	同义：pleasure, glad	同根：rejoicing  高兴；欣喜；庆祝；rejoicing  使欣喜（rejoice的ing形式）；感到高兴
frantic	/ˈfræntɪk/	adj.  慌乱不安的； 发疯似的， 发狂的	I spent three frantic days trying to get everything ready.	我花了三天时间手忙脚乱地做准备。	同义：crazy	同根：frantically  疯狂似地；狂暴地
tickle	/ˈtɪkl/	vi. 发痒 vt. 使发痒；使高兴，逗乐 n.  痒	Stop tickling me!	别挠我痒痒！	同义：please	同根：ticklish  不安定的，不稳定的；难对付的；易倒的；易痒的；忌讳的；ticker  滴答响的东西；自动收报机；钟表；断续器；tickler  难题；使人痒的东西或人；备忘录；使人高兴的人或物
object	/ˈɑbdʒɛkt/	vi.  反对， 不赞成 n.  实物， 物体； 目的， 目标； 对象， 客体； 宾语	If no one objects, I would like Mrs Harrison to be present.	如果没人反对的话，我想请哈里森夫人出席。	同义：target, refuse	同根：objective  客观的；目标的；宾格的；objectionable  讨厌的；会引起反对的；有异议的；objectively  客观地
humble	/ˈhʌmbl/	adj. 谦逊的；地位低下的；简陋的 vt.  使谦恭； 使卑下	a modest and humble man	一个谦卑的男人		
commodity	/kəˈmɑdəti/	n.  商品， 货物	agricultural commodities	农业商品	同义：cargo	
cliff	/klɪf/	n.  悬崖， 峭壁	The car rolled over the edge of a cliff.	汽车翻下了悬崖边。	同义：precipice	同根：cliffy  陡峭的；多悬崖的
obedient	/oˈbidiənt/	adj.  服从的， 顺从的	an obedient child	听话的孩子	同义：followed	同根：obediently  顺从地；服从地；忠顺地；obedience  服从；顺从；遵守
infinite	/ˈɪnfɪnət/	adj.  无限的， 无数的	The universe is infinite.	宇宙是无限的。	同义：huge, Mugen	同根：infinitive  不定式的；infinitesimal  无穷小的；无限小的；极小的；infinitely  无限地；极其
misery	/ˈmɪzəri/	n.  痛苦， 苦恼， 苦难； 悲惨的境遇， 贫苦	What we are witnessing here is human misery on a vast scale.	我们在这里所目睹的情景是许许多多的人都生活困苦。	同义：smart	
blur	/blɝ/	v.  变模糊 n. 模糊，模糊的东西	The street lights were blurred by the fog.	街灯在迷雾的笼罩下十分昏暗。	同义：cloud, fog, work-up	同根：blurred  模糊不清的；被弄污的；blurry  模糊的；污脏的；不清楚的；blurriness  模糊强度
suffice	/səˈfaɪs/	vi.  足够	A light lunch will suffice .	简单的午餐就够了。	同义：content, serve	同根：sufficient  足够的；充分的；sufficiently  充分地；足够地
concede	/kənˈsid/	vi.  让步， 认输 vt. 承认，承认…为真；承认失败；允许，让予	‘That’s the only possible solution.’ ‘Yes, I suppose so,’ Charles conceded.	“那是唯一可行的解决办法。”“对，我想是。”查尔斯承认道。	同义：afford, meet halfway	
notable	/ˈnotəbl/	adj. 值得注意的，显著的；著名的 n.  名人， 要人	Every country in the world signed the treaty, with one notable exception - the United States.	全世界每个国家都签署了那份条约，只有一个国家反其道而行之，就是美国。	同义：famous, personality	同根：noted  著名的；显著的；附有乐谱的；notably  显著地；尤其；note  笔记；音符；票据；注解；纸币；便笺；照会；调子
plausible	/ˈplɔzəbl/	adj.  似有道理的， 似乎正确的， 貌似可信的	His story certainly sounds plausible.	他的叙述听上去当然很合理。	同义：smooth-tongued	同根：plausive  喝采的；似乎真实可信的（等于plausible）；plausibly  似真地；plausibility  善辩；似乎有理；貌似可信
equator	/ɪˈkwetɚ/	n.  赤道	Knows(Those ) from south of the [ equator ] come to the United States during the northern winter .	那些来自赤道以南的学生在北方的冬天来到美国。	同义：equinoctial	
commission	/kəˈmɪʃən/	n. 委任状；委员会；佣金，回扣；授权，委托 vt.  委任， 委托	The Government set up a commission to investigate allegations of police violence.	政府成立了一个委员会调查对警察施暴行为的指控。	同义：council, depute	同根：committed  坚定的；效忠的；承担义务的；commissioned  受委任的，受任命的；服役的，现役的；commitment  承诺，保证；委托；承担义务；献身
staircase	/ˈstɛrkes/	n.  楼梯	They walked down the staircase together.	他们一起沿楼梯通道往下走。	同义：apples and pears	同根：stairway  阶梯，楼梯
flip	/flɪp/	adj.  〈口〉无理的， 轻率的， 轻浮的 vt. 快速翻动，转动 n. 捻掷，轻抛；轻拍	I was fed up with his flip comments.	我听够了他那些轻率的评论。	同义：throw, frisk, rude, somesault	同根：flipper  无礼的；flippant  轻率的；嘴碎的；没礼貌的；flippantly  没礼貌地；轻率地
rational	/ˈræʃnəl/	adj.  理性的， 理智的； 合理的	Parents need to be fully informed so they can make a rational decision.	父母需要充分了解情况，这样才可以作出合理的决定。	同义：reasonable	同根：rationalistic  理性主义的；纯理论的；rationally  理性地；讲道理地；rationale  基本原理；原理的阐述
barricade	/ˈbærɪˈked/	n. 路障，栅栏，障碍 vt.  设路障于， 挡住	The fans were kept back behind barricades.	歌迷们被拦在路障后面。	同义：road-block, slow	
resume		vt.  重新开始， 继续， 恢复 n.  摘要， 概要； 简历	She hopes to resume work after the baby is born.	她想生完孩子后继续工作。	同义：bio, recover	同根：resumption  恢复；重新开始；取回；重获；恢复硬币支付
provocative	/prəˈvɑkətɪv/	adj.  挑衅的， 煽动的， 刺激的； 挑逗的	a provocative act by a terrorist group	恐怖团体的挑衅行为	同义：incentive, stimulus	同根：provoking  刺激的；令人生气的，激怒人的；provocation  挑衅；激怒；挑拨；provoking  激怒；挑拨；诱发（provoke的ing形式）
committee	/kəˈmɪti/	n.  委员会， 全体委员	a committee meeting	委员会会议	同义：council	
posture	/ˈpɑstʃɚ/	vi.  摆出姿势， 装模作样 n. 姿势，姿态；看法，态度	She says the president may just be posturing.	她说总统也许只是在作态。	同义：behavior, pose	同根：postural  姿势的，位置的；心态的；posturing  故作姿态；摆姿势；并非由衷的言行；posturer  杂技演员；装腔作势的人；作出某种姿态的人
spiral	/ˈspaɪrəl/	vi.  盘旋上升； 不断急剧地上升 adj. 螺旋的 n. 螺旋，螺旋式的上升	Crime has spiraled out of control .	犯罪活动激增，已经失控。	同义：screw, helical	同根：spirally  成螺旋形地；spire  [建] 尖顶；尖塔；螺旋；spirilla  螺旋状菌属；螺旋状菌
subtle	/ˈsʌtl/	adj.  微妙的， 难以捉摸的； 诡秘的， 狡诈的； 隐约的	The pictures are similar, but there are subtle differences between them.	这些图片很相似，但它们之间有细微的差别。	同义：sensitive	同根：subtly  精细地；巧妙地；敏锐地；subtlety  微妙；敏锐；精明；subtilize  过分精细；微妙化
component	/kəmˈponənt/	adj.  组成的， 构成的 n. 组成部分，部件，组件	Gorbachev failed to keep the component parts of the Soviet Union together.	戈尔巴乔夫没能使苏联各组成部分保持在一起。	同义：constituent, module	
overwhelm	/ovɚˈhwɛlm/	vt.  使受不了， 使不知所措； 征服， 制服	Grief overwhelmed me.	我悲痛不已。	同义：flood	同根：overwhelming  压倒性的；势不可挡的；overwhelmingly  压倒性地；不可抵抗地；overwhelming  压倒；淹没（overwhelm的ing形式）；制服
suite	/sut; swit/	n.  套间； 一套家具； 套， 组， 系列	a honeymoon suite	蜜月套房	同义：furniture	
consultant	/kənˈsʌltənt/	n.  顾问； 会诊医师， 专科医生	a management consultant	管理顾问	同义：adviser	同根：consultative  咨询的；consultive  咨询的；consultation  咨询；磋商；[临床] 会诊；讨论会
disguise	/dɪsˈɡaɪz/	vt. 假扮，化装，伪装；掩盖，掩饰 n.  用来伪装的东西； 伪装， 掩饰	He escaped across the border disguised as a priest.	他装扮成神父越境逃走了。	同义：simulate, simulation	
imperial	/ɪmˈpɪrɪəl/	adj.  帝国的， 帝王的； 英制的	Britain’s imperial expansion in the 19th century	19世纪英帝国的扩张	同义：august	同根：imperialist  帝国主义的；imperialistic  帝国主义的；帝国主义者的；拥护帝国主义的；imperially  帝王般地；威严地；帝国地
facet	/ˈfæsɪt/	n.  一个方面； 面	The issues are complex and multi-faceted.	这些问题很复杂，涉及诸多方面。	同义：aspect	
liberal	/ˈlɪbərəl/	adj.  心胸宽大的， 慷慨的； 自由的， 自由主义的	a more liberal attitude towards sexuality	对两性关系比较开通的态度	同义：generous, latitudinarian	同根：liberalist  自由主义的；liberalistic  自由主义的；liberally  大方地；自由地；公平地；充足地
surgery	/ˈsɝdʒəri/	n.  外科， 外科手术； 手术室	Dr. Hanson is in surgery.	汉森医生在手术室。	同义：theater	同根：surgical  外科的；手术上的；surgically  如外科手术般地；surgeon  外科医生
harmony	/ˈhɑrməni/	n.  调和； 协调； 和谐	the gorgeous vocal harmonies on ‘Mexicali Rose’	《墨西哥玫瑰》的精彩和声演唱	同义：peace	同根：harmonious  和谐的，和睦的；协调的；悦耳的；harmonic  和声的；谐和的；音乐般的；harmonical  调和的（等于harmonic）；合谐的；音乐般的
violent	/ˈvaɪələnt/	adj.  暴力引起的， 强暴的； 猛烈的， 剧烈的	the increase in violent crime	暴力犯罪的增多	同义：fierce	同根：violently  猛烈地，激烈地；极端地；violence  暴力；侵犯；激烈；歪曲
resolve	/rɪˈzɑlv/	v. 决定；解决；分解 n.  决心	Barnet was desperate for money to resolve his financial problems.	巴尼特急需钱来解决他的经济问题。	同义：solve, settle, determinateness	同根：resolved  下定决心的；已解决的；断然的；resolvable  可分解的；可解决的；可溶解的；resolvent  分解的；有溶解力的；消散的
cozy	/ˈkozi/	adj.  舒适的； 亲切友好的	And on that bed there is a granny, a snoring granny on a cozy bed in a napping house, where everyone is sleeping.	床上有一位老奶奶，一个打着鼾的奶奶睡在舒适的床上，在那打瞌睡的房子里，每个人都在睡觉。	同义：comfortable	同根：cozily  舒适地；安乐地；安逸地；coziness  安逸，舒适；畅快
dominate	/ˈdɑmɪnet/	v.  在…中占首要地位； 支配， 统治； 耸立于， 俯视； 拥有优势	The cathedral dominates the city.	大教堂俯视全城。	同义：possess, advantage over	同根：dominant  显性的；占优势的；支配的，统治的；dominated  占主导地位的；强势的；占统治地位的；[数] 受控的；dominating  主要的；独裁的；专横的
imitate	/ˈɪmɪtet/	vt.  模仿； 仿效； 仿制	She was a splendid mimic and loved to imitate Winston Churchill.	她是个出色的模仿者，喜欢模仿温斯顿·丘吉尔。	同义：simulate	同根：imitation  人造的，仿制的；imitative  模仿的；仿制的；imitation  模仿，仿造；仿制品
deadly	/ˈdɛdli/	adv.  非常， 极度地 adj. 致死的，致命的；不共戴天的；极度的，十足的	Broadcast news was accurate and reliable but deadly dull.	新闻广播准确、可靠，但极其枯燥。	同义：intense, extremely	同根：dead  无生命的；呆板的；废弃了的；dying  临终的，垂死的；deathly  死一般的；致命的
compute	/kəmˈpjʊt/	v.  计算， 估算	Final results had not yet been computed.	最终的结果还未计算出来。	同义：cast, figure, calculation	同根：computational  计算的；computerized  电脑的；电脑化的；用电脑处理的；computerised  电脑化的；计算化的
institution	/,ɪnstɪˈtuʃən/	n.  协会； 制度； 习俗	social institutions such as the family and religion	家庭和宗教这一类社会制度	同义：system	同根：institutional  制度的；制度上的；学会的；institutionalized  使成惯例的；有组织的；遭受收容机构所产生的不良影响的；institutionalised  制度化的
huddle	/ˈhʌdl/	vi. 聚集在一起，挤作一团；把身子蜷成一团，蜷缩 vt. 使聚集在一起 n.  挤在一起的人； 一堆杂乱的东西	We lay huddled together for warmth.	我们紧紧挤在一起取暖。	同义：gather up, chaos	
skeleton	/ˈskɛlɪtn/	n.  骨骼； 框架， 骨干； 梗概， 提要	We agreed on a skeleton outline of the proposal.	我们给提案商定了一个基本框架。	同义：framework, boned	同根：skeletal  骨骼的，像骨骼的；骸骨的；骨瘦如柴的
ambition	/æmˈbɪʃən/	n.  雄心， 抱负， 野心； 期望得到的东西	He was young and full of ambition.	他年轻，而且雄心勃勃。	同义：careerism, pursue / pursuit	同根：ambitious  野心勃勃的；有雄心的；热望的；炫耀的；ambitiously  雄心勃勃地；劲头十足地；热切地；ambitiousness  不凡的抱负
intersection	/,ɪntɚˈsɛkʃən/	n.  道路交叉口， 交点	We crossed at a busy intersection.	我们穿过了一个繁忙的道路交叉口。	同义：junction	同根：intersectant  交叉的，相交的；intersect  相交，交叉；intersect  横断，横切；贯穿
exceed	/ɪkˈsid/	vt.  超过， 胜过， 超出	Working hours must not exceed 42 hours a week.	工作时间每周不得超过42小时。	同义：better than	同根：exceeding  超越的；非常的；过度的；exceedingly  非常；极其；极度地；极端；exceeding  超过；占优势（exceed的ing形式）
implement	/ˈɪmplɪmɛnt/	vt.  使生效， 履行， 实施 n.  工具， 器具， 用具	The government promised to implement a new system to control financial loan institutions.	政府许诺要实施新的制度来控制金融贷款机构。	同义：accomplish, instrument	同根：implemental  器具的；有帮助的；可作为工具的；implementation  [计] 实现；履行；安装启用
disperse	/dɪˈspɝs/	vi.  分散， 赶散； 消散， 驱散 vt. 使分散，散开；使消散，消失	Police used tear gas to disperse the crowd.	警察用催泪瓦斯驱散人群。	同义：transmit, spread around, scattered	同根：dispersed  散布的；被分散的；被驱散的；dispersive  分散的；弥散的；dispersion  散布；[统计][数] 离差；驱散
fantasy	/ˈfæntəsi/	n.  想象， 幻想； 想象的产物	I used to have fantasies about living in Paris with an artist.	我过去常幻想着在巴黎与一位艺术家同住。	同义：fancy, visional, imagine, stargaze	同根：fantastic  奇异的；空想的；极好的；不可思议的；fantastical  空想的；捕风捉影的；fantastically  想像中地；奇特地；难以置信地
shipment	/ˈʃɪpmənt/	n.  装运， 装船； 装载的货物	The goods are ready for shipment.	货物已经准备好装运。	同义：loading	
vicious	/ˈvɪʃəs/	adj.  恶毒的， 凶残的； 剧烈的， 严重的	a vicious murder	一桩凶残的谋杀案	同义：severe	同根：viciously  邪恶地；敌意地；viciousness  邪恶；恶意
lace	/les/	n. 网眼花边，透孔织品；鞋带，系带 vt.  用系带束紧	a handkerchief trimmed with lace	饰有蕾丝花边的手绢	同义：tie	同根：laced  有花边的；绑带子的；加酒的；lacy  花边的；丝带的；lacelike  花边状的；带子般的
enormous	/ɪˈnɔrməs/	adj.  巨大的， 庞大的	an enormous bunch of flowers	巨大的花束	同义：huge	同根：enormously  巨大地，庞大地；非常地，在极大程度上；enormity  巨大；暴行；极恶
external	/ɪkˈstɝnl/	adj.  外部的， 外面的	the external appearance of the building	大楼的外观	同义：foreign, outside	同根：exterior  外部的；表面的；外在的；extern  外面的，外来的；externally  外部地；外表上，外形上
gorgeous	/ˈɡɔrdʒəs/	adj.  华丽的， 灿烂的， 绚丽的； 令人十分愉快的， 极好的	a gorgeous cake	漂亮的蛋糕	同义：brilliant	同根：gorgeously  华美地；辉煌地
circumstance	/ˈsɝ​kəmˌstəns/	n. 情况，条件，境遇；	The Soviet Union had been forced by circumstances to sign a pact with Nazi Germany.	苏联为形势所迫同纳粹德国签订了一项条约。	同义：context	同根：circumstantial  依照情况的；详细的，详尽的；circumstantially  依照情况地
authority	/əˈθɔrəti/	n.  官方； 权力； 当权者， 行政管理机构； 权威， 专家	an agreement between the US and Colombian authorities	美国和哥伦比亚当局的一份协议	同义：rod	同根：authoritative  有权威的；命令式的；当局的；authoritarian  独裁主义的；权力主义的；authoritatively  权威地；命令式地；可信地
erosion	/ɪˈroʒən/	n.  腐蚀， 侵蚀， 磨损； 削弱， 减少	the problem of soil erosion	水土流失的问题	同义：corrosion	同根：eroded  被侵蚀的，损坏了；eroding  侵蚀的；erose  啮蚀状的；凹凸不平的；不规则形状的
provided	/prəˈvaɪdɪd/	conj.  假如， 若是	He can come with us, provided he pays for his own meals.	只要他付自己的饭钱，就可以跟我们一起来。	同义：if, gave	
instrument	/ˈɪnstrəmənt/	n.  仪器， 工具； 乐器	surgical instruments	外科(手术)器械	同义：facilities	同根：instrumental  乐器的；有帮助的；仪器的，器械的；instrumentalist  工具主义的；instrumental  器乐曲；工具字，工具格
medium	/ˈmidɪəm/	adj.  中等的 n. 媒质，媒介物；传导体	What size shirt does he wear – small, medium or large?	他穿多大尺码的衬衫——小号、中号还是大号？	同义：mid, method	
indispensable	/ˈɪndɪˈspɛnsəbl/	adj.  必不可少的， 必需的	Mobile phones have become an indispensable part of our lives.	移动电话已经成为我们生活中的必需品。	同义：obbligato	同根：indispensability  不可缺少；必要；责无旁贷
lens	/lɛnz/	n.  透镜， 镜片； 镜头	a standard 50mm lens	50毫米标准镜头	同义：cryst	
embody	/ɪmˈbɑdi/	vt.  代表， 表现， 体现； 包括； 包含； 收录	She embodies everything I admire in a teacher.	她具备了我所钦佩的教师该具备的一切素质。	同义：objectify	同根：embodiment  体现；化身；具体化
fatal	/ˈfetl/	adj.  致命的， 灾难性的， 毁灭性的； 重大的， 决定性的	potentially fatal diseases	潜在致命的疾病	同义：important	同根：fateful  重大的；决定性的；宿命的；fated  命中注定的，宿命的；受命运支配的；fatally  致命地；命中注定地；不可避免地
motive	/ˈmotɪv/	n.  动机， 目的	What do you suppose the killer’s motive was?	你认为凶手的动机是什么？	同义：incentive, prompt	同根：motor  汽车的；机动的；motivated  有动机的；有积极性的；motionless  静止的；不运动的
envisage	/ɪnˈvɪzɪdʒ/	vt.  想象， 设想	The scheme cost a lot more than we had originally envisaged.	该计划的花费大大超出了我们最初所预想的数额。	同义：imagine	
wrestle	/ˈrɛsl/	n.  摔跤； 斗争， 搏斗			同义：war, fight, breast	同根：wrestling  摔跤；扭斗；wrestler  摔跤选手，搏斗者；wrestling  摔跤；格斗（wrestle的ing形式）；与…摔跤；使劲移动
motivate	/ˈmotəˈvet/	vt.  作为…的动机； 激励， 激发	Was he motivated solely by a desire for power?	他只是受到权欲的驱使吗？	同义：stimulate	同根：motor  汽车的；机动的；motive  发动的；成为动机的；motivated  有动机的；有积极性的
marginal	/ˈmɑrdʒɪnl/	adj.  微小的， 少量的； 不重要的； 仅以微弱多数票获胜的； 记在页边的， 有旁注的	a marginal increase in the unemployment figures	失业人数的小幅增加	同义：critical	同根：marginally  少量地；最低限度地；在栏外；在页边；margin  边缘；利润，余裕；页边的空白；marge  边缘（等于margin）
spoil	/spɔɪl/	vi. 变质 vt. 损坏，糟蹋；宠坏，溺爱 n.  战利品， 掠夺物	Food will spoil if the temperature in your freezer rises above 8˚C.	如果冰柜的温度上升到 8 摄氏度以上，食物就会变质。	同义：harry, prey upon, prize	同根：spoilt  宠坏的；损坏的；spoilage  损坏，糟蹋；掠夺；损坏物；spoiler  扰流器；掠夺者；损坏者
multiply	/ˈmʌltɪplaɪ/	v.  增加， 繁殖； 乘	Bacteria multiply quickly in warm food.	细菌在温热的食物里繁殖得很快。	同义：ride, breed, diversiform	同根：multiple  多重的；多样的；许多的；multiplex  多样的，多元的；[通信] 多路传输的；multiplicative  [数] 乘法的；增加的
pasture	/ˈpæstʃɚ/	n. 牧草地，牧场 vt.  放牧	large areas of rough upland pasture	大片起伏的山地牧场	同义：grass, grass	同根：pastureland  牧场；牧草地；pasturage  牧草；牧场；放牧
approval	/əˈpruvl/	n.  赞成， 同意； 认可， 批准	The president has already given his approval to the plan.	总统已经批准了这个计划。	同义：confirmation	同根：approved  被认可的；经过检验的；approving  赞成的，满意的；approvingly  赞许地；满意地
mobile	/ˈməʊbl;mobil/	adj. 运动的；流动的；多变的 n.  移动电话	a more mobile workforce	具有更强流动性的劳动力	同义：variable	同根：mobility  移动性；机动性；[电子] 迁移率；mobilization  动员；调动；mobilize  组织；动员起来
multiple	/ˈmʌltəpl/	adj. 复合的；多重的，多样的 n.  倍数	Baxter was rushed to the hospital with multiple stab wounds.	巴克斯特因多处刺伤被紧急送往医院。	同义：numerous, time	同根：multiply  多层的；多样的；multiplicative  [数] 乘法的；增加的；multipliable  可增加的；可乘的
evolution	/ˌɛvəˈluʃən; (occas.) ˌ ivəˈluʃən/	n.  进化， 演化； 发展	the theory of evolution	进化论	同义：unfolding	同根：evolutionary  进化的；发展的；渐进的；evolutionism  进化论的；evolutionist  进化论的
peak	/pik/	vi.  达到高峰； 达到最大值 adj. 最大值的；高峰的 n. 山顶，顶点，顶峰	Sales peaked in August, then fell sharply.	销售额8月份达到最高点，然后急速下降。	同义：height, cock, slim down, highest	同根：peaked  尖的；消瘦的；有遮檐的；peaky  多峰的；尖峰的；憔悴的；peaked  到达高点，消瘦，竖起（peak的过去式和过去分词形式）
magnet	/ˈmægnɪt/	n.  磁铁， 磁体； 有吸引力的人和事物	Prospect Park, with its vast lake, is a magnet for all health freaks.	拥有大片湖区的展望公园是所有健身迷的向往之地。	同义：aimant	同根：magnetized  已磁化的；magnetism  磁性，磁力；磁学；吸引力；magnetization  磁化
expose	/ɪkˈspoz；ek-/	vt.  使暴露， 揭露	He lifted his T-shirt to expose a jagged scar across his chest.	他撩起T恤衫，露出横贯胸部的锯齿状伤疤。	同义：reveal	同根：exposed  暴露的，无掩蔽的；exposure  暴露；曝光；揭露；陈列；exposed  暴露，揭露（expose的过去分词）
versatile	/ˈvɝsətl/	adj.  多才多艺的， 有多种技能的； 有多种用途的， 多功能的， 万用的	a very versatile performer	多才多艺的表演者	同义：universal	同根：versatility  多功能性；多才多艺；用途广泛
versus	/ˈvɝsəs/	prep.  以…为对手， 对； 与…相对， 与…相比之下	the New York Knicks versus the LA Lakers	纽约尼克斯队对洛杉矶湖人队	同义：in the teeth of	
complaint	/kəmˈplent/	n.  抱怨， 怨言； 控告	There's been a record number of complaints about the standard of service.	已有对服务水准的创纪录数量的投诉。	同义：sickness	同根：complaining  抱怨的；complainingly  抱怨地；发牢骚地；诉苦地；complainant  [法] 原告；发牢骚的人；抱怨者
permissible	/pɚˈmɪsəbl/	adj.  可允许的， 许可的	the maximum permissible level of radiation	允许的最大辐射水平		同根：permissive  许可的；自由的；宽容的；（两性关系）放纵的；permissibly  获准地；得到许可地；permissively  许可地；自由地；娇宠地
cancer	/ˈkænsɚ/	n.  癌， 癌症， 肿瘤	A lot of cancers can now be treated successfully.	现在许多癌症可以治愈。	同义：malignant tumor	同根：cancerous  癌的；生癌的；像癌的
splash	/splæʃ/	v. 溅，泼 n.  溅泼声； 溅出的水； 斑点	The children were splashing about in the pool.	孩子们在水池里戏水。	同义：spatter, jaup	同根：splashy  泥泞的；容易溅开的；遍布斑点的；引人注目的；splasher  挡泥板；溅洒器；花钱大手大脚的人
inject	/ɪnˈdʒɛkt/	vt.  注射， 给…注射； 注入， 引入， 投入	His son was injected with strong drugs.	他的儿子被注射了强效的药。	同义：breathe into	同根：injectable  可注射的；injection  注射；注射剂；充血；射入轨道；injector  注射器；注射者；注水器
romance	/roˈmæns/	n.  恋爱， 恋爱关系； 浪漫气氛， 传奇色彩； 爱情小说， 传奇故事	The romance had gone out of their relationship.	他们之间已经没有了爱意。	同义：legend, cook up	同根：romantic  浪漫的；多情的；空想的；romantically  浪漫地；不切实际地；romantic  浪漫的人
offense	/əˈfɛns/	n.  犯规， 违法行为； 冒犯， 得罪	The Bears are going to have to work on their offense this season.	本赛季熊队必须要加强进攻了。	同义：crime	同根：offensive  攻击的；冒犯的；无礼的；讨厌的；offending  不愉快的；厌恶的；offenseless  无攻击力的；不惹人的
atlas		n.  地图集	The atlas was published by our company.	这个地图集是由我们公司出版的。		
invisible	/ɪnˈvɪzəbl/	adj.  看不见的， 无形的	The house was surrounded by trees, and invisible from the road.	这所房子树木环绕，从路上是看不见的。	同义：intangible	同根：invisibly  看不见地；看不出地；invisibility  看不见；看不见的东西；难看见
focus	/ˈfokəs/	v. 聚焦；集中 n.  焦点， 中心	His eyes were focussed straight ahead.	他的双眼盯着正前方。	同义：center, centralize, concentrate	同根：focal  焦点的，在焦点上的；灶的，病灶的；focalization  集中焦点；focalize  聚焦；限制于小区域
hamper	/ˈhæmpɚ/	vt. 妨碍，束缚，限制 n.  大篮子	She tried to run, but was hampered by her heavy suitcase.	她想跑，但沉重的旅行箱拖累了她。	同义：let, hindrance	
motel	/moˈtɛl/	n.  汽车旅馆	Stay at a cheap motel.	住便宜的汽车旅馆。		
approach	/əˈprotʃ/	vt. 向…靠近 n.  靠近； 途径， 方式	As I approached the house, I noticed a light on upstairs.	我走近那幢房子的时候注意到楼上有灯光。	同义：method, border, come near to	同根：approachable  亲切的；可接近的；approachability  可接近性；易接近
exaggeration	/ɪɡ,zædʒəˈreʃən/	n.  夸张； 夸大之词	It would be an exaggeration to say that we were close friends.	说我们是密友不免言过其实了。	同义：inflation	同根：exaggerated  夸张的，言过其实的；exaggeratedly  夸张地；exaggerated  夸张，夸大（exaggerate的过去式）
peg	/pɛɡ/	n. 小钉，栓，挂物钉；桩 vt.  用钉子钉， 用钉固定； 限定； 将…看成， 将…归入	Sarah hung her coat on the peg.	萨拉把外套挂在衣钩上。	同义：excuse, block, scud	
myth	/mɪθ/	n.  杜撰出来的人； 神话	a book of Greek myths	一本关于希腊神话的图书	同义：fairy story	同根：mythical  神话的；虚构的；mythological  神话的；神话学的；虚构的；mythic  神话的；虚构的
decisive	/dɪˈsaɪsɪv/	adj.  决定性的； 坚定的， 果断的， 决断的	a decisive leader	果断的领袖	同义：crucial	同根：decided  明确的；显然的；坚决的，果断的；deciding  决定性的；无疑的；decidedly  果断地；断然地；明显；毫无疑问
implication	/ˈɪmplɪˈkeʃən/	n.  含意， 暗示， 暗指； 卷入， 牵连	They are called ‘Supertrams’, the implication being that (= which is meant to suggest that ) they are more advanced than earlier models.	它们被称作“超级电车”，这是暗指它们比先前的型号更先进。	同义：connotation	同根：implicit  含蓄的；暗示的；盲从的；implicated  有牵连的；implicational  启发的，启示的
thesis	/ˈθisɪs/	n.  论文， 毕业论文； 论题， 论点	Cynthia’s still working on her thesis.	辛西娅还在写论文。	同义：dissertation	
bump	/bʌmp/	vi. 碰，撞；	The roof was so low he bumped his head (=  his head hit the roof  ) .	屋顶很低，他都碰到头了。	同义：tumor, hit, to run into, suddenly	同根：bumpy  颠簸的；崎岖不平的；bumpiness  崎岖不平；碰撞；颠簸
reservation	/,rɛzɚˈveʃən/	n.  预订； 保留； 犹豫； 居留地	a dinner reservation	预订晚餐	同义：preservation	同根：reserved  保留的，预订的；缄默的，冷淡的；包租的；reserve  储备，储存；自然保护区；预备队；[金融] 储备金；reserved  保留（reserve的过去分词）
revive	/rɪˈvaɪv/	v.  复苏	Local people have decided to revive this centuries-old tradition.	当地人决定复兴这一延续了数个世纪的传统。	同义：come back to life again, recall	同根：revived  复活的，再生的；revival  复兴；复活；苏醒；恢复精神；再生效；revivalism  信仰复兴运动；复兴倾向
timid	/ˈtɪmɪd/	adj.  羞怯的， 胆小的	I was a timid child.	我曾是个胆小的孩子。	同义：modest	同根：timorous  胆怯的；胆小的；羞怯的；timidly  羞怯地；胆小地；timorously  羞怯地；容易受惊地
loyalty	/ˈlɔɪəlti/	n.  忠诚， 忠心	the agony of divided loyalties (= loyalty to two different or opposing people ) for the children in a divorce	父母离婚过程中孩子两面都要依顺的痛苦	同义：faith	同根：loyal  忠诚的，忠心的；忠贞的；loyally  忠诚地；诚实地；loyal  效忠的臣民；忠实信徒
dismiss	/dɪsˈmɪs/	vt.  不再考虑； 解雇， 解散； 驳回	The government has dismissed criticisms that the country’s health policy is a mess.	有人认为国家医疗政策一塌糊涂，政府对这种批评持否认态度。	同义：remove, disband	同根：dismissive  表示轻视的；解雇的；dismissible  可解雇的；dismissal  解雇；免职
underlying	/,ʌndɚˈlaɪɪŋ/	adj.  在下面的； 含蓄的； 潜在的	To stop a problem you have to understand its underlying causes.	要解决问题，你得了解其潜在原因。	同义：organic	
reform	/rɪˈfɔrm/	n&v.  改革， 改良， 改造； 改正， 改过自新	plans to radically reform the tax system	彻底改革税收制度的计划	同义：transformation, renovate, shake up	同根：reformed  改革过的；新教的；reformist  改良主义的；改良运动的；reformable  可改革的；可感化的；可革除的
install	/ɪnˈstɔl/	vt.  安装， 设置； 使就职， 任命	They’ve installed the new computer network at last.	他们终于安装了新电脑网络。	同义：fit	同根：installing  安装的；installation  安装，装置；就职；installment  安装；分期付款；部分；就职
ensue	/ɪnˈsu/	vi.  接着发生， 接踵而来， 因而产生	If the Europeans did not reduce subsidies, a trade war would ensue.	如果欧洲不减少补贴，贸易战将随即爆发。	同义：follow on, ambition	同根：ensuing  接著发生的；ensuing  跟着发生（ensue的ing形式）
indication	/,ɪndɪˈkeʃən/	n.  指出， 指示； 迹象， 暗示	Could you give me some indication as to when I am likely to receive a reply?	你能给我透露一下什么时候我能收到回复吗？	同义：instruction	同根：indicative  象征的；指示的；表示…的；indicant  指示的；表示的；indicatory  表示的；指示的
bull		n.  公牛； 雄兽； 买进证券投机图利者， 看涨的人	a herd of cows with one bull	一群母牛加一头公牛	同义：ox, male, browbeat, price increase	同根：bully  第一流的；特好的；bullied  被欺负的；因害怕而屈服顺从的；bullish  看涨的；上扬的；似公牛的
champion	/ˈtʃæmpɪən/	n.  冠军， 得胜者； 捍卫者， 拥护者	...a former Olympic champion.	…一位前奥运冠军。	同义：title, encourage, classical	同根：championship  锦标赛；冠军称号；冠军的地位
ceramic	/səˈræmɪk/	adj. 陶器的 n.  陶瓷器	I make ceramic cups there. Do you remember the gift I gave you for your last birthday? Those two cups?	在那里，我可以自己制作陶瓷茶杯。还记得你上次生日时我送你的礼物吗？那两个茶杯？	同义：keramic, cer	同根：ceramist  陶艺家，陶瓷技师
queer	/kwɪr/	adj.  奇怪的， 异常的； 不舒服的， 眩晕的	She gave a queer laugh.	她古怪地笑了笑。	同义：strange, make a mess of, put	同根：queerly  奇怪地；奇妙地；queerness  奇异；不快
successor	/səkˈsɛsɚ/	n.  接替的人或事物， 继任者	His successor died after only 15 months in office.	他的继任者就任仅15个月就去世了。	同义：heres	同根：successive  连续的；继承的；依次的；接替的；success  成功，成就；胜利；大获成功的人或事物；succession  连续；继位；继承权；轮栽
enlightenment	/ɪnˈlaɪtnmənt/	n.  启发， 开导； 开明， 文明	Isabel looked to Ron for enlightenment.	伊莎贝尔希望得到罗恩的启发。	同义：cultivation	同根：enlightened  开明的；文明的；进步的；被启发的；enlightening  使人领悟的；有启发作用的；enlightened  启迪（enlighten的过去式）
booklet	/ˈbʊklət/	n.  小册子	a free booklet on drug abuse	关于嗜毒问题的免费小册子	同义：tract	
magnificent	/mægˈnɪfəsnt/	adj.  壮丽的， 华丽的； 极好的	a magnificent performance	气势恢宏的演出	同义：grand	同根：magnificently  壮丽地，宏伟地；壮观地；magnificence  壮丽；宏伟；富丽堂皇
stagger	/ˈstægɚ/	vi. 摇晃，蹒跚 vt. 使吃惊；使错开，使交错 n.  蹒跚， 踉跄	He managed to stagger home.	他好不容易才蹒跚着走回家。	同义：interlace, titubate, titubation, altern	同根：staggering  蹒跚的；另人惊愕的；犹豫的；staggeringly  摇晃地；蹒跚地；staggerer  摇晃者；犹豫者；难题
irony	/ˈaɪrəni/	n.  反话， 冷嘲， 嘲弄； 具有讽刺意味的事	Life is full of little ironies.	生活中充满了小小的讽刺。	同义：hit, ferrous	同根：iron  铁的；残酷的；刚强的；ironic  讽刺的；反话的；ironical  讽刺的（等于ironic）；用反语的
restrict	/rɪˈstrɪkt/	vt.  限制， 约束， 限定	The new law restricts the sale of hand guns.	新法规限制手枪的销售。	同义：block	同根：restricted  受限制的；保密的；restrictive  限制的；限制性的；约束的；restrictively  限制性地
bandage	/ˈbændɪdʒ/	n. 绷带 vt.  用绷带绑扎	We put some ointment and a bandage on his knee.	我们在他的膝盖上涂了些药膏，还缠了一条绷带。	同义：fascia	同根：banded  有带子的；band  带；乐队；松紧带；一帮；传送带；banding  捆扎；[电子] 条带
prevalence	/ˈprɛvələns/	n.  流行	The report says climate change could also increase the prevalence of dengue fever.	报告表示，气候变化还有可能增加登革热的流行强度。	同义：popularity	同根：prevalent  流行的；普遍的，广传的
scrap	/skræp/	n. 碎片，碎屑；废金属；残羹剩饭；少量，点滴 vt.  废弃， 抛弃	a rug made out of old scraps of material	用旧零碎材料拼做的一块小地毯	同义：bit, out of use, waste, quarrel	同根：scraping  刮擦的；吝啬的；scrappy  爱打架的；杂凑的；不连贯的；生气勃勃的；scraping  刮削下的碎屑；刮擦声；抹去
syndrome	/ˈsɪndrəm/	n.  综合病症， 综合症状； 一系列表现	people who suffer from irritable bowel syndrome	患有肠道过敏综合征的人		
tow	/to/	n&vt.  拖， 拉， 牵引	The ship had to be towed into the harbor.	那艘轮船不得不被拖进港口。	同义：pull, pull	同根：towage  拖船费；拖船
imperative	/ɪmˈpɛrətɪv/	adj. 必要的；紧急的，极重要的；命令的 n.  必要的事， 必须完成的事； 【语】祈使语气	It is imperative that politicians should be good communicators.	政治家应该是很好的沟通者，这很重要。	同义：necessary, necessity	同根：imperatively  命令式地；imperativeness  命令式之事
meadow	/ˈmɛdo/	n.  草地	Lambs gamboled in the meadow.	小羊在草地上欢跳。	同义：grass	
hitherto	/,hɪðɚˈtu/	adv.  到目前为止， 迄今	a species of fish hitherto unknown in the West	迄今在西方还不为人知的一种鱼	同义：hereunto	
energetic	/,ɛnɚˈdʒɛtɪk/	adj.  精力充沛的， 充满活力的	an energetic man	精力旺盛的男子	同义：active	同根：energetically  积极地；精力充沛地；energy  [物] 能量；精力；活力；精神；energise  供给…能量；使精力充沛（等于energize）
haul	/hɔl/	vt. 拖，拉；拖运，运送 n.  拖， 拉， 托运； 一次获得的数量	the steam locomotive which hauled the train	拖动火车的蒸汽机车	同义：pull, drag one's feet, draw	同根：haulage  拖运；拖曳；运费；hauler  搬运工
avail	/əˈvel/	v.  有帮助； 有益； 有用 n. 效用，利益，帮助	Guests should feel at liberty to avail themselves of your facilities.	客人们应可以随意使用你们的设施。	同义：be of help, have it, behalf	同根：available  有效的，可得的；可利用的；空闲的；availability  可用性；有效性；实用性
consequence	/ˈkɑnsəkwɛns/	n.  结果， 后果； 重要， 重大	I don’t suppose it is of any consequence now.	现在我觉得这事一点都无所谓了。	同义：outcome	同根：consequent  随之发生的；作为结果的；consequential  间接的；结果的；重要的；随之发生的；自傲的；consequently  因此；结果；所以
linear	/ˈlɪnɪɚ/	adj.  线的， 直线的， 线状的； 长度的； 线性的	a linear diagram	线形图	同义：longitudinal	同根：linearly  成直线地；在线上地；linearity  线性；线性度；直线性；linearize  使线性化
robust	/roˈbʌst/	adj.  强壮的， 健康的	a robust man of six feet four	一个身高六英尺四英寸的壮汉	同义：healthy	同根：robustly  要用体力地；粗鲁地；坚定地；robustness  [自] 鲁棒性；[计] 稳健性；健壮性
dominant	/ˈdɑmɪnənt/	adj.  占优势的， 支配的， 统治的； 居高临下的， 高耸的	The dominant male gorilla is the largest in the group.	领头的公猩猩是这群大猩猩中体形最大的一个。	同义：ruling	同根：dominated  占主导地位的；强势的；占统治地位的；[数] 受控的；dominating  主要的；独裁的；专横的；dominance  优势；统治；支配
premier	/prɪˈmɪr/	adj.  首要的， 首位的， 首次的 n. 总理，首相	...the country's premier opera company.	…这个国家最好的歌剧团。	同义：initial, chancellor	同根：premiership  总理职位与任期；首相之职位与任期
peel	/pil/	vi. 剥落，脱皮 vt. 削…的皮，剥…的壳 n.  皮， 外衣	Peel and dice the potatoes.	把马铃薯去皮并切成丁。	同义：flake off, fur	同根：peeling  [木] 剥皮，去皮；剥下的皮；peeler  警察；[木] 剥皮机；胶合板材（等于peeler log）；脱衣舞女；peeling  脱皮；剥落（peel的ing形式）
intellectual	/,ɪntəˈlɛktʃuəl/	adj.  智力的 n. 知识分子	Mark’s very intellectual.	马克很聪明。	同义：wise, clerisy	同根：intelligent  智能的；聪明的；理解力强的；intelligible  可理解的；明了的；仅能用智力了解的；intellectually  智力上；理智地；知性上
reclaim	/rɪˈklem/	vt.  要回； 开垦； 回收	You may be entitled to reclaim some tax.	你也许可以享受一定额度的退税。	同义：exploit, protest against sth, reconstruction	同根：reclaimable  可收回的；可教化的
denounce	/dɪˈnaʊns/	vt.  谴责， 指责； 告发	The group denounced the failure by the authorities to take action.	该团体谴责当局没有采取行动。	同义：condemn	同根：denouncement  告发；痛骂；公开抨击
verge	/vɝdʒ/	vi.  接近， 濒临 n. 边，边缘	to verge on chaos		同义：go on for, margin	
pastry	/ˈpestri/	n.  油酥面团， 酥皮糕点	a Danish pastry	丹麦油酥糕饼		
messenger	/ˈmɛsndʒɚ/	n.  送信人， 信使	There will be a messenger at the airport to collect the photographs from our courier.	机场会有一名信使从我们的快递员那儿取走照片。	同义：precursor	同根：message  消息；差使；启示；预言；广告词；messaging  消息传送；通知；信息传送；messaging  发送；报信（message的ing形式）
disable	/dɪsˈebl/	vt.  丧失能力， 伤残	She did all this tendon damage and it really disabled her.	她肌腱受了这么多损伤，这真地使她致残了。	同义：maim	同根：disabled  残废的，有缺陷的；disablement  残废；无资格；损坏；disabled  使…失去能力（disable的过去分词）
irrespective	/,ɪrɪˈspɛktɪv/	adj.  不考虑的， 不顾及的			同义：unrelated	
entity	/ˈɛntəti/	n.  实体， 独立存在体， 实际存在物	The mind exists as a separate entity.	思想作为一个独立的实体存在。	同义：presence	
prohibit	/prəˈhɪbɪt/	vt.  禁止， 不准	Smoking is strictly prohibited inside the factory.	厂区严禁吸烟。	同义：stem	同根：prohibitive  禁止的，禁止性的；抑制的；（费用，价格等）过高的；类同禁止的；prohibitively  禁止地；过高地；过分地；prohibition  禁止；禁令；禁酒；诉讼中止令
bacteria	/bækˈtɪrɪə/	n.  细菌	Some of these bacteria are actually good for you.	实际上，这些细菌有的对你是很有好处的。	同义：microbe	同根：bacteriological  细菌学的，[微] 细菌学上的；bacteriologic  细菌学的；bacteriology  细菌学
fuel	/ˈfjuəl/	n. 燃料，燃料剂 vt.  给…加燃料； 刺激	Coal is one of the cheapest fuels.	煤是最廉价的燃料之一。	同义：catalyst	
hostile	/ˈhɑstl/	adj.  敌方的， 不友善的	Southampton fans gave their former coach a hostile reception .	南安普敦队的球迷对球队的前任教练很不友善。	同义：adverse, opposition	同根：hostility  敌意；战争行动
reign	/ren/	vi.  当政， 统治； 占主导地位 n. 君主的统治，君主的统治时期	Last night confusion reigned about how the debate, which continues today, would end.	昨晚，这场在今天继续进行的辩论将如何结束的问题令人困惑。	同义：predominate over, governance	同根：reigning  统治的；在位的；本届的；起支配作用的；reigning  统治；支配；盛行（reign的ing形式）
tempo	/ˈtɛmpo/	n.  速度； 节奏， 行进速度	the easy tempo of island life	岛上生活的轻松节奏	同义：speed	
descendant	/dɪˈsɛndənt/	n.  后裔， 后代	He was a direct descendant of Napoleon Bonaparte.	他是拿破仑·波拿巴的嫡系后裔。	同义：falling, child	同根：descending  下降的；下行的；descendent  派生的；降落的；世袭的；descent  下降；血统；袭击
foresee	/fɔrˈsi/	vt.  预见， 预知	I’ve put your name on the list and I don’t foresee any problems.	我把你的名字写在名单上了，估计不会有什么问题。	同义：predict	同根：foreseeable  可预知的；能预测的
bruise	/bruz/	n. 青肿，挫伤；伤痕，擦痕 vt.  打青， 使受淤伤； 挫伤， 伤害	minor cuts and bruises	轻微的伤口和淤青	同义：abrasion, wound	同根：bruised  青肿的；瘀紫的；bruising  殊死的；十分激烈的；bruising  挫伤
associate	/əˈsoʃɪet/	v. 把…联系在一起；使联合，结合；交往 [ə'səuʃiət] adj.  副的 n. 伙伴，同事	Through science we've got the idea of associating progress with the future.	通过科学我们已有了将进步与未来联系起来的观念。	同义：company, brother, combine, deputy	同根：associated  关联的；联合的；associative  联想的；联合的；组合的；associable  可联想的；交感性的
gown	/ɡaʊn/	n.  女礼服， 女裙服； 长袍； 罩衣	The new ball gown was a great success.	那件新款长礼服非常成功。	同义：cope	
crawl	/krɔl/	n&v.  爬行， 蠕动； 缓慢行进	The floor was crawling with ants.	地板上爬满了蚂蚁。	同义：creep, creep	同根：crawler  爬行者；履带牵引装置
identical	/aɪˈdɛntɪkl/	adj.  完全相同的， 同一的	four identical houses	四幢一模一样的房子	同义：self	同根：identifiable  可辨认的；可认明的；可证明是同一的；identically  同一地；相等地；identifiably  可辨认地；可看作是相同地
plead	/plid/	vi. 恳求，请求；申诉，答辩，辩护 vt.  为…辩护， 提出…为理由	‘Don’t go!’ Robert pleaded.	“别走！”罗伯特央求道。	同义：excuse for, pray for	同根：pleading  恳求的；pleadingly  诉愿地；祈求地；pleading  恳求；答辩；辩论，诉状
kidney	/ˈkɪdni/	n.  肾， 肾脏	a kidney transplant	肾脏移植	同义：personality	
gleam	/ɡlim/	n&vi.  闪亮， 闪烁； 闪现， 流露	His black hair gleamed in the sun.	他的黑头发在阳光下闪闪发光。	同义：glimmer, spark, flicker	
ambitious	/æmˈbɪʃəs/	adj.  有抱负的， 雄心勃勃的； 有野心的	Alfred was intensely ambitious, obsessed with the idea of becoming rich.	艾尔弗雷德雄心勃勃，一心想着发财。	同义：thirsty	同根：ambitiously  雄心勃勃地；劲头十足地；热切地；ambition  野心，雄心；抱负，志向；ambitiousness  不凡的抱负
function	/ˈfʌŋkʃən/	vi.  工作， 运行； 起作用 n. 功能，职务；【数】函数；重大聚会	Her legs have now ceased to function .	她的双腿现在已经丧失正常功能了。	同义：action, exercise one's activity	同根：functional  功能的；functionalist  机能主义的；实用主义的；functionally  功能地；函数地；职务上地
stock	/stɑk/	v. 储备 adj.  常用的， 常备的 n. 原料，库存品；股本，公债；世系，血统；汤汁；家畜，牲畜	We stock a wide range of kitchen equipment.	我们备有各种厨房用品。	同义：birth, ordinary, be furnished with, corner	同根：stockholding  持有股份的；stockbroker  [金融] 股票经纪人；stockholder  股东；股票持有人
sneak	/snik/	vi. 偷偷地走，溜 vt.  偷偷地做	I snuck her a note.	我偷偷塞给她一张纸条。	同义：steal, informer, under-the-table	同根：sneaky  鬼鬼祟祟的；暗中的，卑鄙的；sneaking  鬼鬼祟祟的；私下的；卑鄙的；sneakingly  卑鄙地；偷偷地
void	/vɔɪd/	adj. 无效的；没有的，缺乏的 n. 空虚感，寂寞感；真空，空白 vt.  使无效	Her eyes were void of all expression.	她的眼神一片茫然。	同义：empty, vacuum, invalidate	同根：voidable  可撤销的；可使无效的；voidance  无效；取消；排泄；空缺；voider  放弃；废弃的人（物）
comparison	/kəmˈpærɪsn/	n.  比较， 对照； 比拟， 比喻	Her paintings invite comparison with those of the early Impressionists (= they remind you of them ) .	她的画作让人想起早期的印象派作品。	同义：parabole	同根：comparative  比较的；相当的；comparable  可比较的；比得上的；comparatively  比较地；相当地
surge	/sɝdʒ/	vi. 蜂拥而出；洋溢，奔放；汹涌，奔腾 n.  洋溢， 奔放； 急剧上升， 猛增； 浪涛般汹涌奔腾	The photographers and cameramen surged forward.	那些摄影和摄像师们涌向前去。	同义：very rough seas, sharp rise, jolt	
swap	/swɑp/	n&v.  交换	Do you want to swap umbrellas?	你想交换雨伞吗？	同义：exchange, trade	
ritual	/ˈrɪtʃuəl/	adj.  作为仪式一部分的； 例行的 n. 仪式；例行公事，老规矩	ritual dances	仪式舞蹈	同义：tradition, routine	同根：ritualistic  仪式的；固守仪式的；惯例的；ritually  仪式上地；依据仪式上地；rite  仪式；惯例，习俗；典礼
liability	/ˈlaɪəˈbɪləti/	n.  责任； 负债， 债务； 不利条件， 起妨碍作用的人	A kid like Tom would be a liability in any classroom.	像汤姆这样的孩子放到任何班上都是个累赘。	同义：duty	同根：liable  有责任的，有义务的；应受罚的；有…倾向的；易…的
hatch	/hætʃ/	vt. 孵出；筹划， n.  舱门； 开口； 孵化	The eggs take three days to hatch.	这些蛋要三天时间才能孵化。	同义：incubation, engineer, incubate	同根：hatched  阴影线的；hatching  孵化的；hatching  [禽] 孵化；剖面线；画影线
patriot	/ˈpetrɪət/	n.  爱国者， 爱国主义者	It has been suggested the founders were not true patriots but men out to protect their own interests.	有人指出创建者并非真正的爱国者，而是一些维护自己利益的人。	同义：Aigo	同根：patriotic  爱国的；patriotically  爱国地；忧国地；patriotism  爱国主义；爱国心，爱国精神
tick	/tɪk/	vi.  发出滴答声 n. 记号，勾号；滴答声 vt. 给…标记号	The old clock ticked noisily.	那只古老的钟大声地嘀嗒着。	同义：marks, tictoc	同根：ticker  滴答响的东西；自动收报机；钟表；断续器；ticking  坚质条纹棉布或亚麻布；（指钟表发出的）滴答响声
basis	/ˈbesɪs/	n.  基础， 根据； 原则	Their claim had no basis in fact (=  it was not true  ) .	他们的说法没有事实根据。	同义：elements	同根：basilar  头盖骨底部的；[生物] 基部的
tutor	/ˈtʊtɚ/	v.  当…导师， 当…家庭教师 n. 导师；家庭教师，私人教师	He was privately tutored.	他是由家庭教师教的。	同义：restrict, mentors	同根：tutorial  辅导的；家庭教师的，个别指导的；tutorial  个别指导；tutelage  监护；指导
senator	/ˈsɛnətɚ/	n.  参议员	Senator Kennedy	肯尼迪参议员	同义：commissioner	同根：senatorial  参议院的；参议员的；senate  参议院，上院；（古罗马的）元老院；senatorship  参议员之职
successive	/səkˈsɛsɪv/	adj.  连续的， 接连的	The team has had five successive victories.	这支球队已经连胜五场了。	同义：continuing	同根：successively  相继地；接连着地；succession  连续；继位；继承权；轮栽；successor  继承者；后续的事物
quantify	/ˈkwɑntɪfaɪ/	vt.  确定…的数量， 量化	an attempt to quantify the region’s social and economic decline	对该地区社会和经济衰退进行量化的尝试		同根：quantitative  定量的；量的，数量的；quantifiable  可以计量的；quantized  量化的；量子化的
reconcile	/ˈrɛkənsaɪl/	vt.  使协调； 使和解； 使顺从， 使甘心	Jonah and his youngest son were, on the surface at least, reconciled.	乔纳和他小儿子和好了，至少表面上如此。	同义：accord	同根：reconcilable  不矛盾的；可和解的；可调和的；reconciliation  和解；调和；和谐；甘愿
tempt	/tɛmpt/	vt.  吸引， 引起…的兴趣； 引诱， 诱惑	If you leave valuables in your car it will tempt thieves.	如果把贵重物品留在车上，会招来小偷的。	同义：attract	同根：tempting  吸引人的；诱惑人的；temptable  可诱惑的；易被诱惑的；temptingly  诱惑人地；迷人地
obligation	/,ɑblɪˈɡeʃən/	n.  义务， 责任	Employers have an obligation to treat all employees equally.	雇主有责任对所有员工一视同仁。	同义：debt	同根：obliged  必须的；感激的；有责任的；obligatory  义务的；必须的；义不容辞的；obligate  有责任的，有义务的；必需的
paperback	/ˈpepɚbæk/	n.  平装本， 简装本	a shelf full of paperbacks	放满了平装书的书架		同根：paperbacked  平装的；纸面的；paperbacked  以平装本出版（paperback的过去式及过去分词）
evil	/ˈivl/	adj.  坏的 n. 邪恶，祸害	an evil dictator responsible for the deaths of millions	应对数百万人之死负责的邪恶独裁者	同义：harmful, sin	同根：evilly  邪恶地；evilness  邪恶；恶运；有害
rarely	/ˈrɛrli/	adv.  不常， 难得				同根：rare  稀有的；半熟的；稀薄的；rare  非常；极其；rareness  稀薄；稀罕；珍奇
hawk	/hɔk/	n. 鹰，隼；“鹰派”人物 vt.  叫卖， 兜售	Oil thieves sometimes hawk stolen gasoline on the side of highways.	石油大盗们有时在公路边上兜售偷来的石油。	同义：tout, have a cough, eagle	同根：hawkish  鹰派的；强硬派的；hawker  叫卖小贩；饲鹰者；hawking  利用鹰行猎
twist	/twɪst/	v. 缠绕，盘绕；转动，旋动；捻，搓；歪曲，曲解；扭歪，扭伤；曲折前进；转身 n.  扭弯； 转折， 转变； 弯曲， 曲折处	Her hands began to twist the handles of the bag she carried.	她的双手开始拧她拎着的那个包的拎柄。	同义：screw, distortion, bend	同根：twisted  扭曲的；twisting  缠绕的；曲折的；转动的；twisty  扭曲的；弯弯曲曲的；狡猾的；转弯抹角的
forthcoming	/,fɔrθˈkʌmɪŋ/	adj.  即将到来的； 可得到的； 乐于提供消息的	the forthcoming elections	即将到来的选举	同义：upcoming, oncoming	
patriotic	/ˌpetrɪˈɑtɪk/	adj.  爱国的， 有爱国心的， 显示爱国精神的	patriotic songs	爱国歌曲		同根：patriotically  爱国地；忧国地；patriot  爱国者；patriotism  爱国主义；爱国心，爱国精神
complication	/,kɑmplɪˈkeʃən/	n.  困难， 难题； 并发症	Pneumonia is one of the common complications faced by bed-ridden patients.	肺炎是卧床病人所面临的常见并发症之一。	同义：chaos	同根：complicated  难懂的，复杂的；complicate  使复杂化；使恶化；使卷入
perplex	/pɚˈplɛks/	vt.  使困惑， 使费解； 使复杂化	Shea’s symptoms perplexed the doctors.	谢伊的症状令医生们困惑。	同义：bepuzzle	同根：perplexing  复杂的，令人费解的；令人困惑的；perplexed  困惑的；不知所措的；perplexedly  为难地；困窘地
combat	/ˈkɑmbæt/	n. 战争，斗争，格斗 vt.  与…斗争， 与…战斗	We flew over 200 combat missions in the war.	我们在战争中执行过两百多次战斗飞行任务。	同义：sit down on, fight, action, fighting	同根：combative  好战的；好事的；combatant  战斗的；好斗的；combatant  战士；争斗者
levy	/ˈlɛvi/	vt. 征收 n.  征税， 税款	They levied religious taxes on Christian commercial transactions.	他们对基督教的商业交易征收宗教税。	同义：collection, toll, tax collection	
indulge	/ɪnˈdʌldʒ/	vi.  沉溺， 纵容自己， 肆意从事 vt. 使沉溺于，满足；纵容，迁就	Only rarely will she indulge in a glass of wine.	她只是偶尔才会喝上杯葡萄酒。	同义：meet, luxuriate	同根：indulgently  溺爱地；放任地；indulgence  嗜好；放纵；纵容；沉溺；indulging  沉迷其中
intimidate	/ɪnˈtɪmɪdet/	vt.  恐吓， 威胁	Attempts to intimidate her failed.	恐吓她的企图失败了。	同义：cow	同根：intimidating  吓人的；intimidated  害怕的；受到恐吓的；intimidation  恐吓，威胁
effective	/ɪˈfɛktɪv/	adj.  有效的； 有影响的	The cheaper drugs are just as effective in treating arthritis.	较便宜的药品对治疗关节炎同样有效。	同义：valid	同根：effectively  有效地，生效地；有力地；实际上；effectually  有效地；全然；实质上；effect  影响；效果；作用
unity	/ˈjunəti/	n.  单一， 统一， 团结； 和睦， 协调	economic unity	经济统一	同义：accordance	同根：united  一致的，统一的；团结的，和睦的；unitedly  团结一致地；联合在一起地；uniting  合并
pursue	/pəˈsʊ/	vt.  继续， 从事； 追赶， 追踪； 追求	She plans to pursue a career in politics.	她计划从政。	同义：maintain, give chase	同根：pursuant  依据的；追赶的；随后的；pursuant  根据；依照；pursuantly  因此；从而
vulgar	/ˈvʌlɡɚ/	adj.  粗野的， 下流的； 庸俗的， 粗俗的	vulgar behaviour	粗俗的行为	同义：popular, populace	同根：vulgarly  通俗地；庸俗地；普通地；vulgarity  粗俗；粗俗语；粗野的动作；vulgarism  粗俗语；粗鄙；下流话
catastrophe	/kəˈtæstrəfi/	n.  大灾难， 灾祸	From all points of view, war would be a catastrophe.	从各个方面来看，战争都会是一场灾难。	同义：fiasco	同根：catastrophic  灾难的；悲惨的
convey	/kənˈve/	vt.  表达； 传递； 运送， 输送	All this information can be conveyed in a simple diagram.	所有这些信息可以通过一张简单的图表来表示。	同义：communicate	同根：conveyable  可传达的；可搬运的；可转让的；conveyor  输送机，[机] 传送机；传送带；运送者，传播者；conveyance  运输；运输工具；财产让与
design	/dɪˈzaɪn/	vt. 设计；预定，指定 n.  设计， 构想； 图样； 企图	The tower was designed by Gilbert Scott.	这座塔楼是吉尔伯特·斯科特设计的。	同义：project, programming, project	同根：designer  由设计师专门设计的；享有盛名的；赶时髦的；designed  有计划的，原意的；故意的；designing  有计划的；狡猾的
generous	/ˈdʒɛnərəs/	adj.  慷慨的， 宽厚的； 大量的	a generous glass of wine	一大杯葡萄酒	同义：handsome	同根：generously  慷慨地；宽大地；丰盛地；generosity  慷慨，大方；宽宏大量；generousness  丰富，肥沃；宽大
coincidence	/koˈɪnsɪdəns/	n.  巧合， 巧事； 一致， 符合	‘I’m going to Appleby tomorrow.’ ‘ What a coincidence ! I’m going there too.’	“明天我要去阿普尔比。”“太巧了！我也要去那里。”	同义：accordance	同根：coincident  一致的；符合的；同时发生的；coincidental  巧合的；符合的；暗合的；一致的；coincidentally  巧合地；一致地
victim	/ˈvɪktɪm/	n.  牺牲者； 受害者	The victim received head injuries from which she died a week later.	受害人头部受伤，一周后死亡。	同义：sacrificial lamb	同根：victimization  牺牲；欺骗；victimisation  牺牲；受害；欺骗（等于victimization）；victimize  使受害；使牺牲；欺骗
bust	/bʌst/	vi. 爆裂，坏掉 vt. 打破，打碎 n.  胸像， 半身像； 胸部， 胸围	I bust my watch this morning.	今天早上我把手表摔坏了。	同义：fail, seize, failure	同根：busted  被降级的；破产了的；失败了的；busty  大胸脯的，胸部丰满的；bustier  胸部丰满的（busty的比较级）
skull	/skʌl/	n.  颅骨， 脑壳	Her husband was later treated for a fractured skull.	她丈夫后来因颅骨碎裂而接受治疗。	同义：crania	
hysterical	/hɪˈstɛrɪkl/	adj.  情绪异常激动的， 歇斯底里般的	Janet became hysterical and began screaming.	珍妮特歇斯底里起来，开始尖叫。	同义：fey	同根：hysteric  歇斯底里的；癔病的；亢奋的；hysterically  歇斯底里地；hysteria  癔病，歇斯底里；不正常的兴奋
lane	/len/	n.  小路， 跑道； 航道， 航线	a quiet country lane	一条宁静的乡间小路	同义：vector	
ammunition	/,æmjuˈnɪʃən/	n.  弹药， 军火	He had only seven rounds of ammunition for the revolver.	他只有7发左轮手枪的弹药。	同义：ammo	
chief	/tʃif/	adj. 主要的，为首的；总的 n.  首领， 长官； 酋长， 族长	One of the chief causes of crime today is drugs.	毒品是如今犯罪的主要诱因之一。	同义：leader, primary, mainly	同根：chiefly  主要地；首先；chieftaincy  酋长或首领的地位或职位；chieftainship  首领或酋长的地位
accord	/əˈkɔrd/	v.  相符合， 相一致， 相和谐； 授予， 赠与， 给予 n. 一致，符合；谅解，协议	You will not be accorded any special treatment.	你不会得到任何特殊待遇。	同义：agreement, afford, cotton	同根：according  相符的；accordant  一致的；调和的；according  依照
foremost	/ˈfɔrˈmost/	adj.  最好的， 最著名的， 最重要的	one of the country’s foremost authorities on chemical warfare	该国化学战方面的最高权威之一	同义：principal, firstly	
automatic	/ˈɔtəˈmætɪk/	adj.  自动的； 必然发生的； 无意识的 n. 自动机械	an automatic weapon	自动武器	同义：inevitable, robot	同根：automatically  不经思索的；automated  自动化的；机械化的；automatically  自动地；机械地；无意识地
despite	/dɪˈspaɪt/	prep.  不管， 不顾	Liz realized that, despite herself, she cared about Edward.	利兹发现自己不由自主地在乎爱德华。	同义：in spite of, hate	同根：despiteful  有恶意的；故意为难的
probe	/prob/	v. 探索，查究，调查；用探针探查，探测 n.  探针， 探测器； 探索， 调查	Police probed claims that he had sold drugs.	警方就有人称他贩卖毒品一事进行了调查。	同义：investigation, examine, burrow into	同根：probing  好探索的；深入锐利的；probation  试用；缓刑；查验；probing  探索；探查
assimilation	/əˌsɪməˈleʃən/	n.  同化， 同化作用； 消化	Ethnic amalgamation ethnic assimilation and ethnic fusion of culture are three kinds of different phenomena in ethnic relation.	民族融合、民族同化和民族文化融合是民族关系中存在的三种不同的现象。	同义：absorption	同根：assimilative  同化的；同化力的；assimilable  可同化的；可吸收的；assimilatory  同化的；同化力的；同化作用的
groan	/ɡron/	vi. 呻吟，抱怨；发出呻吟般的声音 n.  呻吟， 抱怨； 呻吟般的声音	The kids all groaned when I switched off the TV.	我关掉电视时，孩子们都发出不满的抱怨声。	同义：beef about, beef about, suspiration	
industrial	/ɪnˈdʌstrɪəl/	adj.  工业的， 产业的	By 1900, Britain was a mainly industrial society.	到1900年英国已基本进入工业社会。		同根：industrious  勤勉的；industrialized  工业化的；industriously  勤奋地，努力地
conduct	/kənˈdʌkt/	n. 举止，行为；指导；管理，实施 [kən'dʌkt] vt.  进行； 管理， 指挥， 引导； 传输， 传导	The Senator’s conduct is being investigated by the Ethics Committee.	该参议员的行为正受到道德委员会的调查。	同义：lead through, manage, going on	同根：conductive  传导的；传导性的；有传导力的；conductor  导体；售票员；领导者；管理人；conduction  [生理] 传导
velvet	/ˈvɛlvɪt/	n.  天鹅绒， 丝绒	green velvet drapes	绿色丝绒帷帘	同义：continental quilt	同根：velvety  天鹅绒般柔软的；醇和的，可口的
quantitative	/ˈkwɑntətetɪv/	adj.  量的， 定量的	...the advantages of quantitative and qualitative research.	…定量和定性研究的优点。	同义：mensurable	同根：quantitatively  数量上；分量上；quantity  量，数量；大量；总量；quantification  [统计] 定量，量化
stable	/ˈstebl/	adj. 稳定的，不变的；沉稳的，持重的 n.  厩， 马厩， 牛棚	A wide base will make the structure much more stable.	宽大的底座会使结构牢固许多。	同义：mews, steady	同根：stabilized  稳定的；减摇的；stabile  稳定的；固着的；stably  平稳地；坚固地；安定地
reunion		n.  重聚， 团聚； 聚会， 联谊活动	an annual reunion	一年一度的聚会		
fantastic	/fænˈtæstɪk/	adj.  极好的， 极出色的； 了不起的； 极大的； 难以相信的； 异想天开的， 不实际的； 奇异的， 古怪的	You look fantastic!	你看上去棒极了！	同义：wonderful, weirdo	同根：fantasy  虚幻的；fantastical  空想的；捕风捉影的；fantastically  想像中地；奇特地；难以置信地
drainage	/ˈdrenɪdʒ/	n.  排水系统， 下水道； 排水， 放水	A handful of pebbles in the bottom of a flowerpot will help drainage.	在花盆底下放一把鹅卵石能够帮助排水。	同义：wastewater	同根：drain  排水；下水道，排水管；消耗；drain  排水；流干；drain  喝光，耗尽；使流出；排掉水
respond	/rɪˈspɑnd/	vi.  回答， 答复； 作出反应， 响应	They are likely to respond positively to the president's request for aid.	他们有可能积极地回应该总统的援助请求。	同义：reply, answering	同根：responsible  负责的，可靠的；有责任的；respondent  回答的；应答的；responsive  响应的；应答的；回答的
incident	/ˈɪnsɪdənt/	n.  发生的事， 事件	Am I at risk because of some incident in my sexual past?	我过去性生活中的某件事会使我处于危险境地吗？	同义：event, incoming	同根：incidental  附带的；偶然的；容易发生的；incidentally  顺便；偶然地；附带地；incidence  发生率；影响；[光] 入射；影响范围
lame	/lem/	adj.  跛的， 瘸的； 站不住脚的， 差劲的； 蹩脚的	a lame attempt to deflect criticism	转移批评的一个无力的尝试	同义：incomplete, founder, cripple	同根：lamely  一瘸一拐地；不完全地；lameness  跛；残废；僵而疼痛的
tub	/tʌb/	n.  桶， 塑料杯， 纸杯； 盆， 洗澡盆， 浴缸	I had a long soak in the tub.	我在浴缸里泡了很久。	同义：bath	同根：tubby  桶状的；发钝音的；肥胖的；tubber  桶匠；tubbiness  粗短；钝音；桶状
cluster	/ˈklʌstɚ/	vi. 群集，丛生 n. 串，簇；群，组 vt.  使群集， 集中	Do this for all nodes in the cluster.	对集群中的所有节点都这样做。	同义：gang, bush, converge	同根：clustered  成群的；聚集成群的；clustering  聚集，收集；分类归并；clustered  聚合（cluster的过去式）
prey	/pre/	vi.  捕食； 折磨， 使烦恼 n. 被捕食的动物，捕获物；受害者	The effect was to disrupt the food chain, starving many animals and those that preyed on them.	后果是打断食物链，使许多动物和捕食它们的动物饿死。	同义：grind down, victim	
apparatus	/ˌæpəˈrætəs/	n.  器械， 器具， 仪器； 机构， 组织	Astronauts have special breathing apparatus.	航天员有专门的呼吸装装备。	同义：device	
lieutenant	/luˈtɛnənt/	n.  陆军中尉； 海军上尉			同义：Lieutenant Junior Class	同根：lieutenancy  代理官员；中尉之军衔
tug	/tʌɡ/	v. 用力拖 n.  拖船； 猛拉， 牵引	She removed the bandage with a sharp tug.	她猛地一拉，扯下绷带。	同义：tugboat, contest, rouse up	同根：tugger  拖拉装置绞车；轻便绞车；拖拉器；卷扬机
expedition	/,ɛkspəˈdɪʃən/	n.  旅行， 远征； 远征队， 探险队， 考察队； 迅速， 动作敏捷	an expedition to the North Pole	北极探险	同义：velocity	同根：expedite  畅通的；迅速的；方便的；expeditious  迅速的；敏捷的；expeditionary  远征的；探险的；讨伐的；考察的
decay	/dɪˈke/	vi. 腐烂，衰败 n.  腐烂， 衰败状态	Her body was already starting to decay.	她的尸体已经开始腐烂。	同义：fail, recession, corrupt	同根：decayed  腐烂的；腐败的；衰退的；decayed  腐烂；衰退（decay的过去分词）
grieve	/griv/	vi. 感到悲痛，伤心 vt.  使伤心， 为…而伤心	People need time to grieve after the death of a loved one.	人们在所爱之人去世后会有一段悲伤期。	同义：harry, mourn over	同根：grievously  令人悲伤地；极其痛苦地；grief  悲痛；忧伤；不幸
absorb	/æbˈsɔrb; æbˈzɔrb; əbˈsɔrb/	vt.  吸收； 吸引…的注意， 使全神贯注； 把…并入， 同化	Plants absorb nutrients from the soil.	植物从土壤中吸收养分。	同义：attract	同根：absorbed  被吸收的；一心一意的；absorbent  能吸收的；absorbing  吸引人的；极有趣的
concern	/kənˈsɝn/	n. 关切的事，有关的事；关心，挂念；关系，关联；公司，企业 vt.  涉及， 有关； 使关心， 使担心	He was moved by her obvious concern.	她明显的关心使他感动。	同义：deal with, relationship	同根：concerned  有关的；关心的；concernedly  担心地；关心公众事务地；concerned  关心（concern的过去时和过去分词）；与…有关
fracture	/ˈfræktʃɚ/	v. 断裂，折断 n.  裂缝， 裂痕； 折断	The immense pressure causes the rock to fracture.	巨大的压力造成岩石断裂。	同义：cracking, crack, crack	
rectify	/ˈrɛktɪfaɪ/	vt.  纠正， 修复	I did my best to rectify the situation, but the damage was already done.	我竭尽全力去挽回局面，但损害已经造成了。	同义：correct	同根：rectified  改正的，整流的；精馏过的；rectifiable  [化工] 可精馏的；可矫正的；可改正的；rectification  改正，矫正；[化工] 精馏；[电] 整流；[数] 求长
integrity	/ɪnˈtɛɡrəti/	n.  正直， 诚实， 诚恳； 完整， 完全， 完善	the territorial integrity of the country	国家的领土完整	同义：truth	同根：integrate  整合的；完全的；integral  积分的；完整的，整体的；integrated  综合的；完整的；互相协调的
refrain	/rɪˈfren/	vi. 抑制，克制，戒除 n.  叠句， 副歌	Mrs. Hardie refrained from making any comment.	哈迪太太忍住了没做任何评论。	同义：deny oneself, repeat	
pact	/pækt/	n.  契约， 协定， 条约	the Warsaw pact	华沙条约	同义：convention	
notation	/noˈteʃən/	n.  记号， 标记法	Musical notation was conceived for the C major scale and each line and space represents a note in this scale.	乐谱为C大音阶而构思，在这个音阶中的每一个线和间都代表一个音符。	同义：symbol	同根：notable  值得注意的，显著的；著名的；noted  著名的；显著的；附有乐谱的；note  笔记；音符；票据；注解；纸币；便笺；照会；调子
merge	/mɝdʒ/	v.  结合， 合并， 合为一体	The company plans to merge its subsidiaries in the US.	该公司计划合并其在美国的几家子公司。	同义：conflate, incorporate with	同根：merged  合并的；结了婚的；merger  （企业等的）合并；并购；吸收（如刑法中重罪吸收轻罪）；merging  合并；[计][数] 归并
liable	/ˈlaɪəbl/	adj.  易于…的， 可能的	The car is liable to overheat on long trips.	这辆汽车跑长途容易过热。	同义：responsible	同根：liability  责任；债务；倾向
recycle	/,riˈsaɪkl/	vt.  回收利用	We take all our bottles to be recycled.	我们把我们所有的瓶子都回收利用。	同义：regeneration	同根：recyclable  可回收利用的；可再循环的；recycling  （资源、垃圾的）回收利用；recycling  回收；再循环利用（recycle的现在分词）
dock	/dɑk/	vi.  靠码头， 进港 n. 码头，船埠；被告席 vt. 使靠码头；扣	The crash happened as the ferry attempted to dock on Staten Island.	这次碰撞发生于渡船试图停靠在斯塔滕岛时。	同义：landing, crop	同根：docking  入坞的；docking  入坞；docker  码头工人
marsh	/mɑrʃ/	n.  沼泽， 湿地	We gonna mosh through the marsh, take us right through the doors.	我们要在这沼泽中前进， 使我们的权利通过这些门。	同义：wetland, palustrine	同根：marshy  沼泽的；湿地的
element	/ˈɛləmənt/	n.  成分， 要素， 元素； 基础， 纲要； 自然力	Business and management elements are built into the course.	本课程加入了商务和管理方面的内容。	同义：theory	同根：elementary  基本的；初级的；[化学] 元素的；elemental  基本的；主要的；自然力的；四大要素的（土、水、气、火）
exclaim	/ɪkˈsklem/	vi.  呼喊， 惊叫	‘No!’ she exclaimed in shock.	“不！”她惊呼道。	同义：bay	
ballet	/bæˈle/	n.  芭蕾舞， 芭蕾舞剧； 芭蕾舞团	We’re going to the ballet tomorrow evening.	我们明天晚上要去看芭蕾舞演出。		同根：balletic  似芭蕾舞的
mute	/mjut/	adj. 缄默的，无声的；哑的，不会说话的；不发音的 vt.  消除， 减轻	Billy continued to stand there, mute and defiant.	比利还是站在那儿一声不吭，一副不服气的样子。	同义：silent, sordino	同根：muted  柔和的；无言的；趋缓的；mutely  无言地；不发声地；muting  叛变；兵变；静音
courtesy	/ˈkɝtəsi/	n.  谦恭有礼； 有礼貌的举止	It’s a matter of common courtesy to acknowledge letters.	确认收到来信是起码的礼貌。	同义：grace, red-carpet	同根：courteous  有礼貌的；谦恭的；courtly  尊严而有礼貌的；奉承的；有宫廷气派的，威严的；courteously  有礼貌地；亲切地
warehouse	/ˈwɛrhaʊs/	n.  仓库， 货栈	The building opposite us is the warehouse.	我们对面的那个建筑是仓库。	同义：stockroom	同根：warehousing  储仓；（商业银行所提供的）周转性短期贷款；warehousing  把…存入仓库；使落栈（warehouse的现在分词）
recognize	/ˈrɛkəɡˌnaɪz/	vt.  认出， 识别； 承认， 确认， 认可； 赏识， 表彰， 报偿	I didn’t recognize you in your uniform.	你穿上制服我认不出你了。	同义：identify, accept	同根：recognized  公认的；经过验证的；recognised  认可的；recognizable  可辨认的；可认识的；可承认的
restraint	/rɪˈstrent/	n.  抑制， 限制， 克制； 约束措施， 约束条件	The police were praised for their restraint in handling the demonstrators.	警方因对待示威者时所表现出的克制而受到赞扬。	同义：checking	同根：restrained  克制的，受限制的；拘谨的；restrainer  [摄] 抑制剂（尤指摄影中用的溴化钾等）；限制器；控制者；restrained  抑制；约束（restrain的过去分词）
pollutant	/pəˈlutənt/	n.  污染物质	a dumping ground for toxic pollutants	有毒污染物堆放场	同义：contamination	同根：polluted  受污染的；被玷污的；pollution  污染；polluter  污染者；污染源；污染物质
bamboo	/,bæmˈbu/	n.  竹， 竹子	...huts with walls of bamboo.	…竹墙小屋。	同义：Abo	
input	/ˈɪnˈpʊt/	n. 输入；投入的资金，输入的数据 vt.  把…输入计算机	If the input data specified it, the file will close and the process terminates.	如果输入数据指定，该文件就会关闭，数据处理终止。	同义：investment, type in	
induce	/ɪnˈdus/	vt.  引导， 劝； 引起， 导致	She had to be induced because the baby was four weeks late.	她的孩子晚了四星期仍未出生，因此要给她引产。	同义：attract	同根：inductive  [数] 归纳的；[电] 感应的；诱导的；induced  感应的；诱发型；inducing  产生诱导作用的
abnormal	/æbˈnɔːrml/	adj.  反常的， 异常的	abnormal behaviour	反常行为	同义：unnatural	同根：abnormally  反常地；变态地；不规则地；abnormality  异常；畸形，变态；abnormalcy  反常；变态；畸形（等于abnormality）
shrewd	/ʃrud/	adj.  机灵的， 敏锐的， 精明的	Malcolm is a shrewd businessman.	马尔科姆是个精明的商人。	同义：designing, astuteness	同根：shrewdly  精明干练地；机灵地；刁钻地；shrewdness  精明；机灵
stereotype	/ˈstɛrɪətaɪp/	n. 陈规，老套，固定的模式 vt.  对…形成固定看法	There's always been a stereotype about successful businessmen.	对成功的商人们总有一种成见。	同义：truism	同根：stereotyped  用铅版印刷的；老一套的；stereotyped  把…浇铸成铅版；使成为陈规（stereotype的过去分词）；sterilize  消毒，杀菌；使成不毛；使绝育；使不起作用
molecule	/ˈmɑlɪkjul/	n.  分子	The molecules of oxygen gas contain just two atoms.	氧分子中只有两个原子。	同义：numerator of a fraction	
enroll	/ɪnˈrol/	vi. 入学，加入 vt.  招收， 吸收	And, with the rise of online education, you can even enroll in certified programs that allow you to learn and improve your career during your off-hours.	并且，随着在线教育的崛起，你甚至可以参加认证课程，在下班工夫里学习和改善本人的职业生涯。	同义：register, participate in	同根：enrollment  登记；入伍；enrolment  登记，注册；入学；enrolled  登记（入会；卷）
resign	/rɪˈzaɪn/	vi. 辞职；听任 vt.  辞去， 放弃； 使顺从	A hospital administrator has resigned over claims he lied to get the job.	一位医院主管因为有人声称他的职位是骗来的而辞职了。	同义：yield, step down	同根：resigned  顺从的；已辞职的；己放弃的；resignedly  听从地；服从地；resignation  辞职；放弃；辞职书；顺从
safeguard	/ˈsefɡɑrd/	vt. 保护，维护 n.  预防措施； 保证条款	technology that will safeguard the environment	将会保护环境的技术	同义：protection, secure	同根：safekeeping  安全保护，妥善保管；safekeeping  保护（safekeep的ing形式）
diligent	/ˈdɪlɪdʒənt/	adj.  勤勉的， 勤奋的	a diligent student	勤勉的学生	同义：industrious	同根：diligently  勤奋地；勤勉地；diligence  勤奋，勤勉；注意的程度
sophisticated	/səˈfɪstɪketɪd/	adj.  老于世故的； 高级的； 精密的， 复杂的； 高雅的	sophisticated software	很先进的软件	同义：complicated, mystified	同根：sophomore  二年级的；二年级学生的；sophisticatedly  老练地；sophomore  大学二年级生；（美）有二年经验的人
entertainment	/ˌɛntɚˈtenmənt/	n.  娱乐， 文娱节目， 表演会； 招待， 款待， 请客	The town provides a wide choice of entertainment.	该镇提供各式各样的娱乐活动。	同义：recreation	同根：entertaining  令人愉快的；entertaining  款待（entertain的ing形式）；entertain  款待
reside	/rɪˈzaɪd/	vi.  居住， 定居； 存在， 在于	He spent most of his time in Rutherglen, where his family resided.	他大部分时间都在拉瑟格伦度过，他的家人就在那里居住。	同义：occupy	同根：resident  居住的；住院医师；定居的；residential  住宅的；与居住有关的；resident  居民
indicative	/ɪnˈdɪkətɪv/	adj. 标示的，指示的，象征的；陈述的 n.  【语】陈述语气	This behaviour is indicative of her whole attitude, I’m afraid.	这一行为恐怕已表明了她的总体态度。	同义：symbolic	同根：indicant  指示的；表示的；indicatory  表示的；指示的；indicator  指示器；[试剂] 指示剂；[计] 指示符；压力计
ward	/wɔrd/	n.  病房； 区； 受监护人	the other patients in the ward	病房里的其他病人	同义：observation, avoid	同根：warder  看守；守卫；典狱官
dread	/drɛd/	vt. 担忧，忧虑；惧怕 n.  担忧， 畏惧	I’ve got an interview tomorrow and I’m dreading it.	明天我要去面试，我正担心呢。	同义：fear, worry, worry, terrible	同根：dreadful  可怕的；糟透的，令人不快的；dreaded  令人畏惧的，可怕的；dreadfully  可怕地；极其
scrutiny	/ˈskrutəni/	n.  详细检查， 仔细观察	Their activities have come under police scrutiny .	他们的活动受到警方的严密监视。	同义：observation	同根：scrutinize  仔细或彻底检查；scrutinize  细阅；作详细检查；scrutinise  作仔细检查；细致观察
chase		n&vt.  追逐， 追赶， 追求	The dogs saw him running and chased him.	那些狗看到他在跑就追他。	同义：go after, pursue, pursuit	同根：chaser  驱逐舰；猎人；饮烈酒后喝的饮料；[机] 螺纹梳刀
accident	/ˈæksədənt/	n.  意外， 事故	I met her quite by accident (=  completely by accident  ) .	我遇见她完全是偶然。	同义：occurring	同根：accidental  意外的；偶然的；附属的；临时记号的；accidentally  意外地；偶然地；accidental  次要方面；非主要的特性；临时记号
promote	/prəˈmot/	vt.  促进， 增进， 发扬； 提升； 宣传， 推销	You don't have to sacrifice environmental protection to promote economic growth.	你们没有必要牺牲环保来促进经济增长。	同义：facilitate	同根：promotional  促销的；增进的；奖励的；promotive  奖励的；增进的；助长的；promotion  提升，[劳经] 晋升；推销，促销；促进；发扬，振兴
routine	/rʊˈtin/	adj.  例行的， 常规的 n. 例行公事，惯例，惯常的程序	You mustn’t worry. These are just routine enquiries.	你不必担心，这只是例行的询问。	同义：procedure, daily	同根：routinely  例行公事地；老一套地；routineer  职员；墨守成规者；[通信] 定期测试装置
attack	/əˈtæk/	n&vt.  攻击， 进攻； 突然发作	a bomb attack	炸弹袭击	同义：attempt, have at, eat	同根：attacker  攻击者；进攻者
divorce	/dɪˈvɔrs/	n. 离婚，离异 vt.  离婚； 分离， 脱离	Why doesn’t she get a divorce ?	她为什么不离婚呢？	同义：separate, separation	同根：divorced  离婚的；divorcement  离婚；分离
tariff	/ˈtærɪf/	n.  关税， 税率； 价目表， 收费表	America wants to eliminate tariffs on items such as electronics.	美国想要取消电子类产品的关税。		
attach	/əˈtætʃ/	vt.  缚， 系， 贴， 附加； 使依恋， 使喜爱； 使附属； 认为有	When approving a merger, the commission can attach conditions.	委员会在批准公司合并时可能附加条件。	同义：stick on, to accompany	同根：attached  附加的；依恋的，充满爱心的；attachable  可附上的；可连接的；可逮捕的；可没收的；attachment  附件；依恋；连接物；扣押财产
graphic	/ˈgræfɪk/	adj.  生动的， 形象的； 绘画的， 文字的， 图表的	...fine and graphic arts.	…美术与制图艺术。	同义：ikonic	同根：graphical  图解的；绘画的；生动的；graphically  生动地；活灵活现地；用图表表示；轮廓分明地；graph  图表；曲线图
convict	/kənˈvɪkt/	vt. 证明…有罪，宣判…有罪['kɒnvɪkt] n.  囚犯	a convicted murderer	已定罪的谋杀犯	同义：criminal offender	同根：conviction  定罪；确信；证明有罪
retention	/rɪˈtɛnʃən/	n.  保留， 保持	The Citizens' Forum supported special powers for Quebec but also argued for the retention of a strong central government.	《市民论坛》支持魁北克的特殊权力，但是也主张保留一个强有力的中央政府。	同义：memory	同根：retentive  保持的；记性好的；retentively  记性好地；保持地；retentiveness  好记性；保持力
creation	/krɪˈeʃən/	n.  创造， 创建； 创造的作品， 产物； 宇宙， 天地万物	a job creation scheme	创造就业机会的计划	同义：child	同根：creative  创造性的；creatively  创造性地；有创造力地；creature  动物，生物；人；创造物
legislation	/,lɛdʒɪsˈleʃən/	n.  法律， 法规； 立法， 法律的制定	This is a very important piece of legislation (= law ).	这是一条非常重要的法规。	同义：lawmaking	同根：legislative  立法的；有立法权的；legislatively  立法地；legislative  立法权；立法机构
dodge	/dɑdʒ/	vi. 闪身躲开 vt. 回避，逃避 n.  托辞， 伎俩； 躲闪， 躲避	He ran across the courtyard, dodging a storm of bullets.	他跑过院子，躲避雨点般的子弹。	同义：subterfuge, escape, avoid	同根：dodgy  狡猾的，逃避的；善于骗人的；躲闪的；dodging  避开；音调改变；dodger  欺瞒者；躲避者
ingredient	/ɪnˈɡridɪənt/	n.  组成部分， 原料； 要素	Combine all the ingredients in a large bowl.	把所有食材都放在一个大碗里。	同义：element	
surplus	/ˈsɝpləs/	adj.  过剩的， 多余的 n. 过剩，剩余，盈余	Ethiopia has no surplus food.	埃塞俄比亚没有多余的食物。	同义：residual, remaining	同根：surplusage  剩余物；盈余额
correspondence	/,kɔrəˈspɑndəns/	n.  信件， 函件； 通信， 通信联系； 符合， 一致， 相似	A secretary came in twice a week to deal with his correspondence.	一个秘书每个星期来两次处理他的信件。	同义：accordance	同根：corresponding  相当的，相应的；一致的；通信的；correspondingly  相应地，相对地；correspondent  通讯记者；客户；通信者；代理商行
inhibit	/ɪnˈhɪbɪt/	vt.  阻止， 妨碍， 抑制	An unhappy family life may inhibit children’s learning.	不幸福的家庭生活可能会阻碍儿童的学习。	同义：bar	同根：inhibitory  禁止的，抑制的；inhibition  抑制；压抑；禁止；inhibitor  [助剂] 抑制剂，抗化剂；抑制者
refresh	/riˈfrɛʃ/	v.  振作精神， 恢复活力	A shower will refresh you.	洗个淋浴你就凉快了。	同义：renovate, revive	同根：refreshing  提神的；使清爽的；使人重新振作的；refresher  专业性复习进修的；refreshingly  清爽地；有精神地
intimate	/ˈɪntəmɪt/	adj. 亲密的，个人的 n.  至交， 密友 vt.  暗示， 提示	an intimate friend of Picasso’s	毕加索的一个密友	同义：private, confidant, bill	同根：intimately  熟悉地；亲切地；私下地；intimacy  性行为；亲密；亲昵行为；隐私；intimation  暗示；告知；讽示
shove	/ʃʌv/	vi. 用力推，挤 vt. 乱推，挤；乱塞，随意放 n.  猛推	He shoved her towards the car.	他推着她走向汽车。	同义：squeeze, push	
theft	/θɛft/	n.  偷窃， 失窃	There have been a number of thefts in the area.	该地区发生了几宗偷窃案。	同义：ripoff	
disclose	/dɪsˈkloz/	vt.  揭露， 泄露， 透露	Some companies have already voluntarily disclosed similar information .	一些公司已经主动透露了类似的信息。	同义：reveal	同根：disclosure  [审计] 披露；揭发；被揭发出来的事情
religion	/rɪˈlɪdʒən/	n.  宗教， 宗教信仰	The U.S. Constitution promises freedom of religion.	美国宪法保证宗教信仰自由。	同义：deen	同根：religious  宗教的；虔诚的；严谨的；修道的；religious  修道士；尼姑；religiosity  虔诚；宗教狂；虚伪信仰
yacht	/jɑt/	n.  快艇， 帆船， 游艇	His 36 ft yacht sank suddenly last summer.	他的36英尺游艇去年夏天突然沉没了。	同义：speed boat	同根：yachting  驾游艇的；爱好帆船运动的；yachting  游艇；帆船运动；快艇；yachting  驾快艇（yacht的ing形式）
mistress	/ˈmɪstrəs/	n.  情妇； 主妇， 女主人	The Prince had shocked society by living openly with his mistress.	王子和他的情妇公开同居，让社会大为震惊。	同义：other woman	
oxide	/ˈɑksaɪd/	n.  氧化物	iron oxide	氧化铁	同义：oxyde	
miniature	/ˈmɪniətʃɚ; ˈmɪnɪtʃɚ/	adj. 小型的，微小的 n.  微小的模型， 缩影； 微型画， 微型人物像	miniature roses	微型玫瑰	同义：petty, contracted drawing	同根：mini  微型汽车（minicar）；微型计算机（minicomputer）；mini  微型的；袖珍的；mini  迷你型；微型汽车；超短裙
clan	/klæn/	n.  宗族， 家族	the Campbell clan	坎贝尔家族	同义：nationality	
economical	/,ɛkəˈnɑmɪkl/	adj.  节约的； 经济学的	A small car is more economical to run.	开小型汽车比较省油。	同义：managing	同根：economic  经济的，经济上的；经济学的；econometric  计量经济学的；economically  经济地；在经济上；节俭地
prosperous	/ˈprɑspərəs/	adj.  繁荣的， 兴旺的	a prosperous landowner	富裕的土地拥有者	同义：flourishing	同根：prosperously  繁荣地；幸运地；prosperity  繁荣，成功；prosper  繁荣，昌盛；成功
polish	/ˈpɑlɪʃ/	vt. 磨光；修改，润色，使优美 n.  擦光剂	Your essay is good, you just need to polish it a bit.	你的文章不错，只要稍加润色就可以了。	同义：grace, furbish, Polak	同根：polite  有礼貌的，客气的；文雅的；上流的；优雅的；polished  擦亮的；优美的；圆滑的；politeness  有礼貌；优雅
reassess	/ˈriəˈsɛs/	vt.  再评价	This has caused us to reassess the way we approach our planning.	这件事让我们重新审视了我们的规划方式。	同义：revalue	同根：reassessment  重新评估；[经] 重新估价；重新考虑
cabinet	/ˈkæbɪnət/	n.  橱， 柜； 内阁	a cabinet meeting	内阁会议	同义：ambry, private	
optical	/ˈɑptɪkl/	adj.  眼的， 视觉的； 光学的	microscopes and other optical instruments	显微镜和其他光学仪器	同义：visual	同根：optic  光学的；视觉的；眼睛的；optically  光学地；眼睛地；视力地；optic  眼睛；镜片
evoke	/ɪˈvok/	vt.  唤起， 引起， 使人想起	The photographs evoked strong memories of our holidays in France.	那些照片勾起了我们到法国度假的深刻回忆。	同义：earn	
insurance	/ɪnˈʃʊrəns/	n.  保险； 保险费	Your father took out insurance to cover the mortgage.	你父亲购买了抵押借款保险。	同义：assurance	同根：insured  已投保的；insurable  可保险的，适合保险的；insured  被保险人
dazzle	/ˈdæzl/	vt. 使眩目，耀；使赞叹不已；使倾倒 n.  耀眼的光； 令人赞叹的东西	a deer dazzled by the headlights	被车头灯光照得目眩的鹿	同义：effulgence, show off	同根：dazzling  耀眼的；眼花缭乱的；dazzled  目眩的；眼花撩乱的；dazzlingly  耀眼地；灿烂地
principle	/ˈprɪnsəpl/	n.  原则， 原理， 道义； 基本信念， 信条	The general principle is that education should be available to all children up to the age of 16.	总的原则是，16 岁以下儿童都应该能接受教育。	同义：theory	同根：principled  有原则的；有操守的
thigh	/θaɪ/	n.  大腿	chicken thighs	鸡腿	同义：upper leg	
tedious	/ˈtidɪəs/	adj.  冗长乏味的， 沉闷的	The work was tiring and tedious.	这工作既累人又枯燥。	同义：dreary	同根：tediously  沉闷地；冗长而乏味地；tedium  沉闷；单调乏味；厌烦；tediousness  沉闷；乏味
tilt	/tɪlt/	v. 倾斜，倾侧 n.  倾斜， 倾侧	My mother tilted her head and smiled.	我妈妈歪着头笑了。	同义：pitch, slope, slope	同根：tilter  倾斜体
inferiority	/ɪn,fɪrɪˈɔrəti/	n.  自卑； 次等	moral inferiority	道德低下	同义：self-contempt	同根：inferior  差的；自卑的；下级的，下等的；inferior  下级；次品
participant	/pɑrˈtɪsəpənt/	n.  参加者， 参与者	40 of the course participants are offered employment with the company.	参加课程学习的人中有40名得到了在该公司工作的机会。	同义：related	同根：participating  由多人一起参加的；（股票等）持有人有权分享利益的；participatory  供人分享的；吸引参与的；participation  参与；分享；参股
initiate	/ɪˈnɪʃɪet/	vt.  开始， 创造， 发起； 使初步了解； 接纳， 让…加入 n.  新加入组织的人	They have decided to initiate legal proceedings against the newspaper.	他们决定向该报提起法律诉讼。	同义：institute, beginning	同根：initiation  启蒙，传授；开始；入会；initiator  发起人，创始者；教导者；[计] 启动程序；引爆器
domestic	/dəˈmɛstɪk/	adj.  本国的； 家庭的； 驯养的	Unfortunately his domestic life wasn’t very happy.	不幸的是，他的家庭生活并不幸福。	同义：internal, servant	同根：domesticated  家养的；驯服的；喜欢家庭生活的；domestically  国内地；家庭式地；适合国内地；domestication  驯养；教化
glare	/ɡlɛr/	vi. 怒目而视；发射强光，发出刺眼的光线 n.  强光； 怒视， 瞪眼； 炫耀， 张扬	The sun glared down on us.	刺眼的阳光照在我们身上。	同义：dazzle	同根：glaring  耀眼的；瞪视的；炯炯的；glary  闪耀的；光辉的；glaringly  耀目地；显目地
irrigation	/ˌɪrɪˈɡeʃn/	n.  灌溉	Small blockages or collapses of the canal would choke the intricate irrigation networks.	运河的小堵塞或倒塌都会阻塞整个负责的灌溉网络。	同义：watering	同根：irrigate  灌溉；冲洗；irrigate  灌溉；冲洗；使清新
vitality	/vaɪˈtæləti/	n.  活力； 生机， 元气	Despite her eighty years, Elsie was full of vitality.	尽管已80岁了，埃尔茜依然充满活力。	同义：animation	同根：vital  至关重要的；生死攸关的；有活力的；vitally  极其；紧要地；生死攸关地；vitalism  [生物] 活力论；[生物] 生机说
locomotive	/,lokəˈmotɪv/	n.  机车	How many coaches can that locomotive pull?	那个机车能拉多少节客车?。	同义：moving, engine	同根：loco  发疯的，发狂的；locomotor  移动的，运动的；运转的；locomotion  运动；移动；旅行
tile	/taɪl/	n. 瓦，瓷砖 vt.  铺瓦于， 贴瓷砖于	bathroom tiles	浴室瓷砖	同义：glazed brick	同根：tiled  平铺的；用瓦管排水的；tiling  瓷砖；盖瓦；铺瓷砖；瓦类；tiler  砖瓦匠；秘密集会的看守人（等于tyler）
donation	/doˈneʃən/	n.  捐款， 捐赠物； 捐赠， 赠送	There have been generous donations from EU funds.	欧盟基金给予了慷慨的捐款。	同义：endowment	同根：donor  捐献的；经人工授精出生的；donated  捐赠的；donate  捐赠；捐献
immense	/ɪˈmɛns/	adj.  广大的， 巨大的； 无限的	People who travel by rail still read an immense amount.	人们坐火车旅行时仍然会读很多书。	同义：huge	同根：immensely  极大地；无限地；广大地；庞大地；immensity  巨大；无限；广大；immenseness  无限；巨量；极妙
inherent	/ɪnˈhɪrənt/	adj.  内在的； 固有的， 生来就有的	Every business has its own inherent risks.	每笔生意本身都有风险。	同义：internal	同根：inherited  遗传的；继承权的；通过继承得到的；inheritable  可继承的；会遗传的；inherently  内在地；固有地；天性地
stability	/stəˈbɪləti/	n.  稳定， 稳固	a period of relative stability	相对稳定的一段时期	同义：firmness	同根：stable  稳定的；牢固的；坚定的；stabilized  稳定的；减摇的；stabile  稳定的；固着的
budget	/ˈbʌdʒɪt/	v. 规划，安排；编预算 adj.  低廉的， 收费公道的 n. 预算，预算拨款	We’ll have to budget more carefully.	我们必须更仔细地安排开支。	同义：spend, place in, low-cost	同根：budgetary  预算的
radiate	/ˈredɪet/	v.  发出， 辐射； 流露， 显示	He radiated calm confidence.	他身上散发着沉稳自信的气质。	同义：release, shine on, spokewise	同根：radial  半径的；放射状的；光线的；光线状的；radiant  辐射的；容光焕发的；光芒四射的；radiating  [物] 辐射的
given	/ˈɡɪvn/	adj. 规定的，特定的；假设的，已知的；有癖好的，有倾向的 prep.  考虑到	On any given day in the Houston area, half the hospital beds are empty.	在休斯敦地区，任何一天医院的床位都有一半是空的。	同义：bathed, considering, shown	同根：give  弹性；弯曲；伸展性；giving  给予；礼物；给予物；giver  给予者，赠予人；送礼者
perish	/ˈpɛrɪʃ/	vi.  丧生， 毁灭， 消亡； 失去弹性， 老化	Hundreds perished when the ship went down.	轮船沉没，数百人罹难。	同义：destroy, die	同根：perishable  易腐坏的；易毁灭的；会枯萎的；perishable  容易腐坏的东西；perishability  非持久性；易腐性
pastime	/ˈpæstaɪm/	n.  消遣， 娱乐	Reading was her favourite pastime.	阅读是她最喜爱的消遣方式。	同义：entertainment	
ultimate	/ˈʌltəmɪt/	adj. 最后的，最终的 n.  终极， 顶点	The ultimate outcome of the experiment cannot be predicted.	试验的最后结果无法预测。	同义：final, telos	同根：ultima  最终的；最后的；ultimately  最后；根本；基本上；ultimatum  最后通牒；最后结论；基本原理
adapt	/əˈdæpt/	vt.  使适应； 改编	The ability to adapt is a definite asset in this job.	适应能力是做这份工作的绝对有利条件。	同义：condition, adjust	同根：adaptive  适应的，适合的；adaptable  适合的；能适应的；可修改的；adapter  适配器；改编者；接合器；适应者
prosecute	/ˈprɑsɪˈkjʊt/	vi.  起诉， 告发 vt. 对…提起公诉，告发，检举；继续从事	Shoplifters will be prosecuted.	在商店行窃者将被起诉。	同义：carry out, law	同根：prosecution  起诉，检举；进行；经营；prosecutor  检察官；公诉人；[法] 起诉人；实行者
batch	/bætʃ/	n.  一批， 一组， 一群； 一批生产量	an overnight batch file	夜间批处理文件	同义：passel	
merit	/ˈmɛrɪt/	n. 长处，优点；价值；功劳，成绩 vt.  值得， 应受	The merit of the report is its realistic assessment of the changes required.	这份报告的优点就是它对所要求的变动进行了实事求是的评估。	同义：asset, to be worth	同根：meritorious  有功绩的；有价值的；值得称赞的；merited  应得的；理所当然的；meritoriousness  有价值
verbal	/ˈvɝbl/	adj.  口头的； 用言辞的， 用文字的； 动词的	verbal skills	语言技能	同义：oral	同根：verb  动词的；有动词性质的；起动词作用的；verbally  口头地，非书面地；用言辞地；verb  动词；动词词性；动词性短语或从句
solicitor	/səˈlɪsɪtɚ/	n.  初级律师， 事务律师	You need to see a solicitor.	你需要找个律师。		同根：solicit  征求；招揽；恳求；请求；solicit  征求；招揽；请求；乞求
intrinsic	/ɪnˈtrɪnsɪk/	adj.  固有的； 本质的； 内在的	the intrinsic interest of the subject	该话题本身的趣味	同义：essential	同根：intrinsical  本质的；固有的；内在的；intrinsically  本质地；内在地；固有地
proximity	/prɑkˈsɪməti/	n.  接近， 邻近	Here the rich and the poor live in close proximity (= very near to each other ) .	在这里，富人和穷人比邻而居。	同义：approach	同根：proximal  最接近的，邻近的；近身体中央的；proxemics  人际距离学；亲近性
luminous	/ˈlʊmənəs/	adj.  发光的， 发亮的； 光明的	luminous paint	发光涂料	同义：distinct	同根：luminance  [光][电子] 亮度；[光] 发光性（等于luminosity）；光明；luminary  发光体；杰出人物；知识渊博的人；luminousness  透光率
lash	/læʃ/	v. 将系牢；鞭打，抽打；猛烈打击；猛烈抨击，严厉斥责 n.  鞭打； 假睫毛； 鞭梢	Giant waves lashed the sea wall.	巨浪拍打着海堤。	同义：fan, drive, hit	同根：lashing  鞭打；叱责；痛骂；lasher  堰（下的水塘）；鞭打者；用来捆绑的绳索；lashing  抨击（lash的ing形式）；鞭打；猛烈摇动
receipt	/rɪˈsit/	n.  发票， 收据； 收入， 进款； 收到， 接到	Keep your receipt in case you want to bring it back.	保留收据以备退货之需。	同义：income, receive from	
assume	/əˈsum/	vt.  假定， 假设； 臆断； 承担， 担任； 呈现	I think we can safely assume (=  it is almost certain  ) that interest rates will go up again soon.	我想我们几乎可以肯定，利率很快会再次上调。	同义：undertake, attitudinize	同根：assumed  假定的；假装的；assuming  傲慢的；不逊的；僭越的；assumptive  假定的；设想的；傲慢的
predestine	/pri:ˈdestin/	vt.  预先确定； 注定			同义：fate	同根：predestined  注定的；predestinarian  命运注定的；predestinate  命中注定的
chant	/tʃænt/	vt. 反复有节奏地喊叫；吟诵，咏唱 n.  反复有节奏的喊叫； 赞美诗， 圣歌	protesters chanting anti-government slogans	反复呼喊反政府口号的抗议者	同义：spiritual, sing, sing	同根：chanter  吟唱者；唱弥撒的神父；风笛的笛管；骗卖者
destiny	/ˈdɛstəni/	n.  命运； 定数， 天命	She always had a strong sense of destiny .	她向来很相信天意。	同义：fate	同根：destined  注定的；命定的；去往…的；destined  注定（destine的过去式和过去分词）；destine  注定；命定；预定
capsule	/ˈkæpsl;/	n.  胶囊； 航天舱， 密封舱	a space capsule orbiting the Earth	沿地球轨道飞行的太空舱	同义：micella, compressive, to compress	同根：capsulate  胶囊包裹的，包于胶囊内的；有蒴的，[植] 包于蒴内的；capsulated  有蒴的；胶囊包裹的（等于capsulate）；capsulize  节略；把…装于胶囊内
concept	/ˈkɑnsɛpt/	n.  概念， 观念； 设想	a new concept in business travel	商务旅行的新理念	同义：idea	同根：conceptual  概念上的；conceptional  想象的；概念上的；conceptive  概念上的；有想像力的
resistant	/rɪˈzɪstənt/	adj.  抵抗的； 抗…的， 耐…的	Some people are very resistant to the idea of exercise.	一些人对锻炼的主意非常抵制。	同义：stubborn	同根：resistive  有抵抗力的；resistible  可抵抗的；resistless  无抵抗力的；无法抗拒的
ozone	/ˈozon/	n.  臭氧	Objective To observe the disinfection effect of gastroscope by ozone water.	目的观察臭氧水在胃镜体的消毒效果监测。		同根：ozonize  变成臭氧；ozonize  使含臭氧；以臭氧处理
indefinite	/ɪnˈdɛfɪnət/	adj.  无限期的； 模糊的， 不确定的	The next day the union voted to begin an indefinite strike.	第二天工会投票表决决定开始无限期罢工。	同义：fuzzy	同根：indefinable  难下定义的；难确定的；模糊不清的；indefinitely  不确定地，无限期地；模糊地，不明确地；indefinable  难下定义的事物；难以确切描述的事物
disaster	/dɪˈzæstɚ/	n.  灾难， 灾祸， 天灾； 彻底的失败	One hundred and twenty people died in China’s worst air disaster .	有120人在中国这起最惨烈的空难事故中丧生。	同义：tragedy	
ecology	/ɪˈkɑlədʒi/	n.  生态； 生态学	the natural ecology of the Earth	地球的自然生态	同义：oecology	同根：ecological  生态的，生态学的；ecologic  生态的；生态学的；ecologically  从生态学的观点看
minimal	/ˈmɪnɪməl/	adj.  最小的， 最低限度的	The storm caused only minimal damage.	暴风雨只造成了轻微破坏。	同义：lowest	同根：minimum  最小的；最低的；minimized  最小化的；最小化；使达到最低限度的；minimalist  极简抽象派艺术的
cocktail	/ˈkɑktel/	n.  鸡尾酒； 餐前开胃小吃； 混合物	On arrival, guests are offered wine or a champagne cocktail.	到达时，客人们可以享用葡萄酒或一份香槟鸡尾酒。	同义：stinger	
convention	/kənˈvɛnʃən/	n.  习俗， 惯例； 公约； 会议	a teachers’ convention	教师大会	同义：tradition	同根：conventional  符合习俗的，传统的；常见的；惯例的；conventionalized  定型化的；约定俗成的；conventionally  照惯例，照常套
disease	/dɪˈziz/	n.  病， 疾病； 不健全， 弊端	His father died of heart disease.	他父亲死于心脏病。	同义：illness, to infect	同根：diseased  不健全的；患病的；病态的；diseaseful  不健康的，产生细菌的；diseased  使生病；传染（disease的过去分词）
calcium	/ˈkælsɪəm/	n.  钙	Dairy source of protein and calcium.	奶牛的蛋白质来源和钙。		
notwithstanding	/,nɑtwɪθˈstændɪŋ/	adv.  尽管	His relations with colleagues, differences of opinion notwithstanding, were unfailingly friendly.	他与同事们尽管有意见分歧，但关系一直很融洽。	同义：still, in spite of, although	
suspicion	/səˈspɪʃən/	n.  怀疑， 疑心， 猜疑； 一点儿， 少量	I can’t say for definite who did it, but I certainly have my suspicions .	我不能确切说是谁干的，但我肯定有怀疑的对象。	同义：doubt, dispute	同根：suspicious  可疑的；怀疑的；多疑的；suspected  有嫌疑的；suspiciously  怀疑地；猜疑地
purchase	/ˈpɝtʃəs/	vt. 买，购买 n.  购买； 购买的物品	You can purchase insurance online.	你可以在网上买保险。	同义：buy, buy	同根：purchasable  可买的；可买到的；purchaser  买方；购买者
refusal	/rɪˈfjuzl/	n.  拒绝	Her country suffered through her refusal to accept change.	她的国家因为她拒绝接受变革而受了害。	同义：rejection	同根：refuse  垃圾；废物；refuse  拒绝；refuse  拒绝；不愿；抵制
disposable	/dɪˈspozəbl/	adj. 可任意使用的 n.  一次性物品， 不回收物品	disposable resources	可支配的资源		同根：disposed  有…倾向的；打算做…的；有某种健康状态的；disposal  处理；支配；清理；安排；dispose  处置；性情
bypass	/ˈbaɪpæs/	n. 旁道，迂回道 vt.  绕过， 绕…走； 越过， 置…于不顾	a triple heart bypass operation	心脏三重旁通管手术	同义：ignore, side road	
silicon	/ˈsɪlɪkən/	n.  硅	But the brittleness of silicon limits its uses.	但是，硅的脆性也限制了其应用范围。		
clarity	/ˈklærəti/	n.  清楚， 明晰	Letters may be edited for length and clarity.	信件可能要加以修改以求篇幅合适，意思明了。	同义：transparency	同根：clarified  澄清的；透明的；clarified  阐明（clarify的过去分词形式）；澄清；clarify  得到澄清；变得明晰；得到净化
fund	/fʌnd/	n. 资金，基金；存款 vt.  为…提供资金	The fund was set up to try to save the cathedral.	设立基金以挽救大教堂。	同义：capital, invent money in	同根：funding  提供资金；用发行长期债券的方法来收回短期债券；fundraiser  资金筹集人；资金筹集活动；funding  提供资金；积存（fund的ing形式）
typical	/ˈtɪpɪkl/	adj.  典型的， 有代表性的	typical British weather	典型的英国天气	同义：characteristic	同根：typic  典型的；正规的；象征性的；typically  代表性地；作为特色地；typicality  典型性
recipient	/rɪˈsɪpɪənt/	n.  接受者， 接收者	...the largest recipient of U.S. foreign aid.	…最大的美国对外援助接受方。	同义：container, acceptant	
commonwealth	/ˈkɑmənˈwɛlθ/	n.  [C-]英联邦； 联邦， 联合体	...the Asian, Caribbean and African members of the commonwealth.	…英联邦在亚洲、加勒比海和非洲的成员国。	同义：republic	同根：commonweal  公益；大众福利；共和国
watt	/wɑt/	n.  瓦	a 100-watt bulb	100瓦的灯泡		同根：wattage  瓦特数，瓦数；wattmeter  [电] 瓦特计；电力计
buzz	/bʌz/	vi. 发出嗡嗡声；忙乱，急行；发出嘈杂的谈话声 n.  嗡嗡声； 嘈杂的谈话声	a loud buzzing noise	很大的嗡嗡声	同义：zoom	同根：buzzing  嗡嗡响的；嘈杂的；buzzer  蜂鸣器；嗡嗡作声的东西；信号手；buzzing  嗡嗡声；嘈杂声
finance	/ˈfaɪnæns/	n. 财政，金融；财源，财务情况 vt.  为…提供资金	leasing and other forms of business finance	租赁及其他商业金融形式	同义：policy of tightening control over expenditure and credit, fund raising	同根：financial  金融的；财政的，财务的；financially  财政上；金融上；financing  融资；财务；筹措资金
incur	/ɪnˈkɝ/	vt.  招致， 引起； 遭受	The government had also incurred huge debts.	政府也已承受了大笔债务。	同义：invite	同根：incurring  招致（遭受）；incurrence  招致；遭受
notorious	/noˈtɔrɪəs/	adj.  臭名昭著的， 声名狼藉的	a notorious computer hacker	声名狼藉的电脑黑客	同义：infamous	同根：notoriously  众所周知地；声名狼藉地；恶名昭彰地；notoriety  恶名；声名狼藉；丑名
assassination	/əˌsæsəˈneɪʃn/	n.  刺杀， 暗杀	He narrowly escaped an assassination attempt (=  when someone tries but fails to kill someone else  ) .	他在一次暗杀行动中死里逃生。	同义：thuggism	同根：assassin  刺客，暗杀者；assassinator  刺客；暗杀者；assassinate  暗杀；行刺
infant	/ˈɪnfənt/	adj.  婴儿的， 幼稚的 n. 婴儿	infant formula milk	婴(幼)儿配方奶	同义：baby, earlier	同根：infantile  婴儿的；幼稚的；初期的；infancy  初期；婴儿期；幼年；infantilism  幼稚症；[医] 幼稚型，[医] 婴儿型
gland	/ɡlænd/	n.  腺	the pituitary gland	脑垂体腺		
premise	/ˈpremɪs/	n.  房屋和地基， 经营场址； 前提， 假设	Schools may earn extra money by renting out their premises.	学校通过出租房屋场地可以获取额外收入。	同义：educe, precondition	同根：premiss  前提
circus	/ˈsɝkəs/	n.  马戏， 马戏团； 喧闹的场面； 环形广场	The first day of school is always such a circus.	开学第一天总是这样闹哄哄的。	同义：Circus Troupe	
controversial	/,kɑntrəˈvɝʃl/	adj.  引起争论的， 有争议的	the controversial issue of welfare reform	福利改革这一有争议的话题	同义：disputed	同根：controversially  颇有争议地；引起争议地；controversy  争论；论战；辩论；controvert  争论；辩论
attain	/əˈten/	vt.  达到， 获得； 完成	More women are attaining positions of power.	越来越多的女性获得要职。	同义：accomplish, go, achievement	同根：attainable  可得到的；可达到的；可到达的；attainment  达到；成就；学识；attainability  可达到；可获得
tenant	/ˈtɛnənt/	n.  房客， 佃户	The desk was left by the previous tenant.	书桌是上一个房客留下来的。	同义：lessee, rent	同根：tenantry  承租人；佃农；租出的财产；租赁
resultant	/rɪˈzʌltənt/	adj.  作为结果的， 因而发生的	She is still trying to get over the attack and the resultant injuries.	她仍在努力从袭击以及由此造成的伤害中恢复过来。	同义：outcome, complex	同根：resulting  作为结果的；result  结果；成绩；答案；比赛结果；resulting  致使（result的ing形式）；产生
pest	/pɛst/	n.  有害生物， 害虫； 讨厌的人	a chemical used in pest control	用于防治虫害的一种化学品	同义：verm	同根：pesky  讨厌的；麻烦的；pestilent  致命的；有害的；恼人的；危害社会的；pestiferous  传播疾病的；有害的，毒害的；邪恶的
pedal	/ˈpɛdl/	vi. 踩踏板，骑车 n. 踏板，踏脚 vt.  脚蹬， 踩动…的踏板	She was pedalling furiously (= very fast ) .	她飞快地踩着踏板。	同义：ride bike, footplate, ride	
batter	/ˈbætɚ/	v. 连续猛击 n.  面糊	He was battered to death .	他被殴打致死。	同义：paste, jab at	同根：battered  破旧的；磨损的；弄垮的；受到虐待的；bat  蝙蝠；球棒；批处理文件的扩展名；batting  打击；打球；棉絮
heritage	/ˈhɛrɪtɪdʒ/	n.  遗产； 继承物； 传统	the importance of preserving the national heritage	保护民族遗产的重要性	同义：tradition	同根：heritable  可继承的；可传让的；heritor  继承人；嗣子
supreme	/suˈprim/	adj.  最高的， 最大的； 极度的， 最重要的	the Supreme Allied Commander in Europe	欧洲盟军最高指挥官	同义：highest, hegemony	同根：supremely  至上地；崇高地；supremacy  霸权；至高无上；主权；最高地位
hostage	/ˈhɑstɪdʒ/	n.  人质	The group are holding two tourists hostage (= keeping them as hostages ) .	这伙人挟持了两名游客作为人质。	同义：guarantee	同根：host  [计] 主机；主人；主持人；许多；host  群集；做主人；host  主持；当主人招待
priority	/praɪˈɔrəti/	n.  优先， 重点； 优先考虑的事	I want to start work on the garden but the house must take priority .	我想开始整修花园，不过还是先得打扫屋子。	同义：precedence	同根：prior  优先的；在先的，在前的；prior  在前，居先；prioritize  把事情按优先顺序排好
slope	/slop/	v.  倾斜 n. 倾斜，斜面	The bank sloped down sharply to the river.	那座堤岸陡峭地朝着那条河倾斜下去。	同义：hill, pitch, carry	同根：sloping  倾斜的；有坡度的；成斜坡的；sloped  倾斜的；sloping  溢出（slop的ing形式）
inlet	/ɪnˌlɛt/	n.  小湾， 水湾； 进口， 入口	There are several sheltered inlets along the coast.	沿着海岸线有几处有天然屏障的水湾。	同义：threshold	
metallic	/məˈtælɪk/	adj.  金属的， 金属制的； 有金属特性的， 像金属的	The key turned in the lock with a loud metallic click.	钥匙在锁里转动发出金属撞击的咔嗒声。	同义：metal bearing	同根：metal  金属制的；metalloid  非金属的；类似金属性的；准金属的；metalworking  金属制造的
shuttle	/ˈʃʌtl/	vi. 穿梭般来回 n. 短程穿梭运行的飞机；航天飞机；梭子 vt.  短程穿梭运送	He took the Washington - New York shuttle.	他乘坐华盛顿－纽约的往返班机。	同义：spaceplane	
regenerate	/rɪˈdʒɛnəret/	vi.  新生， 再生， 起革新作用 vt. 使新生，重建，改革，革新	Small nodules form as the liver cells regenerate.	肝细胞再生时会形成一些小结节。	同义：reform, innovate, innovative	同根：regeneration  [生物][化学][物] 再生，重生；重建
latent	/ˈletnt/	adj.  潜在的， 隐伏的， 不易察觉的	latent aggression	潜在的侵略	同义：potential	同根：latency  潜伏；潜在因素
terrific	/təˈrɪfɪk/	adj.  极妙的； 极大的； 令人恐惧的	That’s a terrific idea!	这个主意真棒！	同义：wonderful	同根：terrible  可怕的；很糟的；令人讨厌的；terrifying  令人恐惧的；骇人的；极大的；terrible  很，非常
standpoint	/ˈstændpɔɪnt/	n.  立场， 观点	a discussion of marriage from the standpoint of women	从女性角度对婚姻的探讨	同义：viewpoint	
primary	/ˈpraɪmɛri/	adj.  首要的， 主要的； 基本的； 最初的， 初级的	Our primary concern is to provide the refugees with food and health care.	我们的头等大事是向难民提供食品和医疗。	同义：elementary, original color	同根：prime  主要的；最好的；基本的；primal  原始的；主要的；最初的；prima  （意）第一的，主要的
pirate	/ˈpaɪrət/	n. 非法盗印者，侵犯版权者；海盗 vt.  盗用， 非法盗印	Computer game pirates cost the industry twenty million pounds a year.	电脑游戏盗版者每年要给该行业带来两千万英镑的损失。	同义：corsair, harry, freeboot	同根：piratical  海盗的；非法翻印的，盗版的；piracy  海盗行为；剽窃；著作权侵害；非法翻印
stubborn	/ˈstʌbɚn/	adj.  顽固的， 执拗的， 倔强的； 难对付的， 难于克服的	Why are you so stubborn?	你怎么这么固执？	同义：resistant	同根：stubbornly  顽固地；倔强地；stubbornness  倔强；顽强；棘手
formulate	/ˈfɔrmjəˈlet/	vt.  构想出， 规划； 系统地阐述	Little by little, he formulated his plan for escape.	他一点一点地构想出了他的逃跑计划。	同义：programme	同根：formulaic  公式化的；刻板的；套话堆砌的；formulary  规定的；公式的；药方的；formula  [数] 公式，准则；配方；婴儿食品
consume	/kənˈsum/	vi.  消灭， 毁灭 vt. 消费；吃完，喝光	Some of the most efficient refrigerators consume 70 percent less electricity than traditional models.	一些能效最高的冰箱比传统型号少消耗70%的电。	同义：waste, peter	同根：consuming  消费的；强烈的；consumed  充满的；对…著迷的；consumable  可消耗的；可消费的
dome	/dom/	n.  圆屋顶， 穹顶	...the dome of the Capitol.	…国会大厦的穹顶。	同义：cupola	同根：domed  半球形的；有穹顶的；doming  凸起；[矿业] 成拱作用；domed  在…上加穹顶；隆起成穹顶状（dome的过去分词）
layer	/ˈleɪr/	n.  层， 层次	He pulled off layer upon layer of clothing (= many layers of clothing ).	他把衣服一件件地脱掉。	同义：thickness	同根：layered  分层的；层状的；layered  分层堆积；用压条法培植（layer的过去分词）
alien	/ˈeliən,ˈeljən/	adj. 外国的，外国人的；陌生的；性质不同的，不相容的 n.  外国人， 外侨； 外星人	the alien environment of the city	城里陌生的环境	同义：foreign, foreigner, transfer	同根：alienable  可让与的，可转让的；alienation  异化；疏远；转让；[内科] 精神错乱；间离效果（alienation effect）；alienage  外侨的法律地位；外国人
competence	/ˈkɑmpɪtəns/	n.  能力， 胜任， 称职	Typing is considered by most employers to be a basic competence.	大多数雇主认为打字是一项基本技能。	同义：ability	同根：competent  胜任的；有能力的；能干的；足够的；competently  胜任地；适合地；competency  能力（等于competence）；资格
fuse	/fjuz/	v.  熔合， 合并； 因保险丝熔断而中断工作 n. 保险丝，熔丝；导火线	Their music fuses elements as diverse as Cajun, bebop and Cuban waltzes.	他们的音乐融合了卡津音乐、博普爵士乐和古巴华尔兹等不同元素。	同义：flux, melt, signal	同根：fused  [物] 熔化的，[化学] 熔凝的；装有保险丝的；fusible  易熔的，可熔化的；fusion  融合；熔化；熔接；融合物
elite	/ɪˈliːt/	n.  [总称] 上层人士， 掌权人物， 实力集团； [总称]出类拔萃的人， 精英	a struggle for power within the ruling elite	统治阶层内部的争权夺利	同义：essence	同根：elitism  精英主义；杰出人物统治论
premium	/ˈprimɪəm/	adj.  高级的，优质的；售价高的 n. 保险金；额外费用，加付款；奖品，赠品；额外津贴	premium ice cream	优质冰激凌	同义：bonus	
ornament	/ˈɔrnəmənt/	n. 装饰品，点缀品；装饰，点缀 vt.  装饰， 点缀， 美化	a shelf covered with books and ornaments	摆满书籍和装饰品的架子	同义：decoration, paint	同根：ornamental  装饰的，装饰性的；ornamentally  装饰地；用作装饰品地；ornamental  观赏植物；装饰品
assure	/əˈʃʊr/	vt.  使确信； 确保， 向…保证	The document is genuine, I can assure you .	我能向你保证，这文件是真的。	同义：undertake	同根：assured  确定的；自信的；assuring  保证的；确信的；使人有信心的；assuredly  确实地；确信地
pretext	/ˈpritɛkst/	n.  借口， 托辞	He’ll phone on some pretext or other.	他会以这样或那样的理由打电话的。	同义：excuse	
ivory	/ˈaɪvəri/	n.  象牙； 象牙色， 乳白色	an ivory chess set	一副象牙国际象棋	同义：ivoire, milky	
theme	/θim/	n.  主题， 题目	The book’s theme is the conflict between love and duty.	本书的主题是爱与责任之间的冲突。	同义：topic	同根：thematic  主题的，主旋律的；题目的；语干的；thematically  主题上；主题方面
consult	/kənˈsʌlt/	vt.  请教； 查阅； 商议	If symptoms persist, consult a doctor without delay.	如果症状持续的话，马上咨询医生。	同义：look up, take advice	同根：consultive  咨询的；consultant  顾问；咨询者；会诊医生；consultation  咨询；磋商；[临床] 会诊；讨论会
solidarity	/,sɑlɪˈdærəti/	n.  团结一致	a gesture of solidarity	团结的表示	同义：unity	同根：solid  固体的；可靠的；立体的；结实的；一致的；solidified  凝固的；固化的，变硬的；solidly  坚固地；坚硬地；团结一致地
tumble	/ˈtʌmbl/	vi. 跌倒，摔下，滚下；翻滚；暴跌；不由自主地卷入 n.  跌倒， 摔倒	Oil prices have tumbled.	石油价格猛跌。	同义：collapse, founder, falling down	同根：tumbling  歪斜状的；tumbler  不倒翁（玩具）；杂技演员；翻筋斗者；一杯的容量；滚筒；平底玻璃杯；tumbling  翻筋斗；摔跤
gracious	/ˈɡreʃəs/	adj. 亲切的，和蔼的；优美的；雅致的，雍容华贵的 int.  天哪!	Sibyl was the most gracious, helpful, and generous person to work with.	西比尔非常和蔼，乐于助人，而且为人慷慨，和她共事最愉快。	同义：nice, oh	同根：graciously  和蔼地；仁慈地；雅致地；graciousness  亲切，和蔼；好心
smash	/smæʃ/	vi. 猛撞，猛冲 vt. 使粉碎，使打烂；狠打，猛击；使破灭，使失败 n.  破碎； 猛击， 猛撞； 轰动的演出， 巨大的成功	A stolen car smashed into the bus.	一辆被偷的汽车猛地撞上了公共汽车。	同义：comminute, interference, size reduction, cool	同根：smashed  破碎的；喝醉酒的；smashing  了不起的，极好的；粉碎性的，猛烈的；smasher  击碎者；撞击物；扣球手；猛烈的打击
merely	/ˈmɪrli/	adv.  仅仅， 只不过	He’s merely a boy – you can’t expect him to understand.	他只是个孩子——你不要指望他能理解。	同义：simply	同根：mere  仅仅的；只不过的；mere  小湖；池塘
appropriation	/ə,proprɪˈeʃən/	n.  据为己有， 占有； 挪用； 拨款	The government raised defence appropriations by 12 percent.	政府将国防拨款提高了12%。	同义：grant	同根：appropriative  专用的；充当的；可拨用的
contradiction	/,kɑntrəˈdɪkʃən/	n.  矛盾， 不一致； 否认， 反驳	apparent contradictions in the defendant’s testimony	被告证词中的明显矛盾	同义：conflict	同根：contradictory  矛盾的；反对的；反驳的；抗辩的；contradictorily  矛盾地；反驳地；逆；contradictory  对立物；矛盾因素
wealth	/wɛlθ/	n.  财富； 财产； 丰富	The country’s wealth comes from its oil.	这个国家的财富来自石油。	同义：treasure	同根：wealthy  富有的；充分的；丰裕的；wealthily  丰富地；富有地；wealthy  富人
henceforth	/,hɛnsˈfɔrθ/	adv.  从今以后， 从此以后	multiple sclerosis (henceforth referred to as MS)	多发性硬化（以下称为MS）	同义：forwards	同根：hence  因此；今后；henceforward  今后；从今以后；自此以后
wallet	/ˈwɑlɪt/	n.  皮夹子	He took a credit card out of his wallet.	他从钱包里拿出一张信用卡。	同义：bag	
survive	/sɚˈvaɪv/	vi. 活下来，继续存在；幸免于 vt.  从中挺过来； 从…逃出； 比…活得长	Only 12 of the 140 passengers survived.	140 名乘客中只有 12 人生还。		同根：surviving  继续存在的；未死的；依然健在的；survival  幸存，残存；幸存者，残存物；survivor  幸存者；生还者；残存物
desire	/dɪˈzaɪɚ/	vt. 想要，渴望 n.  愿望， 欲望	The hotel has everything you could possibly desire .	这家酒店里你想要的东西应有尽有。	同义：requirement, feel like, rare	同根：desirable  令人满意的；值得要的；desired  渴望的；想得到的；desirous  渴望的；想要的
initial	/ɪˈnɪʃəl/	adj. 最初的，开始的 n.  首字母	an initial investment of £5,000	5,000英镑的初始投资	同义：premier	同根：initially  最初，首先；开头；initialization  [计] 初始化；赋初值；initialize  初始化
murmur	/ˈmɝmɚ/	n&v.  小声说； 小声抱怨， 咕哝； 发出连续而低沉的声音	‘Well done,’ murmured George.	“干得好。”乔治低语道。	同义：whispering, breathe	同根：murmuring  抱怨的；发出潺潺之声的；murmurous  沙沙的；窃窃私语的；轻微骚动的；murmuring  抱怨的声音；喃喃的声音
fury	/ˈfjʊri/	n.  狂怒， 暴怒； 狂暴， 狂烈	I was shaking with fury .	我气得发抖。	同义：agriothymia	同根：furious  激烈的；狂怒的；热烈兴奋的；喧闹的；furiously  猛烈地；狂暴地；furiousness  猛然；狂暴
unify	/ˈjunɪfaɪ/	vt.  使联合， 统一； 使相同， 使一致	Strong support for the war has unified the nation.	对战争的坚决支持使这个国家团结了起来。	同义：accord	同根：unified  统一的；一致标准的；unified  统一；使一致（unify的过去分词）
muddy	/ˈmʌdi/	adj. 泥泞的，沾满烂泥的；灰暗的，暗淡的；模糊的，糊涂的 vt.  使沾上烂泥； 使显得扑朔迷离	Take your boots off outside if they’re muddy.	要是靴子上都是泥，你就脱在门外吧。	同义：fuzzy, bedrabble	同根：muddled  糊涂的；混乱的；头脑昏昏然的；muddleheaded  头脑糊涂的；混乱的；mud  泥；诽谤的话；无价值的东西
hound	/haʊnd/	n. 猎犬 vt.  追逼， 烦恼， 纠缠	Rainey's chief interest in life is hunting with hounds.	雷尼一生中的主要嗜好是带着猎犬去打猎。	同义：stimulate, hunter	
consistent	/kənˈsɪstənt/	adj.  坚持的， 一贯的； 一致的， 符合的	She’s the team’s most consistent player.	她是该队中表现最为稳定的选手。	同义：united	同根：consistently  一贯地；一致地；坚实地；consistency  [计] 一致性；稠度；相容性
dole	/dol/	n. 救济，救济金 vt.  发放， 发给	The number claiming dole went up by 3,500.	申请领取救济金者增加了3,500人。	同义：unemployment benefit	
reverse	/rɪˈvɝs/	vi. 反向，倒转 adj.  反向的； 相反的； 颠倒的 vt. 撤销，废除；使完全相反，彻底转变；使反转，使次序颠倒 n. 相反情况，对立面；反面，背面，后面；损失，倒退	Reverse the paper in the printer.	把打印机中的纸翻过来。	同义：failure, bottom up, upside-down, retrogress	同根：reversible  可逆的；可撤消的；可反转的；reversed  颠倒的；相反的；（判决等）撤销的；reversionary  倒退的；复归的；应继承的；将来应享有的
barren	/ˈbærən/	adj.  贫瘠的， 荒芜的； 不结果实的， 不育的； 无益的， 没有结果的	Thousands of years ago the surface was barren desert.	很久很久以前，地面还是一片荒漠。	同义：sterile, waste	同根：barrenness  不孕症；不育症；荒芜
eternal	/ɪˈtɝnl/	adj.  永久的， 永世的； 无休止的； 永恒的， 永不改变的	the Christian promise of eternal life	基督教承诺的永生	同义：permanent	同根：eternally  永恒地；不朽地；eternity  来世，来生；不朽；永世；eternalize  使永恒；使不朽；使不灭（等于eternize）
permanent	/ˈpɝmənənt/	adj.  永久的， 固定的	He gave up a permanent job in order to freelance.	他放弃了固定工作，为的是当一名自由职业者。	同义：eternal	同根：permanently  永久地，长期不变地；perm  电烫发；permanence  持久；永久
foster	/ˈfɔstɚ/	adj.  收养的 vt. 收养，养育；培养，促进	Little Jack was placed with foster parents.	小杰克被安置在养父母家。	同义：cultivate	同根：fosterage  寄养；养育；助长
barely	/ˈbɛrli/	adv.  仅仅， 只不过， 几乎不	She was barely aware of his presence.	她几乎没有注意到他的存在。	同义：merely	
prevalent	/ˈprɛvələnt/	adj.  流行的， 普遍的	the prevalent belief in astrology	对占星术的普遍相信	同义：popular	同根：prevalence  流行；普遍；广泛
incidence	/ˈɪnsɪdəns/	n.  发生率	The incidence of breast cancer increases with age.	乳腺癌的发病率随着年龄的增长而上升。	同义：infection	同根：incident  [光] 入射的；附带的；易发生的，伴随而来的；incidental  附带的；偶然的；容易发生的；incident  事件，事变；插曲
clip	/klɪp/	n. 夹子，回形针，别针；弹夹，弹仓；剪，修剪；剪报，电影片断 vt.  夹住， 扣住； 剪， 修剪	The wire is held on with a metal clip.	电线用金属夹子固定。	同义：shear, shear, shear	同根：clipping  头等的，第一流的；极好的，恰好的；clipped  省略一部分的；发音清楚的；clipping  剪裁，剪断；剪报，剪辑；剪下物，剪下的东西
beam	/bim/	v.  面露喜色； 定向发出， 播送 n. 梁，横梁；束，柱；笑容，喜色	the first sports broadcast to be beamed across the Atlantic	首次向大西洋彼岸播送的体育节目	同义：ray, to transmit, irradiate	同根：beaming  喜气洋洋的；愉快的；光亮的；耀眼的；beamy  光亮的；船身宽大的；象梁一样的；beaming  照耀（beam的ing形式）
compact	/ˈkɑmpækt/	adj. 紧凑的，小巧的；坚实的 vt. 把…压实，使坚实['kɔmpækt] n.  契约， 合同	The compact design of the machine allows it to be stored easily.	这台机器的设计小巧灵便，易于存放。	同义：stipulation, close	同根：compactly  简洁地；紧密地；细密地；compaction  压紧；精简；密封；凝结；compactness  简洁；紧密；密实度；紧密度
alliance	/əˈlaɪəns/	n.  结盟； 联盟	independent organizations and alliances	独立组织和联盟	同义：union	
invaluable	/ɪnˈvæljʊəbl/	adj.  非常宝贵的， 极为贵重的， 无价的	The internet is an invaluable source of information.	因特网是十分有价值的信息来源。	同义：inestimable	同根：invalidity  无效，无价值；invalidate  使无效；使无价值
fiction	/ˈfɪkʃən/	n.  小说； 虚构， 杜撰	romantic fiction	爱情小说	同义：invention	同根：fictitious  虚构的；假想的；编造的；假装的；fictional  虚构的；小说的；fictive  虚构的；想象上的；虚伪的
doom	/dʊm/	vt. 注定，命定 n.  厄运， 劫数	The plan was doomed from the start .	这个计划一开始就注定要失败。	同义：death, fate	同根：doomsday  世界末日；最后的审判日
cucumber	/ˈkjʊ,kʌmbɚ/	n.  黄瓜	I like to eat cucumber sandwiches.	我喜欢吃有黄瓜的三明治。	同义：Chinese wampee	
aviation	/,evɪˈeʃən/	n.  航空， 航空学； 飞机制造业	...the aviation industry.	…航空工业。	同义：avigation	同根：aviator  飞行员；aviatress  女飞行家；aviatrix  女飞行员；女驾驶员
pessimistic	/,pɛsɪˈmɪstɪk/	adj.  悲观的	a pessimistic view of life	对人生的悲观看法	同义：world-weary	同根：pessimistically  悲观地；pessimism  悲观，悲观情绪；厌世主义；pessimist  悲观主义者
emphasis	/ˈɛmfəsɪs/	n.  强调； 重视； 重要性	a change of emphasis in government policy	政府政策重心的变化	同义：stress	同根：emphasize  强调，着重；emphasise  （英）强调；加强…的语气（等于emphasize ）
interrupt	/ˈɪntəˈrʌpt/	v.  打断， 中止； 打扰	Will you stop interrupting me!	别打断我的话！	同义：let, cut in on, break	
propagate	/ˈprɑpəˈget/	v.  繁殖， 增殖； 传播， 宣传， 普及	The group launched a website to propagate its ideas .	这个团体建了一个网站来宣扬他们的主张。	同义：breed, breed	同根：propagandist  宣传的；传道的；propagandistic  宣传的；宣传家的；propagative  传播的；繁殖型；繁殖的
feasible	/ˈfizəbl/	adj.  可行的， 可能的	a feasible solution	可行的解决方法	同义：possible	同根：feasibility  可行性；可能性
majesty	/ˈmædʒəsti/	n.  陛下； 雄伟， 壮丽； 庄严	The Prime Minister is here to see you, Your Majesty.	首相前来拜谒，陛下。	同义：authority	同根：majestic  庄严的；宏伟的
flatter	/ˈflætɚ/	vt.  向…谄媚， 奉承； 使满意， 使感到荣幸； 使显得好看， 使显得突出	Perry would always flatter Mrs. Mitchell by praising her cooking.	佩里常常奉承米切尔太太，称赞她的烹调手艺。	同义：please	同根：flattering  奉承的；谄媚的；flattery  奉承；谄媚；恭维话；flatterer  奉承者；阿谀者；谄媚者
potential	/pəˈtɛnʃl/	adj. 潜在的，可能的 n.  潜力， 潜能	The company has identified 60 potential customers.	该公司已确定了60位潜在的客户。	同义：possibility, feasible	同根：potentially  可能地，潜在地；potentiality  潜力；可能性
necessitate	/nəˈsɛsɪtet/	vt.  成为必要， 需要	Lack of money necessitated a change of plan.	由于缺乏资金，只能改变计划。	同义：ask	同根：necessary  必要的；必需的；必然的；necessary  必需品；necessity  需要；必然性；必需品
orthodox	/ˈɔrθədɑks/	adj.  传统的； 正统的， 正宗的	orthodox medical treatments	传统疗法	同义：traditional	同根：orthodoxy  正统；正教；正统说法
accustomed	/əˈkʌstəmd/	adj.  惯常的， 习惯的	The pans were in their accustomed places.	那些锅在老地方。	同义：usual	同根：accustom  使习惯于
combination	/,kɑmbɪˈneʃən/	n.  结合， 联合； 化合	a combination nightclub and café	夜总会兼咖啡馆	同义：combined with	同根：combined  结合的；[数] 组合的；combining  化合的，结合性的；combinatorial  组合的
obtain	/əbˈten/	vi.  通用， 流行； 存在 vt. 获得	These conditions no longer obtain.	这些状况已不复存在。	同义：pick up, acquire	同根：obtainable  能得到的；obtainment  获得
statesman	/ˈstetsmən/	n.  国务活动家， 政治家	a respected elder statesman	一位受人尊敬的政界元老	同义：politician	同根：statesmanlike  与政治家相称的；有政治家风度的；statesmanly  与政治家身份相称的；像政治家的；statesmanship  政治才能；政治家的风度
tack	/tæk/	n. 平头钉，大头钉；行动方向，方针 vt.  用平头钉钉； 附加， 增补	If that doesn’t work, we’ll try a different tack .	如果那样不行，我们将试试别的方法。	同义：food, annex	同根：tacky  俗气的；发黏的；缺乏教养或风度的；tacking  定位焊；紧钉；顶风转向；tacker  敲平头钉器；敲平头钉的人
gross	/ɡros/	adj.  总的； 严重的； 粗俗的； 臃肿的	The company was guilty of gross negligence.	该公司犯了重大的失职罪。	同义：robust, sum	同根：grossness  粗野；肥满；粗劣
lounge	/laʊndʒ/	vi. 倚，躺；闲逛，闲荡 n.  休息厅， 休息室	Nathan was lounging on the grass bank outside the cottage.	内森正懒洋洋地躺在小屋外的草堤上。	同义：retiring room, lig, hack around	同根：lounger  闲荡的人；懒人
porch	/pɔrtʃ/	n.  门廊	He was standing on the porch, waving as we drove away.	我们开车离开的时候，他站在走廊上向我们挥手。	同义：passage	
workshop	/ˈwɝkʃɑp/	n.  车间， 工场； 专题讨论会	Trumpeter Marcus Belgrave ran a jazz workshop for young artists.	鼓手马库斯马贝尔格瑞夫为年轻艺术家们举办了一场爵士乐研讨会。	同义：plant	
format	/ˈfɔrmæt/	n. 设计，安排；格式，样式，版式 vt.  使格式化	The courses were run to a consistent format.	这些课程的编排是有连续性的。		同根：formative  形成的；造型的；格式化的；formalized  形式化的；正式的；formative  构词要素
sacrifice	/ˈsækrɪfaɪs/	n&v.  牺牲， 舍身； 献祭， 供奉； 祭品	The minister stressed the need for economic sacrifice.	部长强调了在经济上作出牺牲的必要性。	同义：offering, immolate, offer	同根：sacrificial  牺牲的；献祭的
illegal	/ɪˈligl/	adj.  不合法的， 非法的	illegal drugs	违禁药品	同义：unauthorized, espionage	
corps	/kɔrz/	n.  队， 部队； 一组	the medical corps	医疗部队	同义：cohorts	
eclipse	/ɪˈklɪps/	n. 食；消失，黯然失色 vt.  食， 遮掩光； 使暗淡， 使失色， 使相形见绌	an eclipse of the sun	日食		
formal	/ˈfɔrml/	adj.  正式的； 礼仪上的	formal recognition of the reformed church	改革后的教会所获得的官方承认	同义：official, evening dress	同根：formalized  形式化的；正式的；formless  没有形状的；无定形的；形体不明的；formally  正式地；形式上
correlate	/ˈkɔrəlet/	vi.  相关， 关联 vt. 使相互关联	Obesity correlates with increased risk for hypertension and stroke.	过度肥胖与高血压和中风的发病风险增加密切相关。	同义：relative, associated	同根：correlated  有相互关系的；correlative  相关的；有相互关系的；correlation  [数] 相关，关联；相互关系
soar	/sɔr/	vi.  猛增， 剧增； 高飞， 升腾； 高涨； 高耸， 屹立	Her temperature soared.	她的体温骤然升高。	同义：rise, flying high	同根：soaring  翱翔的；高耸的；猛增的；soaring  高耸（soar的现在分词形式）；高飞；猛增
commute	/kəˈmjʊt/	vi. 乘公交车上下班，经常乘车往返于两地 vt.  减； 折合， 折偿； 上下班交通	Baldry’s 20-year prison sentence was commuted to three years.	鲍德里二十年的刑期被减至三年。	同义：exchange for	同根：commutative  交换的，交替的；commutable  可取代的；可交换的；可抵偿的；commuter  通勤者，经常乘公共车辆往返者；[交] 月季票乘客
sustain	/səˈsten/	vt.  保持， 使持续下去； 供养， 维持； 支持， 支撑； 经受， 遭受	She found it difficult to sustain the children’s interest.	她发现很难保持孩子们的兴趣。	同义：maintain	同根：sustainable  可以忍受的；足可支撑的；养得起的；sustained  持续的；持久的；持久不变的；sustainability  持续性；永续性；能维持性
critical	/ˈkrɪtɪkl/	adj.  决定性的； 批评的	He made some highly critical remarks.	他发表了一些严厉的批判性言论。	同义：dangerous	同根：critically  精密地；危急地；批评性地；用钻研眼光地；criticism  批评；考证；苛求；critic  批评家，评论家；爱挑剔的人
shepherd	/ˈʃɛpɚd/	n. 牧羊人，羊倌 vt.  带领， 引导	The shepherd tended a flock.	这个牧羊人照管羊群。	同义：guide, minister	同根：shepherdess  牧羊女
outcry	/ˈaʊtkraɪ/	n.  大声疾呼， 呐喊； 强烈抗议	The closure of the local hospital has caused a huge public outcry.	当地医院的关闭激起了大规模的公众抗议。	同义：big bird	
radiant	/ˈredɪənt/	adj.  容光焕发的， 喜形于色的； 光芒四射的， 光辉灿烂的； 辐射的	She looked radiant in a white silk dress.	她身穿白色真丝礼服，看上去光彩照人。	同义：roseate, bright spot	同根：radiate  辐射状的，有射线的；radiating  [物] 辐射的；radiantly  清朗地；辉煌地
principal	/ˈprɪnsəpl/	adj. 最重要的，主要的 n.  负责人， 校长； 资本， 本金； 主要演员， 主角	His principal reason for making the journey was to visit his family.	他那次旅程的首要目的是探访家人。	同义：president, supreme	同根：principally  主要地；大部分；principalship  首要的地位、职务
exceedingly	/ɪkˈsidɪŋli/	adv.  极端地， 非常	Thank you. You’ve been exceedingly kind.	谢谢，你真是太好了。	同义：extremely	同根：exceeding  超越的；非常的；过度的；exceeding  超过；占优势（exceed的ing形式）；exceed  超过其他
uphold	/ʌpˈhoʊld/	vt.  支持， 维护	a committee that aims to uphold educational standards	旨在保持教育水准的委员会	同义：encourage	同根：upholder  支撑物；支持者
exotic	/ɪɡˈzɑtɪk/	adj.  外来的， 异国情调的； 奇异的	exotic birds	外国的奇异鸟类	同义：outside	同根：exoticism  异国情调；异国风味；洋派
relief	/rɪˈlif/	n.  轻松， 宽慰； 缓解， 减轻， 解除； 使得到调剂； 接替， 替下	I felt a huge surge of relief and happiness.	我如释重负，大感欣慰。	同义：comfort	同根：relieved  放心的；relievedly  宽慰地；relieved  减轻；解除（relieve的过去分词）
boycott	/ˈbɔɪkɑt/	n&vt.  抵制， 拒绝参与	We boycott all products tested on animals.	我们抵制所有拿动物做试验的产品。		
dimension	/dəˈmɛnʃən, daɪ-/	n.  尺寸， 尺度， 面积； 方面， 特点； 面积， 规模	You can have a spiritual dimension to your life without being religious.	即使你不信宗教，也可以在生命中拥有精神层面的内容。	同义：measurement	同根：dimensional  空间的；尺寸的；dimensionality  维度；幅员；广延
deserve	/dɪˈzɝv/	vt.  应受， 值得	What have I done to deserve this?	我做了什么事，要得到这样的报应？	同义：be deserving of, be deserving of	同根：deserved  应得的；理所当然的；deserving  值得的；应得的；有功的；deservedly  理所当然地；应得报酬地
process	/proˈsɛs;(for n.)prɑsɛs/	n. 过程；制作方法；程序 vt.  加工， 办理	the Israeli-Egyptian peace process	以－埃和平进程	同义：manufacture, going on	同根：procedural  程序上的；processible  适合加工的；可处理的；processional  游行的；列队行进的
revenge	/rɪˈvɛndʒ/	n. 报复，报仇 vt.  为…报仇， 报…之仇	The attackers were said to be taking revenge on the 14-year-old, claiming he was a school bully.	攻击者被称是在报复一名14岁男孩，称他是学校一霸。	同义：vengeance, get back on, right a wrong	同根：revengeful  深藏仇恨的；燃起复仇念头的；revengefully  燃起报复念头地
restore	/rɪˈstɔr/	vt.  恢复， 使恢复； 修复， 整修； 归还， 交还	She was hoping that the Mediterranean climate would restore her to full health.	她希望地中海的气候能使她的身体完全复原。	同义：replace, recover from	同根：restorative  滋补的，有助于复元的；恢复健康的；restoration  恢复；复位；王政复辟；归还；restorative  [药] 恢复药，滋补剂
subscribe	/səbˈskraɪb/	vi. 订阅，订购；同意，赞成 vt.  捐助， 赞助	My main reason for subscribing to New Scientist is to keep abreast of advances in science.	我订阅《新科学家》的主要原因是要跟上科学的进步。	同义：sign, ink	同根：subscription  捐献；订阅；订金；签署；subscriber  订户；签署者；捐献者
distill	/dɪsˈtɪl/	vt.  蒸馏， 用蒸馏法提取； 吸取， 提炼	distilled water	蒸馏水	同义：extract, still	同根：distillation  蒸馏，净化；蒸馏法；精华，蒸馏物；distillate  精华；蒸溜物；distiller  蒸馏器；蒸馏酒者
alternative	/ɔlˈtɝnətɪv/	adj.  两者选一的， 供选择的； 另类的 n. 替换物，选择；选择的自由	An alternative route is along the Via Unione.	另一条路线是沿着联合路走。	同义：selective	同根：alternate  交替的；轮流的；alternating  交替的；交互的；alternatively  非此即彼；二者择一地；作为一种选择
concentration	/ˈkɑnsnˈtreʃən/	n.  集中； 专注， 专心； 浓缩； 浓度	She needed all her powers of concentration to stop herself from slipping on the icy road.	她需要集中全部注意力才能不让自己在结冰的路上滑倒。	同义：thickness	同根：concentrated  集中的；浓缩的；全神贯注的；concentrate  浓缩，精选；浓缩液；concentricity  同心；集中性
velocity	/vəˈlɑsəti/	n.  速度， 速率	the velocity of light	光速	同义：speed rate	
encounter	/ɪnˈkaʊntɚ/	vt. 遭遇，遇到 n.  遭遇	The doctor had encountered several similar cases in the past.	那位医生过去曾碰到过好几个类似病例。	同义：confront, fell in with, bring up against	
fellowship	/ˈfɛloʃɪp/	n.  伙伴关系， 交情， 友谊； 团体， 协会， 联谊会； 奖学金， 研究员职位	Regular outings contribute to a sense of fellowship among co-workers.	经常外出游玩可以增进同事之间的友谊。	同义：friendship	同根：fellow  同伴的，同事的；同道的；fellow  家伙；朋友；同事；会员；fellow  使…与另一个对等；使…与另一个匹敌
colleague	/ˈkɑliɡ/	n.  同事， 同僚	a colleague of mine from the bank	我在银行的一位同事	同义：brother	
approve	/əˈprʊv/	vi.  赞成， 称许 vt. 赞成，称许；批准	You've never approved of Henry, have you?	你从未赞赏过亨利，是吧？	同义：confirm, to ratify	同根：approved  被认可的；经过检验的；approving  赞成的，满意的；approvingly  赞许地；满意地
interaction	/,ɪntəˈrækʃən/	n.  相互作用	The interaction between user and expert system arising from the expert system 's use.	使用专家系统而发生的用户和专家系统之间的交互作用。	同义：reciprocity	同根：interactive  交互式的；相互作用的；interactional  相互作用的；interact  幕间剧；幕间休息
pedestrian	/pəˈdɛstrɪən/	n.  步行者， 行人	Ingrid was a walker, even in Los Angeles, where a pedestrian is a rare sight.	英格丽德是个步行者，即使在行人少见的洛杉矶也是如此。	同义：literal-minded, passerby	
interfere	/,ɪntɚˈfɪr/	vi.  干涉， 干预， 妨碍	My daughter-in-law said that I was interfering, but I was only trying to help.	我的儿媳说我多管闲事，但我只是想帮忙。	同义：influence in, impact	同根：interfering  干涉的；多管闲事的；interference  干扰，冲突；干涉；interferometer  [光] 干涉仪；干涉计
apartment	/əˈpɑrtmənt/	n.  一套公寓房间	She lives in a small apartment.	她住在一套小公寓里。	同义：chamber	
account	/əˈkaʊnt/	vi.  说明…的原因； 占… n. 记述；解释；账目	My salary is paid into my bank account.	我的工资直接存入我的银行账户。	同义：interpretation, result in, count	同根：accountable  有责任的；有解释义务的；可解释的；accounting  会计，会计学；帐单；accounting  解释（account的ing形式）；叙述
fitting	/ˈfɪtɪŋ/	adj.  适合的， 恰当的 n. 设备，家具，日用器具；配件，附件，零件；试穿，试衣	I thought the memorial was a fitting tribute to the President.	我认为这座纪念碑恰如其分地表达了对总统的敬意。	同义：assembly, adaptive	同根：fit  健康的；合适的；恰当的；准备好的；fitted  合适的；订做的；有…设备的；fitter  胜任的；适当的
stack	/stæk/	n. 堆，垛 vt.  堆积， 堆放于	stacks of dirty dishes	一摞摞脏盘子	同义：pile, pile	同根：stacked  妖艳的；（女人）身材丰满匀称的；stacked  堆放（stack的过去分词）
radioactive	/ˈredɪoˈæktɪv/	adj.  放射性的， 有辐射能的	the problem of how to dispose of radioactive waste	如何处理放射性废物的问题	同义：emissive	同根：radiation  辐射；发光；放射物；radiator  散热器；暖气片；辐射体；radioactivity  放射性；[核] 放射能力；[核] 放射现象
resent	/rɪˈzɛnt/	vt.  对…表示愤恨， 怨恨	Paul resented the fact that Carol didn’t trust him.	保罗非常气愤，因为卡萝尔不信任他。	同义：hate	同根：resentful  充满忿恨的；厌恶的；resentfully  充满愤恨地；resentment  愤恨，怨恨
stride	/straɪd/	vi. 大踏步走 n.  大步； 步法， 步态； 进展， 进步	They were joined by a newcomer who came striding across a field.	他们中又来了个新人，那人穿过一块田地大步走过来。	同义：evolution, step over, step over	同根：strider  阔步走路的人；[昆] 水黾
impulsive	/ɪmˈpʌlsɪv/	adj.  冲动的	Rosa was impulsive and sometimes regretted things she’d done.	罗莎性情鲁莽，有时会为做过的事感到后悔。	同义：impetuous	同根：impulsively  有推动力地；impulse  冲动；[电子] 脉冲；刺激；神经冲动；推动力；impulsiveness  冲动
qualitative	/ˈkwɑlətetɪv/	adj.  性质的， 定性的	There are qualitative differences in the way children of different ages and adults think.	不同年龄的儿童和成人在思维方式上有着质的差异。		同根：qualitatively  定性地；从品质上讲
diverse	/daɪˈvɝs/	adj.  不一样的， 相异的； 多种多样的	subjects as diverse as pop music and archaeology	像流行音乐和考古学这样各不相同的学科	同义：different	同根：diversified  多样化的；各种的；diversely  不同地；各色各样地；diversity  多样性；差异
crisp	/krɪsp/	adj. 脆的，鲜脆的；挺括的；清新的，干冷的；简明扼要的，利落的 n.  油炸土豆片	She kicked at the crisp leaves at her feet.	她踢着脚边松脆的树叶。	同义：fresh, crimp, curl	同根：crispy  酥脆的；易碎的；干净利落的；生气勃勃的；crisply  清楚地；易碎地；crispness  易碎；清新；酥脆
prime	/praɪm/	adj. 首要的；最好的 n. 青春；全盛时期 vt.  使准备好	Smoking is the prime cause of lung disease.	抽烟是引发肺部疾病的首要原因。	同义：greatest, excellently, youth, ready	同根：primary  主要的；初级的；基本的；primeval  原始的；初期的（等于primaeval）；prim  拘谨的；整洁的；呆板的
intellect	/ˈɪntəlɛkt/	n.  智力， 理解力； 才智非凡的人	Do the emotions develop in parallel with the intellect?	情感与智力同步发展吗？	同义：brain	同根：intellectual  智力的；聪明的；理智的；intelligent  智能的；聪明的；理解力强的；intelligible  可理解的；明了的；仅能用智力了解的
preference	/ˈprɛfrəns/	n.  喜爱， 偏爱； 优先； 偏爱的事物	Do you have a colour preference ?	你有什么颜色上的偏好吗？	同义：tendency	同根：preferred  优先的；首选的；preferential  优先的；选择的；特惠的；先取的；preferentially  优先地；优惠地
mild	/maɪld/	adj.  温柔的； 温暖的； 轻微的	We had an exceptionally mild winter last year.	去年冬天我们这里异常暖和。	同义：pacific	同根：mildly  温和地，和善地；适度地；mildness  温和；温暖
loyal	/ˈlɔɪəl/	adj.  忠诚的， 忠心的	a loyal supporter of the team	球队的忠实支持者	同义：loving	同根：loyally  忠诚地；诚实地；loyalty  忠诚；忠心；忠实；loyalist  忠诚的人；反对独立者
impact	/ɪmˈpækt/	v.  影响， 作用， 冲击 n. [Im'pækt]	Such schemes mean little unless they impact people.	除非能对人们造成影响，否则这样的计划意义不大。	同义：affect, charge at, effect	同根：impacted  压紧的；结实的；嵌入的；（人口）稠密的；impactive  冲击的；有不良影响的；impaction  压紧；装紧；嵌入
paralysis	/pəˈræləsɪs/	n.  麻痹， 瘫痪， 中风； 无能， 无力	paralysis of the lower body	下半身瘫痪	同义：numbness	同根：paralyzed  瘫痪的；麻痹的；paralytic  麻痹的；瘫痪的；中风的；paralytic  中风患者；麻痹患者
court	/kɔrt/	n.  法院， 法庭； 庭院； 宫廷； 球场	It could not be proved in a court of law.	这无法在法庭上证实。	同义：playfield, invite, woo	同根：courtesy  殷勤的；被承认的；出于礼节的；courtly  尊严而有礼貌的；奉承的；有宫廷气派的，威严的；courtesy  礼貌；好意；恩惠
chapel	/ˈtʃæpl/	n.  小教堂， 祈祷室	Bethan goes to chapel every Sunday.	贝唐每个星期天都去教堂做礼拜。	同义：church	同根：chaplaincy  礼拜堂牧师之职位或任期
distort	/dɪˈstɔrt/	vi.  变形 vt. 歪曲，曲解；扭曲，使变形	Tall buildings can distort radio signals.	高大的建筑物会使无线电信号失真。	同义：contort, become deformed	同根：distorted  歪曲的；受到曲解的；distortion  变形；[物] 失真；扭曲；曲解；distorted  扭曲（distortasd的过去式和过去分词）
subsidiary	/səbˈsɪdɪɛri/	adj. 辅助的，次要的，附设的 n.  子公司， 附属机构	a subsidiary hypothesis	一个附带假设	同义：assistant, auxiliary	
venture	/ˈvɛntʃɚ/	vi.  冒险； 大胆行事 n. 风险投资，风险项目 vt. 拿…冒险；敢于	When darkness fell, he would venture out.	天黑以后，他就会壮着胆子出去。	同义：dare to, adventure, enterprise	同根：venturesome  冒险的；危险的；好冒险的；venturous  不顾一切的；好冒险的；大胆的；vent  （感情的）发泄；出口；通风孔
discern	/dɪˈsɝn/	vt.  看出， 察觉出； 识别， 认出	We could just discern a town in the distance.	我们依稀看到远处有一座城镇。	同义：recognize, see clearly	同根：discernible  可辨别的；可识别的；discerning  有辨识能力的；眼光敏锐的；discernable  可辨别的；可认识的
enthusiasm	/ɪnˈθuzɪæzəm/	n.  热情， 热心， 热忱； 巨大兴趣	Gillian and Darren greeted the speakers with great enthusiasm.	吉利恩和达伦非常热情地接待了演讲者。	同义：passion	同根：enthusiastic  热情的；热心的；狂热的；enthusiastically  热心地；满腔热情地
flexible	/ˈflɛksəbl/	adj.  易弯曲的； 灵活的	We can be flexible about your starting date.	你具体从哪天开始，我们可以灵活一点。	同义：elastic	同根：flex  弹性工作制的；flexile  可弯曲的；柔韧的；可变通的；flexuous  动摇不定的；弯曲的；波状的；[生物] 之字形的；不稳定的
domain	/doˈmen/	n.  领域， 范围； 领地， 势力范围	Looking after the house was viewed as a woman’s domain.	料理家务被认为是女性的份内之事。	同义：province	
census	/ˈsɛnsəs/	n.  人口普查， 统计	a traffic census	交通状况调查	同义：lustrum	
corpse	/kɔrps/	n.  死尸， 尸体	The corpse was found by children playing in the woods.	这具尸体是在林子里玩耍的孩子发现的。	同义：lich	
willful	/ˈwɪlfəl/	adj.  故意的， 特意的			同义：intended	同根：willing  乐意的；自愿的；心甘情愿的；wilful  故意的；任性的；willingly  欣然地；愿意地，乐意地
attitude	/ˈætɪtʊd/	n.  态度， 看法； 姿势	As soon as they found out I was a doctor, their whole attitude changed.	他们一听说我是医生，态度就完全改变了。	同义：opinion	同根：attitudinal  态度的
relative	/ˈrɛlətɪv/	adj. 有关系的，相对的 n.  亲属， 亲戚	The relative merits of both approaches have to be considered.	两种方法的相对优点都得考虑在内。	同义：opposing, kin	同根：related  有关系的，有关联的；讲述的，叙述的；relational  相关的；亲属的；relativistic  相对的；相对论的
compare	/kəmˈpɛr/	vt.  比较， 对照； 把…比作	The report compares the different types of home computer available.	这份报告比较了市场上不同类型的家用计算机。	同义：contradistinguish, match, parabole	同根：comparative  比较的；相当的；comparable  可比较的；比得上的；comparatively  比较地；相当地
depict	/dɪˈpɪkt/	vt.  描绘， 描述	a book depicting life in pre-revolutionary Russia	描写革命前俄国人生活的一本书	同义：bewrite	同根：depictive  描写的；描述的；depiction  描写，叙述
hop	/hɑp/	vi. 单足跳跃，单足跳行；齐足跳跃，齐足跳行 vt. 跳上 n.  蹦跳； 短程航行	a little girl hopping and skipping	一个蹦蹦跳跳的小女孩	同义：jump, jump, jump	同根：hoppy  蛇麻草的；啤酒花的；跳动的；hopper  料斗；漏斗；单足跳者；跳虫；hoppy  吸毒成瘾者
characteristic	/,kærəktəˈrɪstɪk/	adj. 特有的，典型的 n.  特性	the highly characteristic (= very typical ) flint walls of the local houses	当地房子非常有特色的燧石墙	同义：typical, quality	同根：characterless  无个性的；缺乏特征的；平凡的；characteristically  典型地；表示特性地；character  性格，品质；特性；角色；[计] 字符
involvement	/ɪnˈvɔlvmənt/	n.  连累； 包含	School officials say they welcome parental involvement.	校方说他们欢迎学生父母参与。	同义：containing	同根：involved  有关的；卷入的；复杂的；involved  涉及；使参与；包含（involve的过去式和过去分词）；involve  包含；牵涉；使陷于；潜心于
pave	/pev/	vt.  铺， 铺筑	a paved courtyard	地面铺砌过的院子	同义：schedule	同根：paving  [建] 铺砌；铺路材料；块石面路；pavage  铺路；铺设；铺路税；paving  铺设；为…做准备（pave的ing形式）
integral	/ˈɪntɪɡrəl/	adj.  构成整体所必需的， 基本的	Vegetables are an integral part of our diet.	蔬菜是我们膳食中不可缺少的一部分。	同义：whole, proportion	同根：integrate  整合的；完全的；integrated  综合的；完整的；互相协调的；integrally  完整地，整体地；固有地
lubricate	/ˈlubrɪket/	vt.  使润滑	Lubricate all moving parts with grease.	给所有活动部件加润滑油。		同根：lubricant  润滑的；lubricated  润滑的；喝醉了的；lubricant  润滑剂；润滑油
comet	/ˈkɑmət/	n.  彗星	Halley’s comet	哈雷彗星		同根：cometary  彗星的；彗星似的；cometic  彗星的；彗星似的
deadline	/ˈdedlaɪn/	n.  最后期限	I’m always working under pressure to meet deadlines (= finish something on time ) .	我总是在赶工期的压力下工作。		
bully	/ˈbʊli/	n. 恃强欺弱者 vt.  威吓， 欺负	Bullies are often cowards.	恃强凌弱者往往是懦夫。	同义：bucko, classical, daunt, greatly	同根：bull  大型的；公牛似的；雄性的；bullied  被欺负的；因害怕而屈服顺从的；bull  公牛；看好股市者；粗壮如牛的人；胡说八道；印玺
chip	/tʃɪp/	n.  屑片， 碎片； 炸土豆条； 集成电路片， 集成块； 缺口， 瑕疵	the age of the silicon chip	芯片时代	同义：pele, shell, debris	同根：chipper  爽朗的；活泼的；chipping  破片；碎屑；chipper  削片机；凿子；削东西的人；唧唧喳喳
medieval	/,midɪˈivəl/	adj.  中世纪的； 中古的	These spices were first brought to Italy from the East in medieval times.	这些香料最早是在中世纪时从东方被带到了意大利。	同义：original	
tanker	/ˈtæŋkɚ/	n.  油轮	A Greek oil tanker has run aground.	一艘希腊油轮已经搁浅了。		同根：tank  坦克；水槽；池塘；tankage  桶槽容量；桶槽的租费；tank  乘坦克行进
involve	/ɪnˈvɑlv/	vt.  使卷入， 牵涉； 包含， 含有	What will the job involve?	这份工作包括什么？	同义：contain	同根：involved  有关的；卷入的；复杂的；involvement  牵连；包含；混乱；财政困难；involved  涉及；使参与；包含（involve的过去式和过去分词）
pistol	/ˈpɪstl/	n.  手枪	He threatened to pistol me.	他威胁要用手枪向我射击。	同义：handgun	
assemble	/əˈsɛmbl/	vi. 集合，召集 vt.  集合， 聚集； 装配	A large crowd had assembled outside the American embassy.	一大群人聚集在美国大使馆外。	同义：aggregate, concentrate	同根：assembled  组合的；安装的；assembling  装配的；组合的；assembly  装配；集会，集合
watertight	/ˈwɔtɚtaɪt/	adj.  不透水的， 防水的； 严密的， 无懈可击的	Lucky for him, his alibi is watertight.	算他走运，不在犯罪现场的证据无懈可击。	同义：invulnerable	
transition	/trænˈzɪʃən/	n.  过渡， 转变	Making the transition from youth to adulthood can be very painful.	从青少年过渡到成年有时是一个非常痛苦的过程。	同义：conversion	同根：transitional  变迁的；过渡期的；transitive  及物的；过渡的；可迁的；transit  运输；经过
repel	/rɪˈpɛl/	vt.  使厌恶； 击退， 逐回， 驱除； 排斥	The smell repelled him.	这气味让他反感。	同义：refuse	
mutter	/ˈmʌtɚ/	n&v.  轻声低语； 小声抱怨	Elsie muttered something I couldn’t catch and walked off.	埃尔茜咕哝了一句什么，我也没有听懂，她就走掉了。	同义：chunter, grunt	同根：muttering  独自怨言，喃喃自语；muttering  咕哝；发牢骚（mutter的ing形式）
series	/ˈsɪriz/	n.  一系列， 连续； 丛书， 连续剧	the series of events that led to the outbreak of war	导致战争爆发的一系列事件	同义：succession	同根：serially  连续地；连载地；serialize  连载，使连续；serialise  连载；使…连续
complicated	/ˈkɑmplɪketɪd/	adj.  复杂的， 难懂的	a complicated voting system	复杂的选举制度	同义：involved	同根：complication  并发症；复杂；复杂化；混乱；complicate  使复杂化；使恶化；使卷入
junk	/dʒʌŋk/	n. 废旧物品，破烂 vt.  丢弃， 废弃	This cupboard’s full of junk.	这个壁橱里塞满了杂物。	同义：refuse	同根：junky  无价值的；质量低劣的；junky  吸毒者；毒品贩子；废旧品商人
maximum	/ˈmæksəməm/	adj.  最大的； 最高的； 顶点的 n. 最大量；顶点	The car has a maximum speed of 120 mph.	这辆汽车的最高时速为120英里。	同义：ceiling amount, highest	同根：maximal  最高的，最大的；最全面的；maximally  最大地；最高地；maximization  [数] 极大化，最大化
thrive	/θraɪv/	vi.  兴旺， 繁荣， 旺盛	plants that thrive in tropical rain forests	在热带雨林蓬勃生长的植物	同义：succeed	同根：thriving  繁荣的；蒸蒸日上的；旺盛的；thriving  兴旺（thrive的ing形式）
imaginative	/ɪˈmædʒɪnətɪv/	adj.  富有想象力的， 爱想象的	an imaginative use of computer technology	计算机技术的妙用	同义：fictitious	同根：imaginary  虚构的，假想的；想像的；虚数的；imaginable  可能的；可想像的；imagined  想象的；构想的
penguin	/ˈpɛŋɡwɪn/	n.  企鹅	I am a penguin and I turn my head.	我是一只企鹅并且我可以摆动我的尾巴。	同义：penuins	
represent	/,rɛprɪˈzɛnt/	vt.  作为…的代表， 表示， 象征； 描绘， 表现	Mr Kobayashi was chosen to represent the company at the conference.	小林先生被选中代表公司出席会议。	同义：conduct oneself, to stand for	同根：representative  典型的，有代表性的；代议制的；representational  代表的；具象派的；representable  能被代表的；能上演的；能被描绘的
masterpiece	/ˈmæstəpis/	n.  杰作	Mary Shelley was just 18 when she wrote the horror masterpiece ‘Frankenstein’.	玛丽•雪莱创作《科学怪人》这部恐怖小说名作的时候年仅18岁。	同义：chef-d'oeuvre	
compete	/kəmˈpit/	vi.  比赛， 竞争， 对抗	The banks have long competed with American Express's charge cards and various shop cards.	这些银行长期以来一直与美国运通公司的记账卡和各种商店卡竞争。	同义：contest	同根：competitive  竞争的；比赛的；求胜心切的；competing  相互矛盾的；抵触的；competitively  有竞争力地；好竞争地
tolerant	/ˈtɑlərənt/	adj.  宽容的， 容忍的	a tolerant society	宽容的社会	同义：kind	同根：tolerable  可以的；可容忍的；tolerably  相当地；可容忍地；差不多地；tolerantly  宽容地，容忍地
dispatch	/dɪˈspætʃ/	vt. 派遣，调遣，发送 n.  急件， 快信； 新闻报道； 派遣， 调遣	Goods are normally dispatched within 24 hours.	货物一般在24小时内派送。	同义：urgent-mail, mission	同根：dispatcher  调度员；[计] 调度程序；[计] 分配器
emergency	/ɪˈmɝdʒənsi/	n.  紧急情况， 突然事件	Lifeguards are trained to deal with emergencies.	救生员接受过应对紧急情况的训练。	同义：critical situation, urgent	同根：emergent  紧急的；浮现的；意外的；自然发生的；emergence  出现，浮现；发生；露头
dim	/dɪm/	adj. 昏暗的，朦胧的；模糊不清的 v.  变暗淡	in the dim light of the early dawn	在微弱的晨曦里	同义：fuzzy, breathe upon, fog, simple	同根：dimmed  无效的；暗灰色的；dimly  朦胧地；微暗；dimmer  [车辆] 调光器；光暗掣；衰减器
paralyze	/ˈpærə,laɪz/	vt.  使瘫痪， 使麻痹； 使丧失作用； 使惊愕， 使呆若木鸡			同义：anesthetize	同根：paralyzed  瘫痪的；麻痹的；paralytic  麻痹的；瘫痪的；中风的；paralysis  麻痹；无力；停顿
interpersonal	/ˈɪntɚˈpɝsnl/	adj.  人与人之间的， 关于人与人之间关系的	interpersonal skills	人际交往技巧		
exemplary	/ɪɡˈzɛmpləri/	adj.  可作楷模的， 典范的	a company with an exemplary record on environmental issues	在处理环境问题方面可作为楷模的公司	同义：emulable	同根：exemplar  模范，榜样；标本
faculty	/ˈfæklti/	n.  才能， 能力； 系， 科； 全体教员	Both faculty and students oppose the measures.	教师和学生都反对这些措施。	同义：ability	
layoff	/ˈle,ɔf/	n.  解雇； 裁员； 歇工期， 停工期	It will close more than 200 stores nationwide resulting in the layoffs of an estimated 2,000 employees.	在全国范围内将关闭二百多家商店，造成约两千人失业。		同根：layover  中断期间，中途短暂的停留；终点停车处；津贴
wretched	/ˈrɛtʃɪd/	adj.  极不愉快的， 难受的， 可怜的； 令人苦恼的， 讨厌的； 拙劣的	the poor, wretched girl	极其不幸的可怜姑娘	同义：poor	同根：wretchedly  鄙劣地；可怜地；wretch  可怜的人，不幸的人；卑鄙的人；wretchedness  可怜；悲惨；不幸
modesty	/ˈmɑdəsti/	n.  谦虚	‘Anyone else would have done the same thing,’ he said with typical modesty.	换了谁都会这么做的。”他带着一贯的谦虚说道。	同义：humility	同根：modest  谦虚的，谦逊的；适度的；端庄的；羞怯的
considerate	/kənˈsɪdərɪt/	adj.  考虑周到的， 体贴的， 体谅的	I think he's the most charming, most considerate man I've ever known.	我觉得他是我所认识的最有魅力、最体贴的男士。	同义：thoughtful	
glamor	/ˈglæmɚ/	n.  魅力， 诱惑力	This is the power of glamor of debate!	这就是辩论的力量和魅力！	同义：charm, ensorcel	同根：glamorous  迷人的，富有魅力的；glamourous  富有魅力的；迷人的；glamour  魅力，魔力；迷人的美
clue	/klʊ/	n.  线索， 暗示， 提示	Police have found a vital clue .	警方发现了至关重要的线索。	同义：action	同根：clueless  无线索的；愚蠢的
bracket	/ˈbrækɪt/	n. 括号；等级段，档次；壁架，托架 vt.  把…置于括号内； 把…归入同一类	the highest tax bracket	最高税级	同义：rest, eliminate	
legal	/ˈligl/	adj.  法律的； 合法的	What the company has done is perfectly legal.	公司所做的这一切完全合法。	同义：legitimate	同根：legally  合法地；法律上；legality  合法；合法性；墨守法规；legalization  [法] 合法化；法律认可
midst	/mɪdst/	n.  中部； 中间； 当中	We were sitting in the midst of an elegant and well-dressed audience.	我们坐在一群举止优雅、衣着考究的观众中间。	同义：middle, among	
trait	/tret/	n.  特征， 特点， 特性	The study found that some alcoholics had clear personality traits showing up early in childhood.	这项研究发现一些酗酒者早在孩童时就表现出明显的个性特征。	同义：quality	
radius	/ˈredɪəs/	n.  半径， 半径范围	The shock of the explosion was felt over a radius of forty miles.	爆炸引起的剧烈震动在方圆40英里内都能感觉得到。	同义：semidiameter	同根：radioprotection  辐射防护；radiosensitivity  [核][物] 辐射敏感度
disintegration	/dɪs,ɪntəˈgreʃən/	n.  破裂， 分裂； 瓦解	The act or an instance of breaking up, as a division, dispersal, or disintegration.	分散，分离分离的行为或实例，如分裂、分散或分解。	同义：analysis	同根：disintegrative  使崩溃的；使分裂的；disintegrate  瓦解；碎裂；衰变；disintegrate  使分解；使碎裂；使崩溃；使衰变
signal	/ˈsɪgnl/	adj.  显著的， 重大的 n. 信号，暗号；标志，表示 vt. 发信号；标志着	He pressed the red alarm signal to see if it was on or off.	他按了一下红色报警信号钮，检查一下它是开著的还是关著的。	同义：high sign, mark, obvious, semaphore	同根：signed  有符号的；已签字的；有正负之分的；signally  显著地；突出地；非凡地；sign  迹象；符号；记号；手势
impair	/ɪmˈpɛr/	vt.  损害， 损伤； 削弱	The illness had impaired his ability to think and concentrate.	这种疾病损害了他的思维能力和注意力。	同义：hurt	同根：impaired  受损的；impairment  损伤，损害；impairer  损害者
dolphin	/ˈdɑlfɪn/	n.  海豚	I like dolphin.	我喜欢海豚。	同义：sea hog	
sightseeing	/ˈsaɪtsiɪŋ/	n.  观光， 游览	She swam and sunbathed, went sightseeing and relaxed.	她游泳，晒日光浴，观光，放松。	同义：tourism, visiting	同根：sightseer  观光者；游客
stray	/stre/	vi. 走失，迷路；分心，走神；离题 adj. 迷路的，走失的；孤立的，零星的 n.  走失的家畜	Tourists often get lost and stray into dangerous areas.	旅游者们经常迷路走进一些危险区域。	同义：lose oneself, astray, Vagabonds	同根：strayer  迷路者；流浪者；不走正路的人
planet	/ˈplænɪt/	n.  行星	The picture shows six of the nine planets in the solar system.	这张图片展示太阳系9个行星中的6个行星。		同根：planetary  行星的；planetesimal  星子的；星子组成的；小行星体的；planetesimal  小行星体；星子
exhaust	/ɪɡˈzɔst/	vt. 使筋疲力尽，用尽；详尽论述 n.  排气装置； 废气	A full day’s teaching exhausts me.	讲一整天课令我精疲力竭。	同义：issue, air out, air discharge	同根：exhausted  疲惫的；耗尽的；exhaustive  详尽的；彻底的；消耗的；exhausting  使筋疲力尽的；使耗尽的
thereafter	/,ðɛrˈæftɚ/	adv.  之后， 以后	10,000 men had volunteered by the end of September; thereafter, approximately 1,000 men enlisted each month.	到9月底时已有10,000人志愿参军，此后，每个月差不多有1,000人应征入伍。	同义：subsequently	同根：therefrom  从那里；从此；从那一点；theretofore  在那以前；到那时为止
soluble	/ˈsɑljəbl/	adj.  可溶的； 可解决的	soluble aspirin	可溶性阿司匹林	同义：dissolvable	同根：solved  解决了的；solvable  可以解决的；可以解的；可溶的；solution  解决方案；溶液；溶解；解答
feast	/fist/	vi.  尽情地吃， 宴饮； 参加宴会 n. 盛宴，筵席；节日	They feasted well into the afternoon on mutton and corn stew.	他们尽情享用玉米炖羊肉，一直吃到下午。	同义：enjoy, festival, banquet	
vision	/ˈvɪʒən/	n.  想象力， 梦幻； 视力， 视觉	She suffered temporary loss of vision after being struck on the head.	她头部受撞击以后出现暂时性失明。	同义：sight, image	同根：visual  视觉的，视力的；栩栩如生的；visible  明显的；看得见的；现有的；可得到的；visionary  梦想的；幻影的
accompany	/əˈkʌmpəni/	v.  陪同， 伴随； 为…伴奏	Children under 14 must be accompanied by an adult.	14岁以下儿童必须有成人陪同。	同义：attend	同根：accompanied  伴随的；相伴的；accompanying  陪伴的；附随的；accompaniment  伴奏；伴随物
armor	/ˈɑrmɚ/	n.  盔甲， 装甲； 保护物			同义：mail	同根：armed  武装的；有扶手的；有防卫器官的（指动物）；armored  装甲的；arm  手臂；武器；袖子；装备
acceptance	/əkˈsɛptəns/	n.  接受， 承认； 容忍	He wrote a letter of acceptance (=  a letter in which you agree to accept a job, university place etc  ) to the university.	他给那所大学写了一封接受函。	同义：receiving	同根：acceptable  可接受的；合意的；可忍受的；accepted  公认的；录取的；可接受的；已承兑的；accepting  承兑的；易接受的；赞同的
beneficial	/,bɛnɪˈfɪʃl/	adj.  有利的， 有益的	a drug that has a beneficial effect on the immune system	有益于免疫系统的一种药物	同义：helpful	同根：benefic  有益的；beneficially  受益地；获利地；有使用权地；benefit  利益，好处；救济金
paradise	/ˈpærəˈdaɪs/	n.  天堂， 乐园	The market is a shopper’s paradise.	这个市场是购物者的乐园。	同义：heaven	同根：paradisaical  天堂的；乐园的；天堂似的；paradisal  （似）天堂的，（似）乐园的；paradisiacal  乐园的；天堂的；天堂似的
tackle	/ˈtækl/	vt. 对付，处理；与…交涉；阻截，擒抱 n.  阻截， 擒抱； 用具， 钓具； 辘轳， 滑车	There is more than one way to tackle the problem.	解决这个问题不止一个办法。	同义：equipment, grasp	同根：tacking  定位焊；紧钉；顶风转向；tackler  做抓和揪动作的人；阻截队员；抱住并摔倒对方抱球队员者；tacking  固定住；暂时缝上；附加；改变航向（tack的ing形式）
reckon	/ˈrɛkən/	vt.  认为， 估计； 指望， 盼望； 测算， 测量	‘There’s nothing we can do about it.’ ‘You reckon (= used to express doubt or disagreement ) ?’	“这件事我们无能为力。”“是吗？”	同义：expect, estimate	同根：reckoning  计算；清算；算帐；reckoner  计算手册；计算者；清算人；reckoning  计算；认为；指望（reckon的ing形式）
confusion	/kənˈfjʊʒən/	n.  困惑， 糊涂； 混淆； 骚乱	To avoid confusion, the teams wore different colours.	为了避免混淆，各队穿着不同颜色的服装。	同义：chaos	同根：confused  困惑的；混乱的；糊涂的；confusing  混乱的；混淆的；令人困惑的；confusable  可能被混淆的；可能被弄糊涂的
distract	/dɪˈstrækt/	vt.  转移， 使分心	Try not to distract the other students.	尽量不要让其他学生分心。	同义：shift	同根：distracted  心烦意乱的；思想不集中的；distractedly  心烦意乱地；distraction  注意力分散；消遣；心烦意乱
hinge	/hɪndʒ/	vi.  以…为转移 n. 铰链 vt. 装铰链	Your arm should hinge from the shoulder.	你的手臂应该像从肩膀铰链住一般。	同义：key	
virtual	/ˈvɝ​tʃʊəl/	adj.  实质上的， 事实上的， 实际上的	Argentina came to a virtual standstill while the game was being played.	阿根廷在比赛进行期间全国上下事实上进入了停顿状态。	同义：valid	同根：virtually  事实上，几乎；实质上
squeeze	/skwiz/	v. 压榨，挤 n.  榨取， 勒索	She smiled as he squeezed her hand.	他捏了捏她的手，她笑了。	同义：force one's way, compression	同根：squeezing  挤压的；压榨的；squeezable  可压缩的；可压榨的；squeezing  压榨；推挤；挤出酌；轧水
blank	/blæŋk/	adj. 空白的；茫然的，无表情的 n.  空白； 空白表格	Leave the last page blank .	最后一页留空。	同义：flat, gap, fuzz up, disappear	同根：blankly  茫然地；毫无表情地；茫然若失；blankness  空白；空虚；单调
additional	/əˈdɪʃənl/	adj.  附加的， 追加的	Additional information can be obtained from the centre.	可以从中心获取更多信息。	同义：attached	同根：additive  附加的；[数] 加法的；addable  可增加的；addible  可增加的，可添加的
worthy	/wɜði/	adj.  有价值的， 值得的	Leeds United were worthy winners of the competition.	利兹联队是比赛当之无愧的获胜者。	同义：valuable, out-and-outer	同根：worth  值…的；worthwhile  值得做的，值得花时间的；worthless  无价值的；不值钱的；卑微的
primarily	/praɪˈmɛrəli/	adv.  首先， 主要地	The advertisement is aimed primarily at children.	这则广告的对象主要是儿童。	同义：firstly	同根：primary  主要的；初级的；基本的；prime  主要的；最好的；基本的；primal  原始的；主要的；最初的
telecommunications	/ˈtɛləkəˈmjʊnəˈkeʃənz/	n.  通信， 电信	a new telecommunications system	新的电信系统	同义：communication	
ferry	/ˈfɛri/	n. 渡船 vt.  渡运	They had recrossed the River Gambia by ferry.	他们乘船又一次渡过了冈比亚河。	同义：lift	同根：ferryboat  渡船；ferrying  转场飞行速率；ferryman  渡船夫；摆渡者
ignore	/ɪɡˈnɔr/	vt.  不顾， 不理； 忽视	You can’t ignore the fact that many criminals never go to prison.	你不能无视很多罪犯从未获刑的事实。	同义：neglect	同根：ignored  被忽视的；被忽略的；ignorantly  无知地；不学无术地；ignorance  无知，愚昧；不知，不懂
hemisphere	/ˈhɛmɪsfɪr/	n.  地球的半球； 大脑半球	the Northern hemisphere	北半球	同义：semisphere	同根：hemispherical  半球的；半球状的；hemispheric  半球的，半球形状的
reception	/rɪˈsɛpʃən/	n.  招待会， 欢迎会； 接受， 接纳； 接待， 迎接； 接收效果	She was unsure of her reception after everything that had happened.	发生了这些事后，她对自己是否还受欢迎没把握。	同义：reaction	同根：received  被一般承认的；被认为标准的；receptive  善于接受的；能容纳的；receptively  容纳地；感受
outward	/ˈaʊtwɚd/	adv.  向外地 adj. 外面的，外表的	The top door opened outward.	最上面的门向外开着。	同义：outer, forth, person	同根：out  外面的；出局的；下台的；outer  外面的，外部的；远离中心的；outing  远足适用的
lunar	/ˈlunɚ/	adj.  月的， 月球的	studies of the lunar surface	对月球表面的研究	同义：silver	同根：lunation  阴历月
poetry	/ˈpoətri/	n.  诗， 诗歌， 诗集	He reads a lot of poetry.	他大量阅读诗歌。	同义：poem	同根：poetic  诗的，诗歌的；诗意的；诗人的；poetically  用韵文；有诗意地；poetic  诗学，诗论
jury	/ˈdʒʊri/	n.  陪审团， 评奖团	the members of the jury	陪审团成员	同义：quick-fix	同根：juror  审查委员，陪审员；juryman  陪审员；jurywoman  女陪审员
arrogant	/ˈærəɡənt/	adj.  傲慢的， 自大的	He was unbearably arrogant.	他的傲慢让人无法忍受。	同义：haughty	同根：arrogantly  傲慢地；自大地；arrogance  自大；傲慢态度；arrogation  诈称；僭越；霸占
idiot	/ˈɪdɪət/	n.  白痴； 傻子， 笨蛋	It was all your fault, you idiot.	全是你的错，你这笨蛋。	同义：simple	同根：idiotic  白痴的；愚蠢的；idiotically  白痴地
relay	/rɪˈle/	n. 接力赛；中继转播 vt.  传送， 传达， 转述； 中继转播	the 100 metres relay	一百米接力赛	同义：take sth over, realy, retransmit	
priest	/prist/	n.  神父， 牧师	He had trained to be a Catholic priest.	他接受培训成了一名天主教神父。	同义：minister	同根：priestly  祭司的；僧侣的；似教士的；priestlike  僧侣的；似教士的；祭司的；priesthood  祭司职；神职；僧职
monitor	/ˈmɔnɪtɚ/	n. 班长；监视器，检测器；显示器 vt.  监听， 检测	a heart monitor	心脏监测仪	同义：detectophone	同根：monitory  训戒的；monitory  告诫书
solo	/ˈsolo/	adv. 以独力，单独地 adj. 单独的，单独进行的 n.  独奏， 独唱， 独舞	Brokaw solos brilliantly on this album.	布罗考在这张专辑中的独唱非常出色。	同义：alone, solely	同根：soloist  独奏者；独唱者；solitariness  隐居；单独
tuition	/tʊˈɪʃən/	n.  教学， 讲授， 指导； 学费	I had to have extra tuition in maths.	我不得不上数学补习课。	同义：schooling	
permeate	/ˈpɝmɪet/	v.  弥漫， 遍布， 散布； 渗入， 渗透	The smell of diesel oil permeated the air.	空气里充斥着柴油的气味。	同义：filter, smoke	同根：permeable  能透过的；有渗透性的；permeant  浸透的；渗透的；permeability  渗透性；透磁率，导磁系数；弥漫
utopian		adj.  乌托邦的； 理想的	His was a utopian vision of nature in its purest form.	他对大自然的看法是一种最纯粹的乌托邦式看法。	同义：romantic, daydreamer	同根：utopianism  空想的社会改良方案；乌托邦思想
schedule	/ˈskedʒʊl; skɛdʒʊl/	n. 时刻表，日程安排表；清单，明细表 vt.  安排， 排定	How can he fit everything into his busy schedule ?	他是怎么把所有的事情都排进自己忙碌的时间表的？	同义：budget, kalendar	同根：scheduled  预定的；已排程的；scheduling  时序安排，行程安排；scheduler  调度程序；制表人，计划员；程序机
tame	/teɪm/	adj. 驯服的，顺从的；沉闷的，乏味的 vt.  制服， 控制并利用； 驯化， 驯服	Most of the criticism has been pretty tame.	评论的大部分内容很乏味。	同义：stupid, domesticate	同根：tamable  可驯服的；tameable  可驯服的（等于tamable）；tamely  驯服地，温顺地；没骨气地
adjoin	/əˈdʒɔɪn/	vt.  贴近； 与…毗连	A vacant plot of land adjoins his house.	有一块空地紧挨着他家。	同义：abut upon, abut upon	同根：adjoining  邻接的；毗连的；adjoining  邻接（adjoin的ing形式）
universe	/ˈjunɪvɝs/	n.  宇宙， 世界； 领域， 范围	Einstein's equations showed the universe to be expanding.	爱因斯坦的方程式表明宇宙正在扩大。	同义：world	同根：universal  普遍的；通用的；宇宙的；全世界的；全体的；universal  一般概念；普通性
inherit	/ɪnˈhɛrɪt/	vt.  继承	inherited wealth	继承的财富	同义：succeed to	同根：inherent  固有的；内在的；与生俱来的，遗传的；inherited  遗传的；继承权的；通过继承得到的；inheritable  可继承的；会遗传的
overwhelming	/,ovɚˈwɛlmɪŋ/	adj.  势不可挡的， 压倒的； 巨大的	There is overwhelming evidence that smoking damages your health.	有难以辩驳的证据表明吸烟有损健康。	同义：inundatory, drowning	同根：overwhelmingly  压倒性地；不可抵抗地；overwhelm  压倒；淹没；受打击
interpret	/ɪnˈtɝprɪt/	v.  解释， 说明； 口译	They spoke good Spanish, and promised to interpret for me.	他们西班牙语说得很好，答应替我翻译。	同义：say, account	同根：interpretive  解释的；作为说明的；interpretative  解释的；作为说明的；interpretable  可说明的；可判断的；可翻译的
peculiar	/pɪˈkjulɪɚ/	adj.  奇怪的， 古怪的； 特有的	There was a peculiar smell in the kitchen.	厨房里有一股怪味。	同义：specific, franchise	同根：peculiarly  特别；尤其；古怪地；奇怪地；peculiarity  特性；特质；怪癖；奇特
idiom	/ˈɪdɪəm/	n.  习语， 成语； 风格， 特色	the new musical idiom	新的音乐风格	同义：phrase	
diplomat	/ˈdɪpləmæt/	n.  外交官， 外交家； 有交际手腕的人， 圆滑的人	French diplomats	法国外交官		同根：diplomatic  外交的；外交上的；老练的；diplomatically  在外交上；靠外交途径；圆滑地；婉转地；diplomacy  外交；外交手腕；交际手段
hug	/hʌɡ/	vi. 紧抱在一起，互相拥抱 vt. 拥抱；紧抱，怀抱 n.  紧抱， 热烈拥抱	We stood there crying and hugging each other.	我们站在那里哭着互相拥抱。	同义：press, embrace, embrace	同根：hugging  （衣服）紧身的；显出体型的；hugger  劈理；极端派；拥抱者；hugging  拥抱；紧紧搂抱（hug的现在分词）
grant	/ɡrænt/	n. 授给物 vt.  授予， 给予	Britain could grant Spain’s request .	英国可能会同意西班牙的请求。	同义：award, accept, appropriation	同根：grantee  受让人；被授与者；grantor  授予者；[法] 让与人；granter  出让方；出让人；授与者；转让者
muscular	/ˈmʌskjəlɚ/	adj.  肌肉发达的， 强壮的； 肌肉的	She was fast and strong, with a slender, muscular body.	她动作敏捷，身体强壮，身材苗条，肌肉结实。	同义：robust	同根：muscle  肌肉；力量；musculature  肌肉组织；[解剖] 肌肉系统；muscularity  力大；肌肉发达；强壮
sparkle	/ˈspɑrkl/	vi. 发光，闪耀，闪烁；活跃，焕发 n.  闪光， 闪耀， 闪烁； 活力， 生气	The sea sparkled in the sun.	阳光下大海碧波闪耀。	同义：energy, fire, shine on	同根：sparkling  闪闪发光的，闪烁的；起泡沫的；sparkly  耀眼的；sparker  电火花器；点火线圈；[海洋] 电火花震源；火花捕捉器
hum	/hʌm/	vi. 哼曲子；发嗡嗡声 vt. 哼 n.  嗡嗡声， 营营声， 嘈杂声	He began to hum a tune.	他开始哼唱一支曲子。	同义：groaning, uh-uh	同根：humming  发嗡嗡声的；精力旺盛的；humming  哼唱；hummer  蜂鸟；蜂鸣器，发嗡嗡声的东西
staple	/ˈstepl/	adj.  主要的； 经常需要的 n. 订书钉，U形钉；主食；主要产品 vt. 用订书钉订	Oil is Nigeria’s staple export.	石油是尼日利亚的主要出口产品。	同义：topic, primary, pin up	同根：stapler  [轻] 订书机；主要商品批发商；把羊毛分级的人
discount	/dɪsˈkaʊnt/	n.  折扣 vt.  把…打折扣； 不全信； 漠视， 低估	They are often available at a discount.	它们经常可以以折扣价买到。	同义：agio, water sth. down	同根：discounter  折扣商店；廉价商店
construct	/kənˈstrʌkt/	vt.  建造； 构思 n.  建筑物； 构想； 观念	There are plans to construct a new road bridge across the river.	有计划要建造一条新的跨河公路桥。	同义：found, concept	同根：constructive  建设性的；推定的；构造上的；有助益的；constructible  [数] 可构成的；constructively  建设性地
royalty	/ˈrɔɪəlti/	n.  王族； 版税	the royalties from his latest book	他新书的版税	同义：crown	
convert	/kənˈvɝt/	vt.  转变， 转化； 改变	a 19th-century converted barn	由19世纪谷仓改建的房子	同义：transform, idolater	同根：convertible  可改变的；同意义的；可交换的；converted  修改的；改变信仰的；conversion  转换；变换；[金融] 兑换；改变信仰
attempt	/əˈtɛmpt/	vt.  尝试， 试图， 努力	Weather conditions prevented them from attempting the jump.	天气状况使他们无法尝试跳伞。	同义：essay, undertake	
rivalry	/ˈraɪvlri/	n.  竞争， 竞赛； 对抗	The two players have developed a friendly rivalry .	这两名选手之间已形成一种友好的竞争关系。	同义：competition	同根：rival  竞争的；rivalrous  敌对性的；有竞争性的；rival  对手；竞争者
relish	/ˈrɛlɪʃ/	vt. 享受，从…中获得乐趣 n.  享受， 滋味， 乐趣； 调味品	a hot dog with mustard and relish	配芥末酱和调味汁的热狗	同义：flavor, enjoy	
fluorescent	/,flɔˈrɛsnt/	adj.  荧光的， 发荧光的	a fluorescent pink T-shirt	发亮的粉红色 T 恤衫	同义：flourescent, daylight lamp	同根：fluorescence  荧光；荧光性；fluorescein  [试剂] 荧光素，[试剂] 荧光黄；fluoroscopy  [特医] 荧光镜检查；X线透视检查
division	/dəˈvɪʒən/	n.  分， 分割； 部门， 科， 处； 除法	the traditional division of labour (= the way that particular tasks are shared ) between husband and wife	夫妻之间传统的分工	同义：ministry	同根：divided  分裂的；分开的；有分歧的；divisive  分裂的；区分的；造成不和的；divisible  可分的；可分割的
superficial	/,supɚˈfɪʃl/	adj.  表面的， 肤浅的	They only have the most superficial understanding of prison life.	他们对监狱生活只有最粗浅的了解。	同义：surface, person	同根：superficially  表面地；浅薄地；superficiality  浅薄，肤浅；表面性的事物；superficies  外表，表面；面积
executive	/ɪɡˈzɛkjətɪv/	adj. 执行的；行政的 n.  执行者	a commission with executive powers	有执行权的委员会	同义：administrative, manager	同根：exec  实行（execute）；实行的（executive）；executed  已执行的；已生效的；executable  可执行的；可实行的
navigation	/ˈnævəˈgeʃən/	n.  航行， 航海， 航空； 导航， 领航	compasses and other instruments of navigation	罗盘及其他导航仪器	同义：salling	同根：navigational  航行的，航运的；navigable  可航行的；可驾驶的；适于航行的；navigator  航海家；领航员；驾驶员
melt	/mɛlt/	v.  融化； 溶化； 消散	It was warmer now, and the snow was beginning to melt.	现在天气暖和了，雪开始融化。	同义：flux, oil, fusion	同根：melting  融化的；溶解的；动人的；感伤的；melted  融化的；溶解的；meltable  可熔的；易溶化的
stalk	/stɔk/	vi.  高视阔步地走 n. 茎，梗，柄 vt. 悄悄地跟踪	celery stalks	芹菜茎	同义：stem, trail, move in on	同根：stalked  有茎的；长于茎上的；stalker  高视阔步者；stalked  蔓延（stalk的过去分词）
whereas	/ˈwɛrˈæz/	conj.  然而， 但是， 尽管	The old system was fairly complicated whereas the new system is really very simple.	旧系统相当复杂，而新系统却很简单。	同义：however	
pitch	/pɪtʃ/	v.  投掷， 使猛然倒下； 表达， 定下特定程度； 定调； 架设， 搭， 扎； 颠簸 n. 球场；程度，强度；高度，高音；沥青	She crumpled up the page and pitched it into the fire.	她把那页纸揉成团，扔进了火里。	同义：slope, throw, extent	同根：pitched  斜的；人字形的；pitching  倾斜的；陡的；pitchy  漆黑的；沥青的；粘性的
casualty	/ˈkæʒuəlti/	n.  伤亡人员， 死伤者； 受害人， 损失的东西	Our aim is to reduce road casualties .	我们的目标是减少交通事故的伤亡人数。	同义：contretemps	
gauge	/gedʒ/	n. 测量仪表；厚度，直径；规格、尺寸 vt.  估计， 判断； 计量， 度量	a 12-gauge shotgun	12号口径的猎枪	同义：batcher, sound	
oriental	/ˌɔrɪˈɛntl/	adj.  东方的； 东方人的； 东方文化的	a beautiful oriental rug	漂亮的东方地毯	同义：eastern, eastern	同根：oriented  导向的；定向的；以…为方向的；orient  东方的；orientation  方向；定向；适应；情况介绍；向东方
electrical	/ɪˈlɛktrɪkl/	adj.  电的； 电气科学的	The fire was caused by an electrical fault.	大火是电力故障引起的。		同根：electric  电的；电动的；发电的；导电的；令人震惊的；electrically  电力地；有关电地；electric  电；电气车辆；带电体
stall	/stɔl/	v.  熄火； 拖延， 推迟 n. 货摊；	Quit stalling and answer my question!	别拖延时间，快回答我的问题！	同义：booth, desist from, prolong	同根：stalemate  僵局；陷于困境；stalemate  僵持；陷入僵局；stalemate  使僵持；使陷入困境
protest	/prəˈtɛst;protɛst/	v. ['prəutest] n.  抗议， 反对	‘I don’t see why I should take the blame for this!’ she protested.	“我不明白为什么我要对此承担责任！”她抗议道。	同义：exclaim at, declare, obtestation	同根：protestant  抗议的；持异议的；protestingly  抗议地；protestant  抗议者；持异议者
sensitive	/ˈsɛnsətɪv/	adj.  敏感的， 灵敏的； 神经过敏的， 容易生气的； 易受伤害的	a very sensitive child	一个很敏感的小孩	同义：vulnerable	同根：sensible  明智的；明显的；意识到的；通晓事理的；sensing  敏感的；sensitively  敏感地；易感知地
classification	/,klæsɪfɪˈkeʃən/	n.  分类， 分级， 分类法； 类别， 级别	the classification of wines according to quality	葡萄酒按品质的分类	同义：category	同根：class  极好的；classified  分类的；类别的；机密的；classifiable  可分类的
brew	/brʊ/	vi. 冲泡；酝酿，行将发生 vt. 酿造；冲泡 n.  冲泡的饮料	Every beer on the menu was brewed locally.	酒单上的所有啤酒都是本地酿造的。	同义：vint, impend, beer	同根：brewery  啤酒厂；brewing  酿造；酝酿；计划；brewer  啤酒制造者；阴谋家
vacant	/ˈvekənt/	adj.  空的， 未被占用的； 空缺的； 茫然的， 空虚的	Only a few apartments were still vacant.	只有几套公寓仍然空着。	同义：available	同根：vacantly  神情茫然地；vacancy  空缺；空位；空白；空虚；vacuity  空虚；空白；思想贫乏；无聊之事
menace	/ˈmɛnəs/	n. 具有危险性的人；威胁，威吓 vt.  威胁， 威吓	the growing menace of oil pollution at sea	日益严重的海洋石油污染	同义：threat, to threaten, cow	同根：menacing  威胁的；险恶的；menacingly  胁迫地；险恶地；menacing  威胁（menace的ing形式）；恐吓
afford	/əˈfɔrd/	vt.  担负得起； 提供	The room affords a beautiful view over the city.	这房间可以俯瞰城市美景。	同义：allow	同根：affordable  负担得起的
invalid	/ˈɪnvəlɪd；ɪnˈvælɪd/	adj. 无效的，作废的；无可靠根据的，站不住脚的 n.  病弱者， 残疾者	Without the right date stamped on it, your ticket will be invalid.	票上若没有加盖正确日期就是废票。	同义：useless, sick	同根：invalidation  失效；无效；invalidity  无效，无价值；invalidism  病身；病弱
curse	/kɝs/	v. 诅咒，咒骂，天谴 n.  祸害， 祸根； 咒骂， 诅咒， 咒语	Gilbert was cursing under his breath.	吉尔伯特在低声咒骂。	同义：oath, drat, swear at	同根：cursed  被诅咒的；curst  被诅咒的；爱吵架的（等于cursed）；cursed  诅咒（curse的过去分词）
legitimate	/ləˈdʒɪtəmɪt/	adj. 合情合理的；合理的，法律认可的 vt.  使合法	That’s a perfectly legitimate question.	那个问题完全合乎情理。	同义：legal	同根：legitimatize  合法的；正当的；legitimately  合理地；正当地；legitimacy  合法；合理；正统
appease	/əˈpiz/	vt.  平息， 抚慰； 姑息	They attempted to appease international opposition by promising to hold talks.	他们答应举行会谈，试图以此平息国际上的反对声音。	同义：quiet	同根：appeasable  缓和得了的；劝解得了的；平息得了的；appeasement  缓和，平息；姑息；appeaser  劝解人
sieve	/sɪv/	n. 筛子，漏勺 vt.  筛， 滤	We can separate the stones out with a sieve.	我们可以用一个筛子把石头分离出来。	同义：boult, screen, sift	
whereby	/wɛrˈbai/	adv.  凭此； 借以； 由于	a proposal whereby EU citizens would be allowed to reside anywhere in the EU	允许欧盟公民在欧盟任何地方居住的一项提议		
evaluate	/ɪˈvæljʊˈet/	vt.  评价， 估…的价	You should be able to evaluate your own work.	你应该能够评估自己的工作。	同义：value, to assess	同根：evaluative  可估价的；evaluation  评价；[审计] 评估；估价；求值
status	/ˈstetəs/	n.  地位， 身份； 情形， 状况	These documents have no legal status in Britain.	这些文件在英国并无法律效力。	同义：capacity	
machinery	/məˈʃinəri/	n.  机器， 机械	...quality tools and machinery.	…优质工具和机械。	同义：organization	同根：machinelike  机器般的；machine  机械，机器；机构；机械般工作的人；machinist  机械工；机械师；机械安装修理工
shield	/ʃild/	n. 防护物，护罩；盾 vt.  保护， 防护	He used his left hand as a shield against the reflecting sunlight.	他用左手遮挡反射过来的阳光。	同义：dong, avoid, protect sb./sth. from sth.	同根：shielding  屏蔽的；防护的；shielding  [电子] 屏蔽；防护；shielding  保护（shield的ing形式）
skip	/skɪp/	vi. 跳，蹦跳；跳绳 vt. 跳过，略过，漏过 n.  跳， 蹦跳	I decided to skip the first chapter.	我决定跳过第一章。	同义：dance, jump, jump	
instantaneous	/,ɪnstənˈtenɪəs/	adj.  瞬间的， 即刻的	modern methods of instantaneous communication	现代的即时通信方法	同义：momentary	同根：instant  立即的；紧急的；紧迫的；instantaneously  即刻；突如其来地；instant  瞬间；立即；片刻
phenomenon	/fəˈnɑmɪnən/	n.  现象， 迹象； 非凡的人	Homelessness is not a new phenomenon .	无家可归已不是什么新现象。	同义：wonder	同根：phenomenal  现象的；显著的；异常的；能知觉的；phenomenally  现象上地；明白地；从感官认识到；phenomenology  现象学；现象论
quarterly	/ˈkwɔrtɚli/	adv. 按季度，一季一次 adj. 季度的，每季一次的 n.  季刊	It makes no difference whether dividends are paid quarterly or annually.	红利是按季度还是按年度支付没有区别。		同根：quarterfinal  四分之一决赛的；quartering  成直角的；四等分的；quartic  四次的
notify	/ˈnotəˈfai/	vt.  通知， 告知； 报告	The skipper notified the coastguard of the tragedy.	船长通知了海岸警卫队这一灾难。	同义：message	同根：notice  通知，布告；注意；公告；notification  通知；通告；[法] 告示；notice  引起注意
bibliography	/,bɪblɪˈɑɡrəfi/	n.  参考书目； 书目	At the end of this chapter there is a select bibliography of useful books.	本章末尾附着有用书籍的精选书目。	同义：reference	同根：bibliographic  书目的；书籍解题的；著书目录的；bibliographical  书目的；书籍解题的；著书目录的；bibliographer  书志学家；书目编制人
stream	/strim/	v.  流出， 涌出 n. 河，溪流；一股，一串	Tears streamed down their faces.	泪水顺着他们的脸颊流下来。	同义：tide, flow, shed	同根：streaming  流；（英）按能力分组；streaming  流动（stream的ing形式）
recur	/rɪˈkɝ/	vi.  再发生， 重现	There is a danger that the disease may recur.	这种病有复发的危险。	同义：relapse into	同根：recurring  循环的；再发的；recursive  [数] 递归的；循环的；recurrent  复发的；周期性的，经常发生的
coalition	/ˌkoʊəˈlɪʃn/	n.  结合体， 同盟； 结合， 联合	the centre-right coalition government	政治上中间偏右的联合政府	同义：combination	同根：coalescing  聚结的；coalescent  合并的；接合的；coalescence  合并；联合；接合
generalize	/ˈdʒɛnrəlaɪz/	vt.  概括， 归纳， 推断； 普及	Critics love to generalize, to formulate trends into which all new work must be fitted, however contradictory.	评论家喜欢概括，归纳出所有新作品都必须符合的趋势，不管它们是如何地不符。	同义：extend, ideate	同根：general  一般的，普通的；综合的；大体的；generic  类的；一般的；属的；非商标的；generalized  广义的，普遍的；无显著特点的
crime	/kraɪm/	n.  罪， 罪行， 犯罪	We moved here because there was very little crime.	我们搬到这里来是因为这里的犯罪率很低。	同义：sin	同根：criminal  刑事的；犯罪的；罪恶的；criminative  控告的；使负罪的；责难的；criminological  犯罪学的
dwarf	/dwɔrf/	adj. 矮小的，发育不全的 n. 矮子，侏儒 vt.  使显得矮小， 使相形见绌	a dwarf conifer	矮生针叶树	同义：homuncle, scrubby	同根：dwarfish  矮小的；像侏儒的；dwarfism  [内科] 侏儒症；矮小；dwarfishness  矮子；侏儒症
heave	/hiv/	v. 举起，提起；扔；发出；起伏，隆起；呕吐，恶心 n.  举起， 升降	John heaved the metal bar over the fence.	约翰把金属棒扔过了篱笆。	同义：lift up, wave, up with	同根：heaver  挑夫，[机] 杠杆；举起物件的装置；举起者
leisure	/ˈliʒɚ/	n.  空闲时间； 悠闲	Most people now enjoy shorter working hours and more leisure time.	现在大多数人都喜欢工作时间短些，闲暇时间多些。	同义：ease, available	同根：leisurely  悠闲的；从容的；leisured  从容的；有闲的；leisureful  从容不迫的（等于leisurely）
nourish	/ˈnɜrɪʃ/	vt.  养育， 喂养， 滋养； 怀有， 增强	The cream contains vitamin A to nourish the skin.	这种护肤霜含有滋养肌肤的维生素A。	同义：harbor	同根：nourishing  有营养的；滋养多的；nourishment  食物；营养品；滋养品；nourishing  滋养；养育（nourish的ing形式）
grease	/gris/	n. 油脂；润滑脂，润滑油 vt.  用油脂涂， 给…加润滑油	...grease-stained hands.	…沾满了油渍的手。	同义：tamper with, lipid	同根：greaser  润滑器；润滑工；加油脂或涂油脂的工人
allege	/əˈlɛdʒ/	vt.  断言， 宣称， 硬说	She alleged that there was rampant drug use among the male members of the group.	她指称该组织中有大量的男性成员吸毒。	同义：declare	同根：alleged  所谓的；声称的；被断言的；allegation  主张，断言；辩解；alleged  宣称（allege的过去式和过去分词）；断言
pilgrim	/ˈpɪlɡrɪm/	n.  朝圣者	pilgrims visiting a holy shrine	祭拜圣庙的朝圣者	同义：palmer, range	同根：pilgrimage  漫游；朝圣之行；pilgrimage  朝拜；漫游
trigger	/ˈtrɪɡɚ/	n. 扳机；引起反应的行动 vt.  触发， 引起	The hijacking became a trigger point for military action.	这次劫持事件成了引发军事行动的导火线。	同义：attract, flip-flopper	
assimilate	/əˈsɪməlet/	vi.  被吸收， 被消化； 被同化 vt. 吸收，消化；使同化	It will take time to assimilate all these facts.	充分掌握所有这些情况需要时间。	同义：absorb, drink in	同根：assimilative  同化的；同化力的；assimilable  可同化的；可吸收的；assimilatory  同化的；同化力的；同化作用的
positive	/ˈpɑzətɪv/	adj.  确实的， 明确的； 积极的， 肯定的	At least something positive has come out of the situation.	至少这个情况也产生了一些积极的东西。	同义：active	同根：positively  肯定地；明确地；断然地；posit  假设；设想；positivism  实证主义；实证论；积极性；武断
segregate	/ˈsɛɡrɪɡet/	vt.  使隔离， 使分开	A large detachment of police was used to segregate the two rival camps of protesters.	一大队分遣警察被派来隔离两群敌对的抗议者。	同义：separate	同根：segregated  被隔离的；segregationist  种族隔离主义的；种族隔离主义者的；segregation  隔离，分离；种族隔离
addict	/ˈædɪkt (for n.); əˈdɪkt (for v.)/	n.  有瘾的人； 入迷的人 vt.  使成瘾， 使入迷	He's only 24 years old and a drug addict.	他只有24岁，可已经是一个瘾君子。		同根：addicted  沉溺于某种（尤其是不良的）嗜好的；入了迷的，上了瘾的；addictive  上瘾的；addiction  上瘾，沉溺；癖嗜
prospect	/ˈprɑspɛkt/	n.  前景， 前途， 可能性； 景象， 景色； 可能成为主顾的人， 有希望的候选人	There is every prospect (= a strong possibility ) of the weather remaining dry this week.	本周天气很有可能持续干燥。	同义：scenery, reconnoitre, make a survey	同根：prospective  未来的；预期的；prospective  预期；展望；prospector  探勘者；采矿者
withhold	/wɪðˈhold/	vt.  拒绝， 不给； 抑制， 制止	I withheld payment until they had completed the work.	我扣着钱，直到他们完工。	同义：reserve, refrain from	同根：withholding  扣缴税款；withholder  抑制因素；withholding  克制；阻挡（withhold的ing形式）
comparable	/ˈkɑmpərəbl/	adj.  可比较的； 类似的； 比得上的	A car of comparable size would cost far more abroad.	同样大小的汽车在国外要贵得多。		同根：comparative  比较的；相当的；comparatively  比较地；相当地；comparably  同等地；可比较地
discreet	/dɪˈskrit/	adj.  谨慎的， 慎重的， 审慎的	He assured her that he would be discreet.	他向她保证会谨慎行事。	同义：careful	同根：discreetly  谨慎地；小心地；discreetness  谨慎；用心深远
specialize	/ˈspɛʃəlaɪz/	vi. 专攻，专门研究 vt.  使适应特殊目的， 使专用于	"I think the feedback can be helpful because we all have blinders on when we fall in love, " says Eva Ritvo, a Miami psychiatrist who specialize sin marriage and family therapy.	专门从事婚姻与家庭疗法研究的迈阿密精神病专家瑞塔沃说：“我认为信息回馈是有用的，因为人们在恋爱时都会变得盲目。	同义：specialise in, technicalize	同根：special  特别的；专门的，专用的；specialist  专家的；专业的；specialty  特色的；专门的；独立的
instance	/ˈɪnstəns/	n.  例子， 实例， 事例	We need to rethink the way we consume energy. Take, for instance, our approach to transport.	我们需要重新考虑我们使用能源的方式，例如我们的运输方式。	同义：situation	同根：instantiation  实例化；[计] 例示
presumably	/prɪˈzuməbli/	adv.  大概， 可能， 据推测	It’s raining, which presumably means that your football match will be cancelled.	下雨了，这可能意味着你们的足球比赛要取消。	同义：probably	同根：presumable  可能有的；可推测的；presumptive  假定的；根据推定的；presumption  放肆，傲慢；推测
bonus	/ˈbonəs/	n.  奖金， 红利； 额外给予的东西	Long-term savers qualify for a cash bonus.	长期储户可获现金红利。	同义：prix	
recognition	/,rɛkəɡˈnɪʃən/	n.  认出， 识别； 承认， 确认， 认可； 赏识， 表彰， 报偿	He has achieved recognition and respect as a scientist.	作为科学家，他得到人们的赞赏和尊敬。	同义：identification	同根：recognized  公认的；经过验证的；recognised  认可的；recognizable  可辨认的；可认识的；可承认的
banquet	/ˈbæŋkwɪt/	n.  宴会， 盛宴	a state banquet (=  one attended by heads of government and other important people  )	国宴	同义：entertainment, feast, feast	
thrill	/θrɪl/	v.  非常兴奋， 非常激动 n. 兴奋，激动；引起激动的事物	His music continues to thrill audiences.	他的音乐依然能扣人心弦。	同义：intensity, tie oneself up in knots, quake	同根：thrilling  毛骨悚然的；令人兴奋的；颤动的；thriller  惊险小说；使人毛骨悚然的东西；使人毛骨悚然的小说
aisle	/aɪl/	n.  过道， 通道	Would you like a window seat or an aisle seat (=  seat next to the aisle  ) ?	您想要靠窗的座位还是靠过道的座位？	同义：door	
convene	/kənˈvin/	vi. 开会，集合 vt.  召集	a report by experts convened by the National Institutes of Health	由全国健康协会召集的专家提出的一份报告	同义：call together, concentrate	同根：convener  （会议）召集人
arrangement	/əˈrendʒmənt/	n.  整理， 排列； 安排； 准备工作	Have you made all your travel arrangements?	你的旅行都安排好了吗？	同义：preparation	同根：arranged  安排的；arranged  安排；计划；准备（arrange的过去式和过去分词）；arrange  安排；排列；协商
revenue	/ˈrɛvənu/	n.  收入， 收益； 税收， 岁入	advertising revenue	广告收入	同义：taxes	同根：revenuer  税务官员；缉私船
solution	/səˈluʃən/	n.  解决； 解决办法； 溶液	The best solution would be for them to separate.	最好的解决方法是他们分开。	同义：liquor	同根：solvent  有偿付能力的；有溶解力的；soluble  [化学] 可溶的，可溶解的；可解决的；solute  溶解的
monopoly	/məˈnɑpəli/	n.  垄断， 专卖； 垄断物， 垄断商品， 专卖商品	a monopoly in copper trading	对铜交易的垄断	同义：cornerer	同根：monopolistic  垄断的；独占性的；专利的；monopolist  垄断者；独占者；专利者；monopsony  [贸易] 买主独家垄断，买主垄断
opponent	/əˈponənt/	n.  对手； 敌手， 对抗者	Graf’s opponent in today’s final will be Sukova.	格拉芙今天的决赛对手将是苏科娃。	同义：equal, contrary	
supplementary	/,sʌplɪˈmɛntri/	adj.  增补的， 补充的	supplementary information	补充信息	同义：complementary, enlargement	同根：supplemental  补充的（等于supplementary）；追加的；supplying  供应的；supply  供给，补给；供应品
grain	/ɡren/	n.  谷物， 谷粒， 颗粒； 少量， 微量	There were crumbs and grains of sugar on the table.	桌子上有面包屑和糖粒。	同义：particle	同根：grainy  粒状的；木纹状的；多粒的；有纹理的；graininess  粒状；多粒；木纹状的；微粒状态；graining  粒化；漆纹理；结晶
credit	/ˈkrɛdɪt/	n. 信贷，赊欠；赞扬，荣誉；学分；信任 vt.  相信； 把…记入贷方； 把…归于	The store agreed to let him have credit.	商店同意他赊购。	同义：faith, put faith in	同根：cred  信誉；可靠性（credibility）；creditable  可信的；声誉好的；值得称赞的；creditworthy  信誉卓著的，有信誉的
oxygen	/ˈɑksɪdʒən/	n.  氧， 氧气	The human brain needs to be without oxygen for only four minutes before permanent damage occurs.	人脑缺氧只需4分钟就会造成永久性损伤。	同义：O2	同根：oxygenation  以氧处理，氧化作用；oxygenate  氧化，充氧；以氧处理；使…与氧化合；oxygenize  使氧化
intensive	/ɪnˈtɛnsɪv/	adj.  加强的； 精耕细作的	a one-week intensive course in English	为期一周的英语强化课程	同义：enhanced	同根：intense  强烈的；紧张的；非常的；热情的；intensely  强烈地；紧张地；热情地；intensity  强度；强烈；[电子] 亮度；紧张
alter	/ˈɔltɚ/	vt.  改变， 变更， 变动	Her face hadn’t altered much over the years.	过了这么多年，她的容貌并没有多大改变。	同义：influence, modify	同根：altered  改变了的；蚀变的；alterative  （趋于）改变的；变质的；使体质逐渐康复的；有改变体质作用的；alterable  可改变的
combine	/kəmˈbaɪn/	v. 结合，联合；化合 n.  联合企业； 联合收割机	Diets are most effective when combined with exercise.	节食和锻炼相结合是最有效的。	同义：bond, band, integrated works	同根：combined  结合的；[数] 组合的；combining  化合的，结合性的；combinational  组合的
ideal	/aɪˈdiəl/	adj. 理想的，观念的，空想的 n.  理想， 理想的东西	advice on how to reach your ideal weight	如何达到理想体重的建议	同义：perfect, pink	同根：idealistic  理想主义的；唯心论的；唯心主义者的；空想家的；idealist  理想主义的；唯心主义的；idealized  理想化的
occur	/əˈkɝ/	vi.  发生， 出现， 存在； 被想起， 被想到	A third of accidental deaths occur in the home.	有三分之一的意外死亡发生在家里。	同义：happen	同根：occurrent  正在发生的；偶然发生的；occurrence  发生；出现；事件；发现
illustrate	/ˈɪləstret/	vt.  说明	Let me give an example to illustrate the point.	让我举个例子来说明这一点。	同义：clarify, give an example	同根：illustrative  说明的；作例证的；解说的；illustration  说明；插图；例证；图解；illustrator  插图画家；说明者；图解者
hose	/hoz/	n. 软管，水龙带 vt.  用软管淋浇	Water in the engine compartment is sucked away by a hose.	发动机舱里的水由一条软管吸走。	同义：flexible pipe, light into	
definitive	/dɪˈfɪnətɪv/	adj.  最可靠的， 权威性的； 决定性的	a definitive agreement to buy the company	收购这家公司的最终协议	同义：determinator, crucial	同根：definite  一定的；确切的；defined  有定义的，确定的；清晰的，轮廓分明的；defining  最典型的；起决定性作用的
streak	/strik/	vi. 飞跑，疾驶 n. 条纹，条痕；个性特征；一阵子，一连串 vt.  在…上加条纹	A meteorite streaked across the sky.	一颗流星划过天空。	同义：tendency, drive, tear away	同根：streaky  有条纹的；有斑点的；容易变的；焦躁不安的；streaked  有条纹的；不安的；streaker  裸跑者（1970年代出现）
pressure	/ˈprɛʃɚ/	n. 压，压强；压迫 vt.  对…施加压力， 迫使， 说服	They are putting pressure on people to vote yes.	他们正在向民众施加压力，要求他们投赞成票。	同义：heat, reduce to	同根：pressing  紧迫的；迫切的；恳切的；pressurized  加压的；受压的；pressor  加压的；有使血压增高的；收缩血管的
dentist	/ˈdɛntɪst/	n.  牙科医生	Visit your dentist twice a year for a checkup.	每年看两次牙医做检查。	同义：dental surgeon	同根：dental  牙科的；牙齿的，牙的；dent  凹痕；削弱；减少；齿；dental  齿音
brood	/brud/	vi. 沉思，考虑；孵蛋 n.  一窝； 全体孩子	Don’t sit at home brooding all day.	别整天坐在家里闷闷不乐的。	同义：meditate on, gang	同根：brooding  沉思的；徘徊不去的；broody  孵卵的；多产的；多思考的；brooding  孵卵
literacy	/ˈlɪtərəsi/	n.  识字， 有文化， 读写能力	a new adult literacy campaign	新一轮成人识字[扫盲]运动		同根：literary  文学的；书面的；精通文学的；literate  受过教育的；精通文学的；literature  文学；文献；文艺；著作
originate	/əˈrɪdʒəˌnet/	vi. 起源于，来自，产生 vt.  创造， 创始， 开创	The disease originated in Africa.	这种疾病起源于非洲。	同义：attract, happen	同根：original  原始的；最初的；独创的；新颖的；originative  有创作力的；有发明之才能的；originally  最初，起初；本来
specialist	/ˈspɛʃəlɪst/	n.  专家	a heart specialist	心脏专科医生	同义：expert, professional	同根：special  特别的；专门的，专用的；specialty  特色的；专门的；独立的；specialized  专业的；专门的
background	/ˈbækɡraʊnd/	n.  出身背景， 经历； 背景资料； 背景， 底子	Students with a background in chemistry will probably find the course easier.	学过化学的学生可能会觉得这门课程容易些。	同义：prehistory	同根：backgrounder  政府官员举行的记者招待会；提供背景资料的简报或报告
millionaire	/,mɪljəˈnɛr/	n.  百万富翁， 大富翁	an American millionaire	一位美国百万富翁	同义：multimillionaire	同根：million  百万的；无数的；millionth  百万分之一的；第一百万的；million  百万；无数
transit	/ˈtræzɪt/	n.  运输， 载运	baggage that is lost or damaged in transit	在运输过程中丢失或损坏的行李	同义：carriage, freight, travel through	同根：transitional  变迁的；过渡期的；transitive  及物的；过渡的；可迁的；transition  过渡；转变；[分子生物] 转换；变调
adolescent	/,ædəˈlɛsnt/	adj.  青春期的； 青少年的 n. 青少年	It is important that an adolescent boy should have an adult in whom he can confide.	一个青春期男孩应该有一个他能倾吐心声的成年人，这是很重要的。	同义：pubertal, youths	同根：adolescence  青春期；adolesce  进入青春期；如青春期少年般行事
nonetheless	/ˈnʌnðəˈlɛs/	adv.  尽管如此， 依然， 然而	The region was extremely beautiful. Nonetheless Gerard could not imagine spending the rest of his life there.	那个地区非常漂亮，然而杰拉德却无法想象自己要在那里度过余生。	同义：yet, and	
dispose	/dɪˈspoz/	v.  去掉， 销毁； 处理， 解决； 使倾向于	Chinese vases are disposed around the gallery.	中国花瓶摆放在展馆四周。	同义：schedule, manage, make	同根：disposable  可任意处理的；可自由使用的；用完即可丢弃的；disposed  有…倾向的；打算做…的；有某种健康状态的；disposal  处理；支配；清理；安排
petty	/ˈpɛti/	adj.  小的， 琐碎的； 不重要的； 气量小的， 心胸狭窄的	petty squabbles	小口角	同义：cheap	同根：pettifogging  骗人的；琐碎的，无用的；诡辩的；pettily  卑鄙地；小气地；琐碎地；小型地；pettiness  琐碎；卑鄙；小气；微小
glow	/ɡlo/	vi.  发光； 燃烧 n. 白热光；脸红；激情	The bedside lamp glowed dimly.	床头灯发出暗淡的光。	同义：burn, calorescence	同根：glowing  灼热的；热情洋溢的；鲜艳的；glowingly  热心地；白热地；灼热地；glower  怒视；热切的注视；灯丝
sentiment	/ˈsɛntɪmənt/	n.  意见， 观点； 感情， 情绪	Similar sentiments were expressed by many politicians.	许多政治家都表达了相同的观点。	同义：mood	同根：sentimental  感伤的；感情脆弱的；sentient  有感情的；有感觉力的；意识到的；sentimentally  富情感地；多情地
differentiation	/,dɪfə,rɛnʃiˈeʃən/	n.  区别	Excuse me each other a debate on the web, the virtual space, the interaction between people often with a mask, this month, the mirror with water flowers have what differentiation?	请问对方辩友，在网上这种虚拟空间中，人与人之间的交往往往带着一个假面具，这与水中月、镜中花有什么区别？	同义：variation	同根：differentiated  分化型；已分化的；可区分的；differentially  区别地；differentiated  使有差别（differentiate的过去分词）
constitution	/ˈkɑnstəˈtʊʃən/	n.  宪法， 章程； 组成； 设立	The right to speak freely is written into the Constitution of the United States.	言论自由的权利被写入美国宪法。	同义：formation	同根：constitutional  宪法的；本质的；体质上的；保健的；constitutive  基本的；本质的；制定的；构成分子的；constitutionally  本质地；体质上；天生
patent	/ˈpætnt/	adj. 专利的，受专利保护的 n. 专利，专利权 vt.  得到…的专利权	a patent lock	专利锁	同义：apparent, license	同根：patented  专利的；patentee  专利权所有人
cocaine	/koˈken/	n.  可卡因， 古柯碱	To investigate, his team injected cocaine, capsaicin or both at once into the abdomens of several groups of about 30 mice.	他的团队将辣椒素或可卡因中的一种，或同时将两种注射进几组老鼠的腹部，每组约30只。	同义：coke	
groove	/ɡruv/	n.  沟， 槽	The bolt slid easily into the groove.	插销顺畅地滑入凹槽。	同义：tradition, slot	同根：grooved  带纹道的；表面有沟槽的；grooved  开出沟槽（groove的过去分词）
abundance	/əˈbʌndəns/	n.  大量， 丰富， 充足	This area of Mexico has an abundance of safe beaches and a pleasing climate.	墨西哥的这个地区有大量的安全沙滩与宜人的气候。	同义：plenty	同根：abundant  丰富的；充裕的；盛产；abundantly  丰富地；大量地
racket	/ˈrækɪt/	n.  喧嚷， 吵闹； 敲诈， 勒索， 诈骗； 球拍	The old machine used to make an awful racket .	这台旧机器以前噪音大得吓人。	同义：row	同根：rackety  喧扰的，喧闹的；不牢固的，摇晃的
sour	/ˈsaʊɚ/	adj. 酸的；馊的，酸味的；脾气坏的 v.  变酸， 变馊； 变得乖戾	Rachel sampled the wine. It was sour.	雷切尔尝了尝葡萄酒，是酸的。	同义：grinding, go bad, fail	同根：sourish  微酸的；sourly  性情乖僻地；坏心眼地；酸酸地；sourness  酸味；性情乖僻；坏心眼
transform	/trænsˈfɔrm/	vt.  使改观， 改革； 变换， 把…转换成	Increased population has transformed the landscape.	人口的增加使景观发生了变化。	同义：influence, veer from	同根：transformable  可变化的；可变形的；可转化的；transformation  [遗] 转化；转换；改革；变形；transformer  [电] 变压器；促使变化的人
napkin	/ˈnæpkɪn/	n.  餐巾	...taking tiny bites of a hot dog and daintily wiping my lips with a napkin.	…小口咬着热狗并用餐巾文雅地擦着我的嘴唇。	同义：serviette	同根：nappy  起毛的；nappy  尿布
reckless	/ˈrɛkləs/	adj.  鲁莽的， 不考虑后果的	He was accused of causing death by reckless driving .	他被控因鲁莽驾驶致人死亡。	同义：indiscretionary	同根：recklessly  鲁莽地；不顾一切地；recklessness  鲁莽；轻率；不顾一切，不顾后果
paradox	/ˈpærədɑks/	n.  似乎矛盾而正确的说法； 自相矛盾的人	It’s a paradox that in such a rich country there can be so much poverty.	在如此富有的国家却有这么多的贫穷现象，真是矛盾。		同根：paradoxical  矛盾的；诡论的；似非而是的；paradoxically  自相矛盾地；似非而是地；反常地
magnitude	/ˈmæɡnɪtud/	n.  重要性， 重大； 巨大， 广大	an increase of this order of magnitude	如此大幅度的增长	同义：dimensions	
justification	/,dʒʌstɪfɪˈkeʃən/	n.  正当的理由， 借口	Hoggart felt, with some justification, that his colleagues had let him down.	霍加特觉得同事令他失望，这是有理由的。	同义：reason	同根：justified  有正当理由的；合乎情理的；事出有因的；justifiable  可辩解的，有道理的；可证明为正当的；justificative  认为正当的；起辩护作用的
genuine	/ˈdʒɛnjʊɪn/	adj.  真的， 真正的； 真诚的	‘Did he really?’ Her surprise seemed genuine.	“他真的这样？”她好像是真的惊讶。	同义：actual	同根：genuinely  真诚地；诚实地；genuineness  真实，真正；真诚，真挚
execution	/,ɛksɪˈkjuʃən/	n.  死刑； 实行， 执行， 履行； 演奏， 表演	a public execution	当众处死	同义：enforcement	同根：exec  实行（execute）；实行的（executive）；executive  行政的；经营的；执行的，经营管理的；executed  已执行的；已生效的
immune	/ɪˈmjʊn/	adj.  免疫的， 有免疫力的， 不受影响的； 免除的， 豁免的	Once we’ve had the disease, we’re immune for life.	我们一旦得过这种病，就获得了终身免疫力。	同义：exonerative	同根：immunized  免疫的；immunochemical  免疫化学的；immunity  免疫力；豁免权；免除
brochure	/broˈʃʊr/	n.  小册子	a holiday brochure	度假手册		
stern	/stɝn/	adj. 严厉的，严格的，严峻的 n.  船尾	sterner penalties for drug offences	对毒品犯罪的更为严厉的惩罚	同义：terminal, severe	同根：sternly  严厉地；坚决地；sternness  严厉；严格
rotary	/ˈrotəri/	adj.  旋转的， 转动的	the rotary movement of the helicopter blades	直升机螺旋桨叶的转动	同义：rolling	同根：rotate  [植] 辐状的；rotational  转动的；回转的；轮流的；rotated  旋转的
compound	/ˈkɑmpaʊnd/	adj. 复合的，化合的 n. 化合物，复合物；复合词 vt.  使恶化， 加重； 使化合， 使合成	...the big compound eyes of dragonflies.	…蜻蜓的大复眼。	同义：synthetise, make it up, mixture, mixed	
dub	/dʌb/	vt.  给…起绰号， 把…称为； 为配音， 译制	Today's session has been widely dubbed as a "make or break" meeting.	今天的会议被大众称为“不成则散”的会议。	同义：dong, simple	同根：dubbing  配音；译制；皮革保护油；爵士的授予；dubbing  配音；译制；给皮革加脂或上油；双人乘骑；授予爵士封号（dub的ing形式）
masculine	/ˈmæskjəlɪn/	adj.  男性的， 男子的； 男子气的	They’re nice curtains, but I’d prefer something a little more masculine.	这些窗帘很好，但我更喜欢男性化一点的。	同义：male, mankind	同根：masculinity  男性；男子气；刚毅；masculinization  [生理] 男性化；masculinize  使…雄性化；使男子化（尤指使女人具有男子特征）
extraordinary	/ɪkˈstrɔrdənerɪ; ɪkˈstrɔrdnˌɛrɪ/	adj.  非同寻常的， 特别的	It took an extraordinary amount of work.	这费了相当多的功夫。	同义：remarkable	同根：extraordinarily  非常；格外地；非凡地；extraordinariness  格外
witness	/ˈwɪtnɪs/	n. 证据；目击者，证人 vt.  目击； 为…作证， 证明	Police have appealed for witnesses to come forward.	警方呼吁目击者站出来。	同义：proof, demonstrate	
conventional	/kənˈvɛnʃənl/	adj.  普通的； 习惯的， 常规的； 因循守旧的	Internet connections through conventional phone lines are fairly slow.	通过传统的电话线来连接因特网速度很慢。	同义：traditional	同根：conventionalized  定型化的；约定俗成的；conventionally  照惯例，照常套；convention  大会；[法] 惯例；[计] 约定；[法] 协定；习俗
regulation	/ˌrɛɡjəˈleʃən/	n.  规章， 规则； 管理， 控制， 调节	There seem to be so many rules and regulations these days.	如今好像条条框框很多。	同义：governance, specified	同根：regulatory  管理的；控制的；调整的；regulative  调整的，调节的；管制的；regulator  调整者；校准器
circulation	/,sɝkjəˈleʃən/	n.  循环， 流通； 流传， 传播， 发行； 发行量； 流通	Exercise improves the circulation.	运动能促进血液循环。	同义：revolution	同根：circular  循环的；圆形的；间接的；circulating  循环的；流通的；circulatory  循环的
mere	/mɪr/	adj.  仅仅的， 纯粹的	She lost the election by a mere 20 votes.	她仅仅以20票之差落选。	同义：tank	同根：merely  仅仅，只不过；只是
accommodation	/ə,kɑməˈdeʃən/	n.  住处， 膳宿	The price for the holiday includes flights and accommodation.	度假的价格包括机票和住宿。	同义：residence	同根：accommodating  随和的；乐于助人的；肯通融的；accommodative  适应的；[自] 调节的；予以方便的；随和的（等于accommodating）；accommodationist  迁就的，妥协的
evident	/ˈɛvɪdənt/	adj.  明显的， 明白的	Bob ate his lunch with evident enjoyment.	显然鲍勃吃午饭吃得津津有味。	同义：obvious	同根：evidently  显然，明显地；清楚地；evidence  证据，证明；迹象；明显；evidence  证明
suburb	/ˈsʌbɝb/	n.  郊区， 郊外， 近郊	a London suburb	一个伦敦郊区	同义：margin	同根：suburbanize  变成市郊；suburbanize  郊区化；使成为市郊
pumpkin	/ˈpʌmpkɪn/	n.  南瓜	pumpkin pie	南瓜饼	同义：punkin	同根：pumpkinseed  瓜仁太阳鱼；南瓜籽
annoy	/əˈnɔɪ/	vt.  使恼怒； 打搅	What annoyed him most was that he had received no apology.	最令他生气的是没人向他道歉。	同义：harry, brown off, worry	同根：annoying  讨厌的；恼人的；annoyingly  恼人地；烦人地；令人不快地（annoying的副词形式）；annoyance  烦恼；可厌之事；打扰
profess	/prəˈfɛs/	vt.  表示， 承认； 宣称信仰	She professed to hate her nickname.	她声称讨厌她的绰号。	同义：accept	同根：professed  声称的；公开承认的；伪称的；professorial  教授的；学者派头的；教授似的；professedly  在表面上；公然地；专业地
psychological	/,saɪkəˈlɑdʒɪkl/	adj.  心理的	Sleep disorders are a serious psychological problem .	睡眠障碍是严重的心理疾病。	同义：moral	同根：psychometric  心理测量的；psychoanalytic  精神分析的；心理分析的；psychomotor  精神运动的
credible	/ˈkrɛdəbl/	adj.  可信的， 可靠的	Her excuse was barely credible.	她的借口无法让人信服。	同义：responsible	同根：cred  信誉；可靠性（credibility）；creditable  可信的；声誉好的；值得称赞的；credal  信条的；教义的；信经的
empirical	/ɪmˈpɪrɪkl/	adj.  以经验为依据的， 经验主义的， 经验的	{"COLLOINEXA":["empirical evidence"]}	实验证据		同根：empiric  经验主义的；empirically  以经验为主地；empiricism  经验主义；经验论
commit	/kəˈmɪt/	vt.  犯， 干； 使承诺； 把…托付给； 调拨…供使用， 拨出	Women commit fewer crimes than men.	女性犯罪比男性少。	同义：sin	同根：committed  坚定的；效忠的；承担义务的；commitment  承诺，保证；委托；承担义务；献身；commission  委员会；佣金；犯；委任；委任状
curb	/kɝb/	vt. 控制，约束 n.  控制， 约束； 路缘	measures to curb the spread of the virus	控制病毒扩散的措施	同义：checking, possess	同根：curbing  边石的材料；边石
crash	/kræʃ/	vi. 倒下，坠落；发出撞击声；垮台，破产 vt. 碰撞，砸碎；冲，闯 n.  碰撞； 破裂声	We watched the waves crashing against the rocks.	我们看着海浪哗啦哗啦地冲击岩石。	同义：collision, fall of, hit, quickie	同根：crashing  彻底的；最好的；猛撞的；crasher  猛击；破碎机；不速之客；crashing  打碎（crash的ing形式）
character	/ˈkærɪktɚ/	n.  性格， 特性； 性质； 人物， 角色； 符号， 字	He has a cheerful but quiet character.	他的性格乐观文静。	同义：quality, print...	同根：characteristic  典型的；特有的；表示特性的；characterized  以…为特点的；characterless  无个性的；缺乏特征的；平凡的
reflect	/rɪˈflɛkt/	v.  反映， 显示； 反射， 映现； 深思， 考虑， 反省	The drop in consumer spending reflects concern about the economy.	消费支出的下降反映出人们对经济的担忧。	同义：glass, give back	同根：reflective  反射的；反映的；沉思的；reflected  反射的；得自他人的；reflecting  反射的；沉思的
outfit	/ˈaʊtfɪt/	n.  全套服装； 一组人； 全套装备， 全套工具	She bought a new outfit for the party.	她为了这次派对买了套新衣服。	同义：organization, serve	同根：outfitting  码头舾装；舾装设备；outfitter  [贸易] 旅行用品商；运动用具商；[贸易] 装饰用品商店；机器安装工；outfitting  配备；供应（outfit的ing形式）
contribution	/,kɑntrɪˈbjuʃən/	n.  贡献； 促成作用； 捐款， 捐献物； 稿件	a campaign contribution	竞选捐款	同义：subscription	同根：contributing  贡献的；起作用的；contributory  捐助的；贡献的；有助于…的；contributive  出资的；贡献的；有助于；助长...的
ongoing	/ˈɑnɡoɪŋ/	adj.  持续的， 继续的	their ongoing search for a new director	他们仍在寻找一个新主任	同义：advancing, behavior	
massacre	/ˈmæsəkɚ/	vt. 大规模屠杀，残杀；彻底击败 n.  大屠杀， 残杀； 惨败	The army massacred more than 150 unarmed civilians.	军队屠杀了150多名手无寸铁的平民。	同义：mow down, holocaust	
reassure	/,riəˈʃʊr/	vt.  使放心	Teachers reassured anxious parents.	老师们安慰焦急的父母。		同根：reassuring  安心的；可靠的；鼓气的；reassured  使消除疑虑的；使放心的；reassuringly  安慰地；鼓励地
bang	/bæŋ/	v.  猛击， 猛撞； 发出砰的一声， 砰砰地响； 砰地敲 n. 巨响；枪声；猛击	The baby kept banging the table with his spoon.	宝宝不停地拿调羹敲桌子。	同义：pound, directly, pound on	
magnetic	/mægˈnɛtɪk/	adj.  磁的； 有吸引力的	magnetic forces	磁力	同义：geomagnetic	同根：magnetized  已磁化的；magnetically  有磁力地；有吸引力地；magnetism  磁性，磁力；磁学；吸引力
cholesterol	/kəˈlɛstərɔl/	n.  胆固醇	So why would you want to lower your cholesterol?	那么为什么你想降低你的胆固醇呢？		
orbit	/ˈɔrbɪt/	n. 轨道 vt.  作轨道运行	Mars and Earth have orbits which change with time.	火星和地球的轨道随着时间而发生改变。	同义：path, serpentuate	同根：orbital  轨道的；眼窝的；orbiter  人造卫星；盘旋物
band	/bænd/	n. 乐队；群，伙；带；条纹；波段 vt.  用带绑扎	The band was playing old Beatles songs.	乐队正在演奏披头士的老歌。	同义：strip, combine	同根：banded  有带子的；bandy  向外弯曲的；bandage  绷带
negligible	/ˈnɛɡlɪdʒəbl/	adj.  可忽略不计的， 微不足道的	The damage done to his property was negligible.	对他财产造成的损失微不足道。	同义：bit	同根：neglectful  疏忽的；忽略的；不小心的；neglect  疏忽，忽视；怠慢；neglect  疏忽，忽视；忽略
setback	/ˈsɛtbæk/	n.  挫折， 倒退， 失败	The team’s hopes of playing in Europe suffered a setback last night.	球队赴欧洲参加比赛的希望昨晚遇到了阻碍。	同义：frustration	
resident	/ˈrɛzɪdənt/	adj.  居住的， 定居的； 住校的， 住院的 n. 居民，定居者；住院医生	a resident tutor	住校辅导老师	同义：stationary, liver	同根：residential  住宅的；与居住有关的；residence  住宅，住处；居住；residency  住处；住院医生实习期
symbolic	/sɪmˈbɑlɪk/	adj.  符号的； 象征性的	Each element of the ceremony has a symbolic meaning .	仪式的每一个元素都具有象征意义。	同义：emblematic	同根：symbolically  象征性地；象征意义地；symbol  象征；符号；标志；symbolism  象征，象征主义；符号论；记号
distinguish	/dɪˈstɪŋɡwɪʃ/	vt.  区别， 辨别， 识别； 使杰出； 使著名	The light was too dim for me to distinguish anything clearly.	光线太暗，我什么也看不清。	同义：tell apart, differentiate	同根：distinct  明显的；独特的；清楚的；有区别的；distinguished  著名的；卓著的；高贵的；distinguishing  有区别的
mall	/mɔl/	n.  购物中心	Let’s meet at the mall and go see a movie.	我们在购物中心碰头，然后去看电影吧。	同义：shopping arcade	
module	/ˈmɑdʒul/	n.  组件， 模块， 模件； 舱	A rescue plan could be achieved by sending an unmanned module to the space station.	营救计划可以通过向空间站发送一个无人舱来完成。	同义：component	
howl	/haʊl/	n&vi.  嗥叫； 呼啸； 吼叫， 哀号	wind howling in the trees	在林间呼啸的风	同义：gnar, bluster	同根：howling  咆哮的；极大的；哭哭啼啼的；howling  啸鸣；howler  大声叫喊者；嚎叫的人或动物；滑稽可笑的错误
execute	/ˈɛksɪkjut/	vt.  将…处死； 实施	13 people were summarily executed (= killed without any trial or legal process ) by the guerrillas.	有13人被游击队员就地处决。	同义：perform	同根：executive  行政的；经营的；执行的，经营管理的；executed  已执行的；已生效的；executable  可执行的；可实行的
substantial	/səbˈstænʃəl/	adj.  可观的， 大量的； 物质的， 坚固的； 实质的， 真实的	We have the support of a substantial number of parents.	我们有相当多家长的支持。	同义：massive, essence	同根：substantive  有实质的；大量的；真实的；独立存在的；substantiated  实体化的；被证实了的；substantially  实质上；大体上；充分地
benefit	/ˈbɛnɪfɪt/	vi.  得益 n. 利益，恩惠；救济金，保险金，津贴 vt. 有益于	They are working together to benefit the whole community.	他们在为整个社区的利益共同努力。	同义：behalf, profit	同根：beneficial  有益的，有利的；可享利益的；beneficiary  拥有封地的；受圣俸的；benefic  有益的
booth	/bʊθ/	n.  小房间， 公用电话亭， 岗亭； 售货棚， 货摊	a voting booth	投票间	同义：concession stand	
enthusiastic	/ɪn,θuzɪˈæstɪk/	adj.  满腔热情的， 热心的， 极感兴趣的	an enthusiastic supporter of reform	改革的热心支持者	同义：intense	同根：enthusiastically  热心地；满腔热情地；enthusiasm  热心，热忱，热情；enthusiast  狂热者，热心家
disastrous	/dɪˈzæstrəs/	adj.  灾难性的， 造成灾害的； 极坏的， 很糟的	a disastrous first marriage	以失败告终的第一次婚姻	同义：sinister	同根：disastrously  悲惨地
unique	/jʊˈnik/	adj.  唯一的， 独一无二的； 极不寻常的， 极好的	a unique opportunity to study these rare creatures	研究这些珍稀动物的难得机会	同义：distinct	同根：uniquely  独特地；珍奇地；uniqueness  独特性；独一无二；单值性
processing	/proˈsɛsɪŋ/	n.  处理	Can you guess what the extra processing is here?	您可以猜出这里的额外处理是什么吗？	同义：machining	
impulse	/ˈɪmpʌls/	n.  冲动， 一时的念头； 推动， 驱使； 脉冲	The eye converts light signals to nerve impulses.	眼睛把光信号转变成神经冲动。	同义：stimulus, drive	同根：impulsive  冲动的；受感情驱使的；任性的；impulsively  有推动力地；impulsiveness  冲动
sober	/ˈsobɚ/	adj. 未醉的，有节制的；严肃的，持重的；素淡的，暗淡的 v.  醒酒， 清醒	He’s a nice guy when he’s sober.	他没喝醉时是个不错的家伙。	同义：cool, disenchant	同根：sobering  使清醒的；使冷静的；严重的；soberly  冷静地；严肃地；朴素地；sobriety  清醒，冷静；节制；严肃
crystallize	/ˈkrɪstəˈlaɪz/	v.  结晶； 变得清晰而明确； 使具体化	The liquid will crystallize at 50 degrees centigrade.	这种液体在50摄氏度时结晶。	同义：embody, grain formation	同根：crystal  水晶的；透明的，清澈的；crystallized  裹有糖霜的；蜜饯的；crystal  结晶，晶体；水晶；水晶饰品
religious	/rɪˈlɪdʒəs/	adj.  宗教的； 笃信宗教的， 虔诚的	I don’t share her religious beliefs .	她的宗教信仰和我的不同。	同义：good, monk	同根：religiously  虔诚地，笃信地；religion  宗教；宗教信仰；religiosity  虔诚；宗教狂；虚伪信仰
infectious	/ɪnˈfɛkʃəs/	adj.  传染的， 有传染性的； 有感染力的	infectious diseases	传染性疾病	同义：catching	同根：infected  被感染的；infective  有传染性的，感染别人的；infection  感染；传染；影响；传染病
shelter	/ˈʃɛltɚ/	v.  掩蔽， 躲避， 庇护 n. 掩蔽处，躲避处；掩蔽，保护	Collins was arrested for sheltering enemy soldiers.	科林斯因收留敌兵而被逮捕。	同义：housing, secure, stay away from	同根：sheltered  受保护的；掩蔽的；免税的；为弱者提供方便的；sheltered  庇护（shelter的过去分词）
prominent	/ˈprɑmɪnənt/	adj.  突出的， 杰出的； 突起的； 凸出的	a prominent Russian scientist	杰出的俄罗斯科学家	同义：obvious	同根：prominently  显著地；prominence  突出；显著；突出物；卓越
expel	/ɪkˈspɛl/	vt.  把…除名， 把…开除； 驱逐， 赶走， 放逐； 排出， 喷出	More than five-thousand high school students have been expelled for cheating.	五千多名中学生因考试作弊而被开除。	同义：remove	同根：expelling  驱逐；排出；压榨法；expelling  驱逐（expel的ing形式）
superiority	/su,pɪrɪˈɔrəti/	n.  优越， 优等	Janet always spoke with an air of superiority.	珍妮特说话时总显得盛气凌人。	同义：advantage	同根：superior  上级的；优秀的，出众的；高傲的；superiorly  超越其他地；卓越地；superior  上级，长官；优胜者，高手；长者
outset	/ˈaʊtsɛt/	n.  开始， 开端	It was clear from the outset that there were going to be problems.	从一开始就很清楚会有问题出现的。	同义：beginning	
latitude	/ˈlætɪtud/	n.  纬度； 纬度地区； 回旋余地， 自由	The birds breed in northern latitudes.	这些鸟在北纬地区繁殖。	同义：bourn	同根：latitudinal  纬度的
scan	/skæn/	vt. 细看，审视，浏览 n.  扫描	He scanned the horizon, but there was no sign of the ship.	他朝地平线处仔细眺望，但是找不到那艘船的踪影。	同义：glance through, survey	同根：scanning  扫描的；观测的；搜索的；扫掠的；scanner  [计] 扫描仪；扫描器；光电子扫描装置；scanning  扫描；搜索，观测；扫掠
association	/ə,soʃɪˈeʃən/	n.  协会， 团体； 联合， 交往	the Association of Master Builders	建筑师协会	同义：union	同根：associate  副的；联合的；associated  关联的；联合的；associative  联想的；联合的；组合的
fundamental	/,fʌndəˈmɛntl/	adj. 基础的，基本的 n.  基本原则	We have to tackle the fundamental cause of the problem.	我们必须解决问题的根本原因。	同义：elementary, basic principle	同根：fundamentalist  基要主义的；fundamentally  根本地，从根本上；基础地；fundamentalist  基要主义者；信奉正统派基督教的人
eliminate	/ɪˈlɪmɪnet/	vt.  消灭， 消除， 排除； 淘汰	Our team was eliminated in the first round.	我们队第一轮就被淘汰了。	同义：avoid	同根：elimination  消除；淘汰；除去；eliminator  消除器；消除者
cute	/kjʊt/	adj.  漂亮的， 娇小可爱的； 聪明伶俐的， 精明的	a cute little puppy	一只逗人爱的小狗	同义：lovely	同根：cutely  精明地，伶俐地；cuteness  娇小可爱
entitle	/ɪnˈtaɪtl/	vt.  给…权利； 给题名	a documentary entitled ‘The Price of Perfection’	一部名为《完美的代价》的纪录片		同根：entitled  有资格的；给与名称的；entitlement  权利；津贴；entitled  给…权利；给…定书名；授…以荣誉（entitle的过去分词）
outline	/ˈaʊtlaɪn/	n. 提纲，要点；外形；略图 vt.  概述； 描…的外形	a research proposal outline	研究计划梗概	同义：profile, summarize	
partition	/pɑrˈtɪʃən/	n. 分隔物，隔墙；分割，划分 vt.  隔开； 分割， 瓜分	...new offices divided only by glass partitions.	…仅仅用玻璃隔板隔开的新办公室。	同义：division, segment	同根：part  部分的；parting  离别的；分开的；逝去的；partitioned  分割的；分区的；分段的
nominal	/ˈnɑmɪnl/	adj.  名义上的， 有名无实的； 很少的， 象征性的； 名词性的	the nominal head of the rebellion	这次叛乱名义上的领导人	同义：titular	同根：nominalist  唯名论的；nominalistic  唯名论的；名义主义的；nominally  名义上地；有名无实地
excess	/ˈɛkˈsɛs/	adj.  过量的， 额外的 n. 超越，过量，过度['3ks3s]	Cut any excess fat from the meat.	将肉中多余的肥肉切掉。	同义：immoderation, additional	同根：excessive  过多的，极度的；过分的；excessively  过分地；极度；excessiveness  过度（非常，格外）；冗余
glance	/ɡlæns/	vi. 看一下 n.  一瞥	Wyatt glanced around the restaurant.	怀亚特环视了一下餐馆。	同义：dekko, run one's eyes over, run one's eyes over	
perspective	/pɚˈspɛktɪv/	n.  视角， 观点； 远景， 景观； 透视画法， 透视图	the artist’s use of perspective	那位画家对透视法的运用	同义：viewpoint, clairvoyant	
galaxy	/ˈɡæləksi/	n.  星系； 银河系， 银河； 一群	Astronomers have discovered a distant galaxy.	天文学家们发现了一个遥远的星系。	同义：the Milky Way	同根：galactic  银河的；乳汁的
equality	/ɪˈkwɑləti/	n.  等同； 平等； 相等	...equality of the sexes.	…性别平等。	同义：equivalence	同根：equal  平等的；相等的；胜任的；equalized  平衡的；equally  同样地；相等地，平等地；公平地
destruction	/dɪˈstrʌkʃən/	n.  破坏， 毁灭； 消灭	{"COLLOINEXA":["weapons of mass destruction"]}	大规模杀伤性武器	同义：breaking	同根：destructive  破坏的；毁灭性的；有害的，消极的；destructible  可破坏的；易损坏的；destructively  破坏地；狼狈地
rebellion	/rɪˈbɛljən/	n.  反叛， 反抗	an armed rebellion	武装叛乱	同义：resistance	同根：rebel  反抗的；造反的；rebellious  反抗的；造反的；难控制的；rebel  反叛者；叛徒
expression	/ɪkˈsprɛʃən/	n.  词语； 表达， 表情	Student leaders are demanding greater freedom of expression (= the right to say what you think without being punished ).	学生领袖要求得到更多的言论自由。	同义：utterance	同根：express  明确的；迅速的；专门的；expressive  表现的；有表现力的；表达…的；expressionless  无表情的；呆板的
reaction	/rɪˈækʃən/	n.  反应， 反作用	What was Jeff’s reaction when you told him about the job?	你告诉杰夫这个工作时，他是什么反应？	同义：response	同根：reactive  反应的；电抗的；反动的；reactionary  反动的；反动主义的；反对改革的；reactionist  反动的
accordance	/əˈkɔrdns/	n.  一致， 和谐， 符合	If your pursuit of personal career and ideal are in accordance with ours, if you are seeking for the pleasure from sharing the same ambitions, please join us!	如果您想谋求个人事业、理想与公司的事业和理想高度一致，如果您追求的是志同道合的工作愉悦，请加入我们！	同义：unity	同根：accordant  一致的；调和的；accord  符合；一致；协议；自愿；accord  符合；一致
weary	/ˈwɪri/	vi.  厌烦， 不耐烦 adj. 疲劳的，疲倦的；使人疲劳的，令人厌倦的	She found Rachel in the kitchen, looking old and weary.	她发现雷切尔在厨房里，看上去苍老而疲惫。	同义：tired, jade, labor	同根：wearing  磨损的；穿用的；令人疲倦的；wearisome  使疲倦的；使厌倦的；乏味的；wearily  疲倦地；无聊地；厌倦地
appeal	/əˈpil/	vi. 求助，诉请；要求；有吸引力 vt. 控诉，移交上级法院审理 n.  吸引力； 呼吁； 上诉	The idea of working abroad really appeals to me.	去国外工作的这个想法对我很有吸引力。	同义：attract, asking	同根：appealing  吸引人的；动人的；引起兴趣的；恳求似的；appealable  可上诉的；appealingly  上诉地；哀求地；吸引人地
swamp	/swɑmp/	n. 沼泽 vt.  淹没， 浸没； 难倒， 压倒	I spent one whole night by a swamp behind the road listening to frogs.	我整个晚上都在这条路后面的一个沼泽地旁听蛙鸣。	同义：wetland, embog, sunk	同根：swampy  沼泽的；湿地的；沼泽多的；松软的
entrepreneur	/ˌɑntrəprəˈnɝ​/	n.  企业家	How would you define personal growth as an entrepreneur?	你会如何定义，一个企业家的个人成长？	同义：contractor	同根：entrepreneurial  企业家的，创业者的；中间商的
dedicate	/ˈdɛdɪket/	vt.  题献词于上； 把献给， 把用于	She dedicated her first album to Woody Allen, who she says understands her obsession.	她把她的第一张唱片献给伍迪·艾伦，她说艾伦理解她的痴迷。	同义：give oneself	同根：dedicated  专用的；专注的；献身的；dedication  奉献；献身；dedicated  以…奉献；把…用于（dedicate的过去式和过去分词）
peninsula	/pəˈnɪnsələ/	n.  半岛	the Korean peninsula	朝鲜半岛	同义：byland	
extensive	/ɪkˈstɛnsɪv/	adj.  广阔的； 广泛的	The house stands in extensive grounds.	这栋房子占地面积很大。	同义：widespread	同根：extended  延伸的；扩大的；长期的；广大的；extensively  广阔地；广大地；extension  延长；延期；扩大；伸展；电话分机
residential	/,rɛzɪˈdɛnʃl/	adj.  居住的， 住宅的； 寄宿的， 住在住所的	a quiet residential neighbourhood	安静的住宅区		同根：resident  居住的；住院医师；定居的；resident  居民；residence  住宅，住处；居住
definitely	/ˈdɛfɪnətli/	adv.  一定地， 明确地	‘Do you reckon Margot will be there?’ ‘ Definitely not .’	“你估计玛戈会在那里吗？” “肯定不会。”	同义：certainly	同根：definite  一定的；确切的；defined  有定义的，确定的；清晰的，轮廓分明的；definitive  决定性的；最后的；限定的
stab	/stæb/	n&v.  刺， 戳	He was stabbed to death in a fight.	他在一次打斗中被捅死了。	同义：stick, smart, stroke	同根：stabbing  刺穿的，尖利的；令人伤心的；stabber  刺客；锥子；刺的东西；stabbing  刺（stab的ing形式）
abandon	/əˈbændən/	vt.  离弃， 丢弃； 遗弃； 抛弃； 放弃	How could she abandon her own child?	她怎么能抛弃自己的孩子呢？	同义：loose, desert	同根：abandoned  被抛弃的；无约束的；恣意放荡的；寡廉鲜耻的；abandonment  抛弃；放纵；abandoned  抛弃（abandon的过去式和过去分词）
collaboration	/kə,læbəˈreʃən/	n.  合作， 协作； 勾结	The company is building the centre in collaboration with the Institute of Offshore Engineering.	该公司正与海洋工程学院合建这座中心。	同义：synergism	同根：collaborative  合作的，协作的；collaborator  [劳经] 合作者；勾结者；通敌者；collaborationism  卖国，通敌
inspire	/ɪnˈspaɪɚ/	vt.  鼓舞； 给…以灵感	We need someone who can inspire the team.	我们需要一个能鼓舞团队士气的人。	同义：stimulate	同根：inspired  有灵感的；官方授意的；inspiring  鼓舞人心的；灌输的；启发灵感的；inspiration  灵感；鼓舞；吸气；妙计
impart	/ɪmˈpɑrt/	vt.  告知， 透露； 赋予， 给予	She had information that she couldn’t wait to impart.	她得到了消息，迫不及待地想告诉别人。	同义：afford	同根：impartation  给予；告知
household	/ˈhaʊshold/	adj.  家庭的， 家喻户晓的 n. 家庭，户；家务	household chores	家务杂活	同义：domestic, family	同根：householder  户主，家长；房主
glide	/ɡlaɪd/	n.  滑行， 滑动； 滑翔			同义：slippage, ebb away	同根：gliding  滑行的；流畅的；滑顺的；glider  [航] 滑翔机；滑翔员；滑翔导弹；gliding  滑翔；消逝；溜走（glide的ing形式）
adverse	/ædˈvɚs, ˈædˌvɚs/	adj.  不利的， 有害的	They fear it could have an adverse effect on global financial markets.	他们担心这会对全球金融市场产生不利影响。	同义：against	同根：adversative  反意的；表示相反的；adversely  不利地；逆地；反对地；adversative  反意语；转折词
bulletin	/ˈbʊlətɪn/	n.  简明新闻， 最新消息； 公告， 布告， 公报； 学报， 期刊	...the early morning news bulletin.	…早间新闻快报。	同义：announcement, post	
devote	/dɪˈvot/	vt.  将…奉献给， 把…专用	He decided to devote the rest of his life to scientific investigation.	他决定把余生奉献给科学研究。	同义：commit oneself to	同根：devoted  献身的；忠诚的；devotional  虔诚的，祷告的；信仰的；献身的；devotion  献身，奉献；忠诚；热爱
junction	/ˈdʒʌŋkʃən/	n.  联结点， 交叉点， 枢纽	the junction of Abbot Road and Mill Street	阿伯特路与米尔街的交叉口	同义：connection	同根：juncture  接缝；连接；接合
crumble	/ˈkrʌmbl/	vi.  崩溃， 瓦解 vt. 弄碎	The Empire began to crumble during the 13th century.	这个帝国在13世纪时开始崩溃。	同义：fall apart at the seams, fall apart at the seams	同根：crumbly  脆的；易碎的；crumb  面包屑，碎屑；少许；crumbliness  破碎性
agent	/ˈedʒənt/	n.  代理人， 代理商； 政府代表； 动因， 原因； 剂	Our agent in Rio deals with all our Brazilian business.	我们在里约热内卢的业务代表处理我们在巴西的全部业务。	同义：deputy, acting	同根：agential  代理人的；施事格的；agency  代理，中介；代理处，经销处
abortion	/əˈbɔrʃən/	n.  流产， 堕胎	She decided to have an abortion .	她决定做人工流产。	同义：miscarriage	同根：abortive  失败的；流产的；堕胎的；abortively  失败地；流产地；abort  中止计划
salvation	/sælˈveʃən/	n.  拯救， 解救； 解救措施	The church's message of salvation has changed the lives of many.	这个教会的灵魂得救的训诫已经改变了很多人的一生。	同义：retrieval	同根：salvage  打捞；海上救助；抢救财货；救难的奖金；salvager  拯救者；救援人员；salvor  难船救助者；救难船
instinct	/ˈɪnstɪŋkt/	n.  本能； 直觉， 生性	Her instinct told her that something was wrong.	直觉告诉她有些不对劲。	同义：intuition, abrim	同根：instinctive  本能的；直觉的；天生的；instinctively  本能地
cannon	/ˈkænən/	n.  加农炮， 大炮， 火炮	The cannons boom, the band plays.	炮声隆隆，鼓乐齐鸣。	同义：artillery gun, fire a gun, shell	
invest	/ɪnˈvɛst/	v.  投资， 投入； 授予	I’ve got a few thousand dollars I’m looking to invest.	我有几千美元想作投资。	同义：fund, invent money in	同根：investment  投资；投入；封锁；investor  投资者；investiture  授职仪式；授权仪式；装饰或覆盖物
reputation	/,rɛpjuˈteʃən/	n.  名誉， 名气， 名声	Alice Munro has a reputation for being a very depressing writer.	艾丽斯•门罗有文风抑郁的名声。	同义：credit	同根：reputable  声誉好的；受尊敬的；卓越的；reputed  名誉好的；被普遍认为…的；repute  名誉；声望
project	/prəˈdʒɛkt; prɑdʒɛkt/	v.  伸出； 投射； 放映 n.  方案， 计划； 课题， 项目； 工程	Bradley projects a natural warmth and sincerity.	布拉德利表现出一种自然的热情和真诚。	同义：design, design, engineering	同根：projecting  突出的；伸出的；projection  投射；规划；突出；发射；推测；projector  [仪] 投影仪；放映机；探照灯；设计者
shrug	/ʃrʌɡ/	n&v.  耸肩	I just shrugged my shoulders and ignored him.	我只是耸耸肩，没有理睬他。	同义：hunch	
arena	/əˈrinə/	n.  表演场地， 竞技场； 活动场所	a sports arena	运动场	同义：stage	
independence	/,ɪndɪˈpɛndəns/	n.  独立； 自主； 自立	The country has made great advances since independence.	该国自独立以来发展迅速。	同义：freedom	同根：independent  独立的；单独的；无党派的；不受约束的；independently  独立地；自立地；independent  独立自主者；无党派者
shrub	/ʃrʌb/	n.  灌木	...flowering shrubs.	…开花的灌木。	同义：bush	同根：shrubby  灌木的；灌木繁茂的；灌木一般的；shrubbery  灌木；[林] 灌木林
presentation	/,prizɛnˈteʃən/	n.  提供， 显示； 外观， 图像； 授予， 赠送； 报告， 介绍； 表演	the presentation ceremony	颁奖仪式	同义：description	同根：present  现在的；出席的；presentational  表象的；演出的；上演的；直觉的；present  现在；礼物；瞄准
nominate	/ˈnɑmɪnet/	vt.  提名， 任命； 推荐， 指定	This week one of them will be nominated by the Democratic Party for the presidency of the United States.	本周他们中的一人将被民主党提名为美国总统职位的候选人。	同义：install	同根：nominated  被提名的；被任命的；nominative  主格的；记名的；被提名的；nomination  任命，提名；提名权
loom	/lum/	vi.  阴森地逼近， 隐现； 即将来临 n. 织布机	An economic crisis is looming on the horizon .	经济危机正在逼近。	同义：weaving machine	
stationary	/ˈsteʃənɛri/	adj.  固定的， 静止不动的	How did you manage to drive into a stationary vehicle?	你是怎么开车的，竟会撞上一辆停着的车子？	同义：standing	同根：statically  静态地；静止地；stator  固定片，定子
restrain	/rɪˈstren/	vt.  阻止， 控制； 抑制， 遏制	Renwick restrained a feeling of annoyance.	伦威克忍住了不悦的情绪。	同义：possess	同根：restrained  克制的，受限制的；拘谨的；restraint  抑制，克制；约束；restrainer  [摄] 抑制剂（尤指摄影中用的溴化钾等）；限制器；控制者
awkward	/ˈɔkwɚd/	adj.  笨拙的， 尴尬的； 难操纵的， 使用不便的； 不灵巧的	I hoped he would stop asking awkward questions .	我希望他不要再问令人难堪的问题。	同义：testing	同根：awkwardly  笨拙地；无技巧地；awkwardness  尴尬；笨拙
ruin	/ˈruɪn/	v.  毁坏 n. 毁灭；废墟	This illness has ruined my life.	这个病毁掉了我的生活。	同义：demolition, devastate, fail	同根：ruined  毁灭的；荒废的；ruinous  破坏性的，毁灭性的；零落的；ruinously  毁灭地；败坏地
beforehand	/bɪˈfɔrhænd/	adv.  预先， 事先	The police need to be briefed beforehand on how to deal with this sort of situation.	需要事先告诉警察这种情况怎样处理。	同义：in advance, pre-arranged	
formidable	/ˈfɔrmɪdəbl/	adj.  可怕的， 令人敬畏的； 难以克服的， 难对付的	The building is grey, formidable, not at all picturesque.	那幢建筑呈灰色，气势凛然，与漂亮沾不上边。	同义：powerful	同根：formidably  强大地；难对付地；可怕地
impatient	/ɪmˈpeʃnt/	adj.  不耐烦的， 急躁的； 热切的， 急切的	He turned away with an impatient gesture.	他做了个不耐烦的手势转过身去。	同义：fretful	同根：impatiently  无耐性地；impatience  急躁；无耐心
invert	/ˈɪnvɝt/	vt.  使倒转， 使倒置， 使颠倒	Invert the cake onto a serving plate.	把蛋糕倒扣过来放到一个盘子上。	同义：coup	同根：inverted  倒转的，反向的；invertible  可逆的；倒转的；inversion  倒置；反向；倒转
cradle	/ˈkredl/	n. 摇篮；策源地，发源地 vt.  轻轻地抱， 捧	She rocked the cradle to quieten the child.	她摇动摇篮，让宝宝安静下来。	同义：bassinet, foster	
discrete	/dɪˈskrit/	adj.  分离的， 不相关联的	The change happens in a series of discrete steps.	这个变化在一系列分离的步骤中发生。	同义：uncontinuous	同根：discretion  自由裁量权；谨慎；判断力；判定；考虑周到；discreteness  组件；不连续性（目标对于背景的显明度）
assurance	/əˈʃʊrəns/	n.  把握， 信心； 保证， 表示保证的话； 保险	Despite my repeated assurances, Rob still looked very nervous.	尽管我再三保证，罗布看起来还是很紧张。	同义：certification	同根：assured  确定的；自信的；assuring  保证的；确信的；使人有信心的；assuredly  确实地；确信地
psychiatrist	/saɪˈkaɪətrɪst/	n.  精神科医生， 精神病专家	A colleague urged him to see a psychiatrist, but Faulkner refused.	一位同事竭力劝福克纳去看精神病医生，但他拒绝了。	同义：alienist	同根：psychic  精神的；心灵的；灵魂的；超自然的；psychiatric  精神病学的；精神病治疗的；psychoactive  影响心理状态的；作用于精神的
squad	/skwɑd/	n.  班， 小队， 小组	a drill squad	操练小队		
disrupt	/dɪsˈrʌpt/	vt.  使中断； 扰乱	Traffic was disrupted by a hoax bomb.	有人虚报有炸弹，造成了交通混乱。	同义：destroy, divided	同根：disruptive  破坏的；分裂性的；制造混乱的；disruption  破坏，毁坏；分裂，瓦解
scar	/skɑr/	v.  留下伤痕 n. 伤疤，伤痕；创伤	His hands were badly scarred by the fire.	他的双手被那次大火烧得疤痕累累。	同义：knife, cure, wound	同根：scared  害怕的；scared  使害怕（scare的过去分词）；scarify  在…上划痕；乱划；严厉批评
sergeant	/ˈsɑrdʒənt/	n.  中士， 警官	Right, but how do you know there's a sergeant there?	正确，可是你怎么知道那儿有一个中士？	同义：non-commissioned officer	
vital	/ˈvaɪtl/	adj.  生死攸关的， 极其重要的； 生命的， 有生命力的	The work she does is absolutely vital.	她所做的工作至关重要。	同义：dynamic	同根：vitally  极其；紧要地；生死攸关地；vitality  活力，生气；生命力，生动性；vitalism  [生物] 活力论；[生物] 生机说
eccentric	/ɪkˈsɛntrɪk/	adj. 古怪的，怪癖的，异乎寻常的 n.  古怪的人， 怪癖的人	His eccentric behaviour lost him his job.	他古怪的行为使他丢了工作。	同义：abnormal, fantastic	同根：eccentrically  反常地；离开中心；eccentricity  古怪；怪癖；[数] 离心率
conflict	/ˈkɑnflɪkt/	vi.  冲突， 抵触 n.  冲突， 抵触； 争论； 战斗， 战争	Personal ethics and professional ethics sometimes conflict.	个人道德与职业道德之间有时会相冲突。	同义：interference, combat	同根：conflicting  冲突的；相矛盾的；不一致的；conflicting  冲突；争执（conflict的ing形式）
appliance	/əˈplaɪəns/	n.  用具， 器具， 器械	He could also learn to use the vacuum cleaner, the washing machine and other household appliances.	他还能学习使用吸尘器、洗衣机和其他家用电器。	同义：device	
alloy	/ˈælɔɪ/	n.  合金 vt.  将…铸成合金	Brass is an alloy of copper and zinc.	黄铜是铜和锌的合金。	同义：composition metal	
delusion	/dɪˈluʒn/	n.  欺骗； 哄骗			同义：fraud	同根：delusional  妄想的；delusive  欺瞒的；使迷惑的；delusory  迷惑的，困惑的（等于delusive）
mass	/mæs/	adj. 大量的，大规模的 v.  聚集， 集中 n. 众多，大量；团，块，堆；群众；质量	a mass protest	大规模的抗议	同义：piece, concentrated, concentrate	同根：massive  大量的；巨大的，厚重的；魁伟的；massively  大量地；沉重地；庄严地；massif  山丘；断层块；大厦
detect	/dɪˈtɛkt/	vt.  察觉， 发觉； 侦查出	Many forms of cancer can be cured if detected early.	如果发现得早，许多种癌症都可以治愈。	同义：explore	同根：detective  侦探的；detectable  可检测的；可发觉的；detection  侦查，探测；发觉，发现；察觉
update	/,ʌpˈdet/	vt. 更新；使现代化 n.  最新信息	The files need updating.	这些档案需要更新。	同义：renovate, modernization	同根：updating  更新；updating  更新（update的ing形式）
renaissance	/ˈrenəsɑ:ns; ˌrɛnəˈsɑns/	n.  文艺复兴， 文艺复兴时期； 复兴， 再生	...the Renaissance masterpieces in London's galleries.	…伦敦美术馆里文艺复兴时期的杰作。	同义：reconstruction	
poisonous	/ˈpɔɪzənəs/	adj.  有毒的； 恶毒的	Some mushrooms are extremely poisonous.	一些蘑菇有剧毒。	同义：toxic	同根：poison  有毒的；poison  毒药，毒物；酒；有毒害的事物；[助剂] 抑制剂；poisoning  中毒
assistance	/əˈsɪstəns/	n.  协助， 援助	We offer financial assistance to students.	我们向学生提供经济援助。	同义：aid	同根：assistant  辅助的，助理的；有帮助的；assisted  辅助的；assist  帮助；助攻；vi. 参加；出席；vt. 帮助；促进
auction	/ˈɔkʃən/	n&vt.  拍卖	The painting is expected to fetch up to $400,000 at auction.	这幅画预计在拍卖会上能卖到40万美元。	同义：be on sale, public sale	同根：auctioneer  拍卖商；auctioneer  拍卖
propel	/prəˈpɛl/	vt.  推进， 推动； 激励， 驱使	a boat propelled by a small motor	由小马达驱动的小船	同义：stimulate	同根：propellant  推进的；propelling  推进的；propellent  推进的；有推动力的
admit	/ədˈmɪt/	vi.  承认 vt. 承认，供认；准许…进入	‘Okay, so maybe I was a little bit scared,’ Jenny admitted.	“行了，也许我是有点害怕。”珍妮承认道。	同义：accept, accept	同根：admissible  可容许的；可采纳的；可接受的；admissive  认可的；容许的；admittable  具有进入的资格的
uneven	/ʌnˈivən/	adj.  不平坦的， 不平滑的； 不一致的， 不相等的	She walked back carefully over the uneven ground.	她小心翼翼地从凹凸不平的地面上走回来。	同义：odd	同根：unevenly  不均衡地；不平坦地；不平行地；unevenness  不均匀；参差不齐
definition	/,dɛfɪˈnɪʃən/	n.  定义， 释义， 定界； 清晰， 鲜明	a dictionary definition	词典里的释义	同义：difinition	同根：definite  一定的；确切的；defined  有定义的，确定的；清晰的，轮廓分明的；definitive  决定性的；最后的；限定的
mansion	/ˈmænʃən/	n.  大厦， 宅邸	a beautiful country mansion	漂亮的乡村宅第	同义：palace	同根：manse  牧师住宅
mask	/mæsk/	n. 面具，面罩，口罩；伪装 vt.  遮盖， 掩饰	a surgical face mask	外科手术口罩	同义：blind, dissimulate, belie	同根：masked  戴面具的；掩蔽的；masking  掩蔽；隐蔽；masker  戴面具的人
patrol	/pəˈtrol/	v. 巡逻，巡查 n.  巡逻， 巡查； 巡逻兵， 巡逻队	Armed guards patrolled the grounds.	武装卫兵巡逻场地。		同根：patroller  巡逻员
nickel	/ˈnɪkl/	n.  镍； 五分镍币， 五分钱	...a large glass jar filled with pennies, nickels, dimes, and quarters.	…一个装满1分、5分、10分和25分硬币的大玻璃罐。	同义：Ni	
patron	/ˈpetrən/	n.  资助人， 赞助人； 老主顾， 顾客	a wealthy patron	富有的赞助人	同义：guardian	同根：patronage  赞助；光顾；任免权；patroness  女主顾；女资助人；女保护人；patronize  惠顾；资助；保护
entail	/ɪnˈtel/	vt.  使承担； 使成为必要， 需要	A new computer system entails a lot of re-training.	使用新的计算机系统需要大量的再培训。	同义：charge	同根：entailment  （不动产）继承人之限制；需要
inferior	/ɪnˈfɪrɪɚ/	adj. 下等的，劣等的 n.  下级， 下属	I felt very inferior among all those academics.	与那些大学教师在一起，我自惭形秽。	同义：junior, lessness	同根：inferiority  自卑；下属；次等；下部
apply	/əˈplaɪ/	vi. 应用，实施，使用；适用；申请，请求 vt.  涂， 敷， 施	We need to apply for planning permission to build a garage.	我们建车库需要申请规划许可。	同义：put in for, demand	同根：applied  应用的；实用的；applied  应用；实施（apply的过去分词）；敷上
propaganda	/ˈprɑpəˈgændə/	n.  宣传	the spreading of political propaganda	政治宣传的开展	同义：advertisement	同根：propagandistic  宣传的；宣传家的；propagator  宣传者；增殖者；propagate  繁殖；增殖
overlook	/,ovɚˈlʊk/	vt.  忽视； 宽恕； 俯瞰	It is easy to overlook a small detail like that.	那样的小细节很容易被忽略。	同义：forget, inobservancy	
refuge	/ˈrɛfjʊdʒ/	n.  庇护所， 避难处； 庇护	a wildlife refuge	野生动物保护区	同义：haven, get out of	
dramatic	/drəˈmætɪk/	adj.  引人注目的， 激动人心的； 戏剧的	A superb goal by Owen earned United a dramatic victory yesterday.	昨天欧文的一个超级入球为联队赢得了激动人心的胜利。	同义：attractive	同根：dramaturgic  编剧法的，戏剧作法的；演出的；dramatically  戏剧地；引人注目地；drama  戏剧，戏剧艺术；剧本；戏剧性事件
incredible	/ɪnˈkrɛdəbl/	adj.  不能相信的， 不可信的， 难以置信的； 惊人的	It’s incredible that he survived the fall.	他跌下去竟然能够生还，真不可思议。	同义：tremendous	同根：incredibly  难以置信地；非常地；incredibility  不能相信；不可信的事物
certainty	/ˈsɝtnti/	n.  必然的事， 确定的事实； 确信， 确实	The result is impossible to predict with any degree of certainty .	这一结果完全无法确切预测。	同义：very like a whale	同根：certain  某一；必然的；确信；无疑的；有把握的；cert  确实的事情；必然的事情；计算机紧急反应小组；certitude  确信；确实
corrode	/kəˈrod/	v.  腐蚀， 侵蚀	Acidic water will corrode the pipes.	酸性水会腐蚀管子。	同义：hurt, erode	同根：corrosive  腐蚀的；侵蚀性的；corroded  侵蚀的，已被腐蚀的；corroding  腐蚀的
spine	/spaɪn/	n.  脊柱， 脊椎； 刺， 刺毛； 书脊	cactus spines	仙人掌的刺	同义：backbone	同根：spinal  脊髓的；脊柱的；针的；脊骨的；尖刺的；spineless  没有骨气的；无脊椎的；懦弱的；spiny  多刺的；麻烦的；尖刺状的
commend	/kəˈmɛnd/	vt.  称赞， 表扬； 推荐	The paper was highly commended in the UK Press Awards.	该报获得了“英国新闻奖”的高度褒奖。	同义：recommend, speak well of	同根：commendable  值得赞美的；很好的；可推荐的；commendation  推荐；赞扬；奖状
parasite	/ˈpærəsaɪt/	n.  寄生生物； 寄生虫	Kangaroos harbour a vast range of parasites.	袋鼠身上有各种各样的寄生虫。	同义：helminth	同根：parasitic  寄生的（等于parasitical）；parasitism  寄生状态；寄生病
artificial	/,ɑrtɪˈfɪʃl/	adj.  人工的， 人为的； 矫揉造作的； 模拟的	artificial flowers	假花	同义：synthetic	同根：artificially  人工地；人为地；不自然地；artificiality  人工；不自然；不自然之物；人造物
imaginary	/ɪˈmædʒɪnɛri/	adj.  想象中的， 假想的	As she listened, she played an imaginary piano on her knees.	她边听边在膝盖上作弹钢琴状。	同义：fictitious	同根：imaginative  虚构的；富于想像的；有创造力的；imaginable  可能的；可想像的；imaging  成像
formula	/ˈfɔrmjələ/	n.  公式， 式； 原则， 方案； 配方	We’re still searching for a peace formula.	我们仍在寻找和平方案。	同义：criterion	同根：formulaic  公式化的；刻板的；套话堆砌的；formulary  规定的；公式的；药方的；formulation  构想，规划；公式化；简洁陈述
disgust	/dɪsˈɡʌst/	n&vt.  厌恶， 憎恶	He reached into the bin with a look of disgust on his face.	他把手伸进垃圾箱，脸上带着厌恶的表情。	同义：aversion, indispose	同根：disgusting  令人厌恶的；disgusted  厌恶的；厌烦的；disgustful  厌腻的；充满厌恶的
transcend	/trænˈsɛnd/	vt.  超出， 超越范围	The desire for peace transcended political differences.	对和平的渴望超越了政治分歧。	同义：overcome	同根：transcendental  先验的；卓越的，[数] 超越的；超自然的；transcendent  卓越的；超常的；出类拔萃的；transcendentally  直觉的；先验的，超越地
tribute	/ˈtrɪbjut/	n.  颂词， 称赞， 礼物； 贡品	The players wore black armbands as a tribute to their late teammate.	球员们戴着黑纱悼念已故的队友。	同义：gift	
mob	/mɑb/	n. 暴民，乌合之众 vt.  成群围住， 聚众袭击	They were immediately surrounded by the mob.	他们立刻被那帮暴民包围了。	同义：mass, beleaguer	同根：mobbish  暴徒似的；滋扰的；无纪律的；mobster  匪徒；暴徒；mobocracy  暴民统治；暴民
subordinate	/səˈbɔːdɪnɪt (for n. &adj.) ; səˈbɔːdɪˌnet (for v.)/	adj. 下级的，级别低的；次要的，从属的 n.  部属， 下级 vt.  使处于次要地位， 使从属于	a subordinate officer	下级官员	同义：inferior, dependent	同根：submissive  顺从的；服从的；柔顺的；subordinating  连接主句和从句的；从属的；subordinative  表示从属关系的；从属的
trend	/trɛnd/	vi. 伸向，倾向 n.  倾向	The current trend is towards more part-time employment.	当前的趋势是雇用更多的兼职人员。	同义：tendency, verge on	
achievement	/əˈtʃivmənt/	n.  完成； 成就， 成绩	His great achievement is to make all the players into a united team.	他的伟大成就在于把所有选手组织成一支团结的队伍。	同义：effort	同根：achievable  可完成的；可有成就的；做得成的；achieve  达到目的；如愿以偿；achieve  达到；完成
sturdy	/ˈstɝdi/	adj.  强壮的， 结实的， 坚固的； 坚定的， 坚强的	That chair doesn’t look very sturdy.	那把椅子看上去不太结实。	同义：committed	同根：sturdily  坚毅地，坚强地；强壮地；sturdiness  坚固；强健，雄壮
desirable	/dɪˈzaɪərəbl/	adj.  吸引人的， 可取的	The ability to speak a foreign language is highly desirable .	能说一门外语是非常理想的。	同义：satisfying	同根：desired  渴望的；想得到的；desire  欲望；要求，心愿；性欲；desirability  愿望；有利条件；值得向往的事物；合意
consist	/kənˈsɪst/	vi.  由…组成； 在于； 一致	My diet consisted almost exclusively of chocolate-covered cookies and glasses of milk.	我的饮食几乎只包含裹上巧克力的曲奇饼和一杯杯牛奶。	同义：make up	
reliable	/rɪˈlaɪəbl/	adj.  可靠的， 可依赖的	a birth control method that is cheap and reliable	既便宜又可靠的避孕方法	同义：responsible, true-blue	同根：reliably  可靠地；确实地；reliability  可靠性；rely  依靠；信赖
compatible	/kəmˈpætəbl/	adj.  兼容的； 能和睦相处的， 合得来的	The new software is IBM compatible (= can be used with IBM computers ) .	这个新软件与IBM的计算机兼容。		同根：compatibly  适合地；协调地；相互兼容地；compatibility  [计] 兼容性
incentive	/ɪnˈsɛntɪv/	n.  刺激， 鼓励	As an added incentive, there’s a bottle of champagne for the best team.	给最优秀的队发一瓶香槟作为额外的鼓励。	同义：motivation, stimulative	
critic	/ˈkrɪtɪk/	n.  批评家， 爱挑剔的人	Mather was a film critic for many years.	马瑟做过多年的电影评论家。	同义：commenter	同根：critical  鉴定的；[核] 临界的；批评的，爱挑剔的；危险的；决定性的；评论的；critically  精密地；危急地；批评性地；用钻研眼光地；criticism  批评；考证；苛求
preliminary	/prɪˈlɪmɪnɛri/	adj. 预备的，初步的 n.  初步做法， 起始行为	the preliminary stages of the competition	竞赛的预赛阶段	同义：preparation, opening	同根：prelim  预备考试
obstacle	/ˈɑbstəkl/	n.  障碍， 障碍物； 妨害	The tax puts obstacles in the way of companies trying to develop trade overseas.	这项税收为想在海外发展贸易的公司设置了障碍。	同义：interference	
profession	/prəˈfɛʃən/	n.  职业； 公开表示	the medical profession	医学界	同义：employment	同根：professional  专业的；职业的；职业性的；professed  声称的；公开承认的；伪称的；professionally  专业地；内行地
van	/væn/	n.  大篷车， 运货车	a delivery van	运货车	同义：vanguard	
dizzy	/ˈdɪzi/	adj. 头晕目眩的，眩晕的；头晕的 vt.  令人发晕	The heat and the champagne made him feel dizzy .	高温和香槟酒使他感到眩晕。	同义：swimming, cloud	同根：dizzily  使人眼花地；头昏眼花地；dizziness  头晕；头昏眼花
resemblance	/rɪˈzɛmbləns/	n.  相似， 形似	There was a remarkable resemblance between him and Pete.	他和皮特有一个惊人的相似之处。	同义：image	同根：resemble  类似，像
exceptional	/ɪkˈsɛpʃənl/	adj.  优越的， 杰出的； 例外的， 独特的， 异常的	an exceptional student	出类拔萃的学生	同义：novel	同根：exceptionally  异常地；特殊地；例外地；except  除了；要不是；exception  例外；异议
constitute	/ˈkɑnstətut/	vt.  组成， 形成； 设立； 任命	We must redefine what constitutes a family.	我们必须对家庭的构成重新定义。	同义：install	同根：constituent  构成的；选举的；constitutive  基本的；本质的；制定的；构成分子的；constitution  宪法；体质；章程；构造
cherish	/ˈtʃɛrɪʃ/	vt.  珍爱， 珍视； 爱护， 抚育； 抱有， 怀有	He cherished his privacy.	他很注重自己的隐私。	同义：treasure	
discrepancy	/dɪsˈkrɛpənsi/	n.  不符合， 不一致	A modification of the common-origin theory accounts for the density discrepancy .	关于共同起源的理论，有一种改进的论点解释了密度的不符。	同义：conflict	同根：discrepant  有差异的；相差的；矛盾的
spectrum	/ˈspɛktrəm/	n.  谱， 光谱， 频谱； 范围， 幅度， 系列	The two articles here represent opposite ends of the spectrum .	这里的两篇文章代表了两个极端的观点。	同义：extent	同根：spectroscopic  光谱学的；分光镜的；spectrographic  光谱的；spectrometric  光谱测定的；度谱的；分光仪的；能谱仪的
convince	/kənˈvɪns/	vt.  使确信， 使信服， 说服	Her arguments didn’t convince everyone, but changes were made.	她的论点不能说服每个人，但还是引起了一些变化。	同义：assure	同根：convinced  确信的；深信的；convincing  令人信服的；有说服力的；convincible  可使信服的；可说服的
prolong	/prəˈlɑːŋ/	vt.  延长， 拉长， 拖延	I was trying to think of some way to prolong the conversation.	我在想方设法拖长这次谈话。	同义：drag on	同根：prolonged  延长的；拖延的；持续很久的；prolongation  延伸；延长部分；[经] 延期
missionary	/ˈmɪʃənɛri/	n.  传教士	My mother would still like me to be a missionary in Africa.	我母亲还是想让我在非洲做一名传教士。	同义：Boanerges	同根：mission  使命，任务；代表团；布道；missioner  传教士，教区传教士；mission  派遣；向……传教
terminate	/ˈtɝmɪnet/	v.  停止， 终止	The court ruled that the contract must be terminated.	法庭裁决该合同必须终止。	同义：fulfill, result, ended	同根：terminated  终止的；有限的；terminable  可终止的；有期限的；terminative  终结的；决定的；结尾的；限定的
valve	/vælv/	n.  阀， 活门； 瓣膜， 活瓣	heart valves	心脏瓣膜	同义：depression tube	同根：valved  装有阀的；valved  装阀于…（valve的过去分词）
refund	/ˈrifʌnd/	n.  退款 vt.  退还	They refused to give me a refund .	他们拒绝给我退款。	同义：return, replace, payment	
remnant	/ˈrɛmnənt/	n.  残留部分	Beneath the present church were remnants of Roman flooring.	在目前的这座教堂下面还有残余的古罗马地板。	同义：surplus, remaining	
internal	/ɪnˈtɝnl/	adj.  内的， 国内的； 内心的	We have no interest in interfering in the internal affairs of other countries.	我们对干涉其他国家内政不感兴趣。	同义：inner	同根：internally  内部地；国内地；内在地；intern  实习生，实习医师；internalization  内在化；成为主观
literary	/lɪtərɛri/	adj.  文学的； 文人的， 书卷气的	a literary prize	文学奖	同义：written	同根：literate  受过教育的；精通文学的；literature  文学；文献；文艺；著作；literacy  读写能力；精通文学
classical	/ˈklæsɪkl/	adj.  古典的， 经典的	the classical theory of relativity	经典相对论	同义：traditional, classic music	同根：classic  经典的；古典的，传统的；最优秀的；classically  拟古地；古典主义地；classic  名著；经典著作；大艺术家
privilege	/ˈprɪvəlɪdʒ/	n.  特权； 优惠	He had no special privileges and was treated just like every other prisoner.	他不享受特权，待遇和任何其他犯人一样。	同义：franchise	同根：privileged  享有特权的；有特别恩典的；privileged  给予…特权；免除（privilege的过去分词）
substitute	/ˈsʌbstɪtut/	n. 代替人，代用品 vt.  用…代替	Germany brought on a substitute at half time.	德国队在比赛半场时换上一名替补队员。	同义：replacement, supply, replace	同根：substitutable  可替换的；substitution  代替；[数] 置换；代替物；substituting  取代；代入
mortgage	/ˈmɔrɡɪdʒ/	n. 抵押，抵押借款 vt.  抵押	Your building society or bank will help arrange a mortgage.	你加入的购房互助协会或银行将会给你安排抵押贷款。	同义：hold in pledge, hypothecation	同根：mortgagee  [会计] 承受抵押人；押入者贷款人；mortgagor  抵押人（等于mortgager）
blaze	/blez/	vi. 熊熊燃烧，着火；发光，放光彩；迸发，爆发 n.  火焰， 烈火； 光辉， 强烈的光； 迸发， 爆发； 灿烂， 炫耀	The room was warm, with a fire blazing in the hearth.	房间里暖融融的，壁炉里的火熊熊燃烧。	同义：tell the world, flame, burn	同根：blazing  燃烧的；强烈的；闪耀的；blazing  非常；blazer  燃烧体；宣布者；颜色鲜明的运动上衣
moreover	/mɔrˈovɚ/	adv.  而且， 再者， 此外	The rent is reasonable and, moreover, the location is perfect.	租金合理，而且位置也非常好。	同义：besides	同根：more  更多的；附加的；more  更多；此外；更大程度地；more  更多
scatter	/ˈskætɚ/	vt.  撒， 散播； 使散开， 驱散	The sound of gunfire made the crowd scatter in all directions.	枪声使人群四散奔逃。	同义：spread around, disject, dissemination	同根：scattered  分散的；散乱的；scattering  分散的；scattershot  漫无目标的；任意的
violate	/ˈvaɪəlet/	vt.  违反， 违背； 亵渎； 侵犯， 妨碍	34 protesters were arrested for violating criminal law.	34名抗议者因违反刑法而被逮捕。	同义：let	同根：violable  易受侵犯的；可亵渎的；可违反的；violative  违犯的；违背的；违反的；violation  违反；妨碍，侵害；违背；强奸
federal	/ˈfɛdərəl/	adj.  联邦的， 联盟的	Switzerland is a federal republic.	瑞士是一个联邦共和国。	同义：confederal	同根：federalist  （支持）联邦党人的；联邦制的；federate  同盟的；联邦制度下的；联合的；federated  联邦的；联合的；结成同盟的
verify	/ˈvɛrɪfaɪ/	vt.  证实， 查证， 证明	His statement was verified by several witnesses.	他的说法得到了几位证人的证实。	同义：touch bottom	同根：verified  已查清的，已证实的；verifiable  可证实的；能作证的；可检验的；verification  确认，查证；核实
excursion	/ɪkˈskɝʒn/	n.  远足， 短途旅行	a shopping excursion	购物游	同义：skewing	
inaugurate	/ɪˈnɔɡjəret/	vt.  开始， 开展； 为…举行就职典礼； 为…举行开幕式， 为…举行落成仪式	The Turner Prize was inaugurated in 1984.	特纳奖于1984年正式设立。	同义：pioneer	同根：inaugural  开始的；开幕的；就任的，就职的；inaugural  就职演讲；开幕辞；inauguration  就职典礼；开始，开创；开幕式
undergo	/,ʌndɚˈɡo/	vt.  经历； 经受， 忍受	The country has undergone massive changes recently.	这个国家最近经历了巨大的变化。	同义：experience	
reward	/rɪˈwɔrd/	n. 报答，奖赏；报酬，酬金 vt.  报答， 酬谢， 奖励	The school has a system of rewards and punishments to encourage good behaviour.	学校有奖惩制度以鼓励良好行为。	同义：compensation, put a premium on	同根：rewarding  有益的，值得的；有报酬的，报答的；rewardful  有报酬的；有酬劳的
graze	/ɡrez/	vi. 吃青草 vt. 放牧；擦伤；擦过，掠过 n.  擦破	fields where they used to graze their sheep	他们过去放羊的田野	同义：grass, brush burn, pasturage	同根：grazed  擦破的；grazing  放牧；牧草；grazier  放牧人；畜牧业者；牧场主
coupon	/ˈkupɑn/	n.  礼券， 优惠券； 配给券， 票证	The coupon entitles you to ten cents off your next purchase.	这张优惠券可以让你在下次购物时节省10分钱。	同义：Oakley	
multitude	/ˈmʌltɪˌtud, -ˌtjud/	n.  大量， 许多； 大众， 民众	Political power has been placed in the hands of the multitude.	政治权力已交到民众手中。	同义：majority	
inhabit	/ɪnˈhæbɪt/	vt.  居住于， 栖居于	The woods are inhabited by many wild animals.	很多野生动物栖居在这片森林里。	同义：people, belong	同根：inhabited  有人居住的；inhabitable  适于居住的；可居住的，可栖居的；inhabitant  居民；居住者
siege	/sidʒ/	n.  包围， 围困	The siege lasted almost four months.	这次封锁历时近四个月。	同义：besiegement, invest	
agenda	/əˈdʒɛndə/	n.  议程	The Republicans have stuck to their conservative agenda.	共和党人坚持自己的保守议题。		
degenerate	/dɪˈdʒɛnəret/	vi. 衰退，堕落，蜕化 adj. 衰退的，堕落的 n.  堕落者	Inactivity can make your joints stiff, and the bones may begin to degenerate.	不活动会使关节僵硬，骨骼因此可能会开始退化。	同义：go ill, go to seed, fallen, lost souls	同根：degenerative  退化的；变质的；退步的；degeneration  退化；[医] 变性；堕落；恶化；degeneracy  退化；[物] 简并；堕落；退步
nurture	/ˈnɝtʃɚ/	n&vt.  养育， 培育， 滋养	plants nurtured in the greenhouse	在温室里培育的植物	同义：encourage, nursing	同根：nurturant  抚育的；抚养的；nursing  护理；看护；养育；nurturance  养成；教育；培养（形容词nurturant）；养育
destructive	/dɪˈstrʌktɪv/	adj.  破坏的， 毁灭的	the destructive power of modern weapons	现代武器的破坏力	同义：harmful	同根：destructible  可破坏的；易损坏的；destructively  破坏地；狼狈地；destruction  破坏，毁灭；摧毁
appearance	/əˈpɪrəns/	n.  出现， 来到； 外观	He was always criticising his wife’s appearance.	他老是批评妻子的外表。	同义：occurrence	同根：appear  出现；显得；似乎；出庭
culture	/ˈkʌltʃɚ/	n.  文化， 文明； 教养； 培养； 培养菌	We speak Danish at home so that the boys don’t lose touch with their language and culture.	我们在家说丹麦语，这样男孩子们就不会脱离他们的语言和文化。	同义：civilization, rear	同根：cultural  文化的；教养的；cultured  有教养的；人工培养的；讲究的；culturally  从文化角度，文化意义上；在人文学方面
paternity	/pəˈtɝnəti/	n.  父权， 父子关系	The paternity of the child is in dispute.	这个孩子的生父是谁尚有疑问。	同义：patriline	
hasty	/ˈhesti/	adj.  草率的， 轻率的； 急速的， 匆忙的， 仓促完成的	He soon regretted his hasty decision.	他很快就对自己仓促作出的决定感到后悔了。	同义：brief	同根：hastily  匆忙地；急速地；慌忙地；haste  匆忙；急忙；轻率；hastiness  轻率；性急；仓促
fake	/feɪk/	adj. 假的，伪造的 n. 假货；骗子 vt.  伪造， 捏造； 伪装	fake fur	人造毛皮		同根：fakery  伪造；假货；faker  摊贩；骗子；伪造者，伪装者
span	/spæn/	n. 跨距，一段时间 vt.  持续， 贯穿， 包括； 横跨， 跨越	It’ll be difficult to hire that many new staff in such a short time span .	在这么短的时间里要想招聘到那么多新员工是很难的。	同义：extent, stride leap	同根：spanner  扳手；螺丝扳手；测量器；用手掌量的人
escort	/ˈeskɔːrt/	n. 护卫者，护送者 vt.  护送， 护卫	a police escort	警察护卫队	同义：guard, accompany vt.	
bizarre	/bɪˈzɑr/	adj.  奇形怪状的， 怪诞的	a bizarre coincidence	奇怪的巧合	同义：fantastic	
existence	/ɪɡˈzɪstəns/	n.  存在， 实在； 生存	Scientists have many theories about how the universe first came into existence (= started to exist ).	关于宇宙的起源，科学家有多种理论。	同义：presence	同根：existing  目前的；现存的；existent  存在的；生存的；existential  存在主义的；有关存在的；存在判断的
threshold	/ˈθrɛʃhold/	n.  门槛， 门口； 入门， 开端， 起始点	She opened the door and stepped across the threshold.	她打开门，跨过门槛。	同义：entry	
float	/flot/	v.  浮动， 漂浮， 飘动	I looked up at the clouds floating in the sky.	我仰望着天上的浮云。	同义：execute, fan, drift	同根：floating  流动的；漂浮的，浮动的；floaty  吃水浅的；能浮起的；floatation  [物化] 浮选；漂浮性
minority	/maɪˈnɔrəti/	n.  少数； 少数民族	Gaelic is still spoken in Ireland by a tiny minority.	爱尔兰仍有极少数人在说盖尔语。	同义：ethnic minorities	同根：minor  未成年的；次要的；较小的；小调的；二流的；minor  未成年人；小调；副修科目；minor  副修
axis	/ˈæksɪs/	n.  轴， 轴线， 中心线； 坐标轴， 基准线	The Earth rotates on an axis between the north and south poles.	地球绕着南北两极之间的地轴自转。	同义：sheft	
pole	/pol/	n.  杆； 极， 磁极， 电极	a telephone pole	电话线杆	同义：electrode	同根：poler  辕马；撑船者
preferable	/ˈprɛfrəbl/	adj.  更可取的， 更好的， 更合意的	For this dish, fresh herbs and garlic are preferable.	做这道菜，用新鲜香草和大蒜更好。	同义：Mair	同根：preferably  较好；宁可，宁愿；更适宜；prefer  喜欢；愿意；prefer  更喜欢；宁愿；提出；提升
reference	/ˈrɛfrəns/	n.  提到， 论及； 参考， 查阅； 引文； 参考书目； 证明书， 推荐信	Keep their price list on file for future reference (= so that it can be looked at in the future ) .	将他们的价目表存档，以供日后参考。	同义：involved in, quote, cite	同根：referenced  引用的，参考的；referential  指示的；用作参考的；referable  可归因于…；可参考的；可交付的；可涉及的
spite	/spaɪt/	n. 恶意，怨恨；不顾 vt.  刁难， 欺侮	We went out in spite of the rain.	尽管下着雨，我们还是出去了。	同义：regardless of, make a difficulty	同根：spiteful  怀恨的，恶意的；spitefully  怀恨地；怀有恶意地；spitefulness  怀恨在心；充满恶意
defendant	/dɪˈfɛndənt/	n.  被告	We find the defendant not guilty.	我们裁定被告无罪。	同义：justificatory, accused person	同根：defensible  可防御的；可辩护的；可拥护的；defender  防卫者，守卫者；辩护者；拥护者；卫冕者；defend  保卫；防守
arrange	/əˈrendʒ/	v.  安排， 准备； 整理	Contact your local branch to arrange an appointment.	请联络当地分部安排预约。	同义：schedule, place in	同根：arranged  安排的；arrangement  布置；整理；准备；arranged  安排；计划；准备（arrange的过去式和过去分词）
olive	/ˈɑlɪv/	n.  橄榄， 橄榄树	an olive grove	一片橄榄树林	同义：Olive Tree	同根：olivine  [矿物] 橄榄石；黄绿；olivenite  [矿物] 橄榄铜矿
coarse	/kɔrs/	adj.  粗的， 粗糙的； 粗劣的； 粗俗的	a jacket of coarse wool	粗羊毛夹克衫	同义：crude	同根：coarsely  粗糙地；鄙俗地；粗俗地；coarseness  粗；粗糙；劣等；coarsen  变粗糙；变粗俗
exaggerate	/ɪɡˈzædʒəret/	v.  夸大， 夸张	I couldn’t sleep for three days – I’m not exaggerating.	我三天没睡觉了——一点不夸张。	同义：enlarge, put it on	同根：exaggerated  夸张的，言过其实的；exaggeratedly  夸张地；exaggeration  夸张；夸大之词；夸张的手法
streamline	/ˈstrimlaɪn/	vt.  使成流线型； 精简， 使效率更高	efforts to streamline the production process	简化生产过程的努力	同义：flowline, faired	同根：streamlined  流线型的；改进的；最新型的；streamliner  流线型火车；streamlined  使成流线型；使合理化（streamline的过去式和过去分词）
imply	/ɪmˈplai/	vt.  暗示， 意指	an implied threat	隐含的威胁	同义：mean	同根：implied  含蓄的；暗指的；implied  暗示；意味（imply的过去式）
offset	/,ɔfˈsɛt/	vt.  补偿， 抵消	Cuts in food prices will be offset by direct payments to farmers.	食品降价将通过直接付款给农民的方式进行补偿。	同义：compensation, kill	
commitment	/kəˈmɪtmənt/	n.  承诺， 许诺， 保证； 信奉， 献身； 承担的义务	Are you ready to make a long-term commitment ?	你是否准备好作出长久的承诺？	同义：assurance	同根：committed  坚定的；效忠的；承担义务的；commissioned  受委任的，受任命的；服役的，现役的；commission  委员会；佣金；犯；委任；委任状
cavity	/ˈkævəti/	n.  洞， 穴， 凹处； 龋洞	...a cavity in the roof.	…屋顶的一个洞。	同义：recession	同根：cave  洞穴，窑洞；cavern  洞穴；凹处；cave  凹陷，塌落；投降
coward	/ˈkaʊɚd/	n.  胆小鬼， 懦夫	Try it. Don’t be such a coward.	试一下，别那么胆小。	同义：chicken, timid	同根：cowardly  怯懦的，懦弱的；胆小的；cowardly  胆怯地；cowardliness  胆怯；懦弱
fossil	/ˈfɑsl/	n.  化石； 食古不化的人， 老顽固	fossils of early reptiles	早期爬行动物的化石	同义：petrification, banal	同根：fossilized  石化的；僵化的；老化的；fossiliferous  含有化石的；fossilization  石化；僵化
poke	/pok/	vi. 伸出，突出 vt. 戳，捅；用…戳，把…戳向；伸出，突出 n.  戳， 捅	One of the nurses poked her head around the door.	其中一名护士从门里探出头来。	同义：moon, stick, soldier	同根：poker  拨火棍；纸牌戏；（用棍）戳的人；poker  烙制
rejection	/rɪˈdʒɛkʃən/	n.  拒绝	They sent me a rejection letter.	他们给我发了一封回绝信。	同义：refusal	同根：rejective  拒绝的；排斥的；reject  被弃之物或人；次品；reject  拒绝；排斥；抵制；丢弃
fixture	/ˈfɪkstʃɚ/	n.  固定装置； 固定在某位置的人	light fixtures	照明设备	同义：equipment	同根：fixed  固执的；<美口>处境...的；准备好的；确定的；fixative  固定的；定色的；防挥发的；fixedly  固定地；不动，不变
manufacture	/ˈmænjəˈfæktʃɚ/	vt. 制造，加工 n.  制造， 制造业	the company that manufactured the drug	生产这种药的公司	同义：machining, process	同根：manufactured  制造的，已制成的；manufacturer  制造商；[经] 厂商；manufactory  制造厂，工厂
collision	/kəˈlɪʒən/	n.  碰撞； 冲突， 抵触	Two people were killed in a head-on collision (= between two vehicles that are moving directly towards each other ) on highway 218.	218号公路上有两辆汽车迎面相撞，两人死亡。	同义：interference	同根：collisional  碰撞引起的；collisionless  无碰撞的；collide  碰撞；抵触，冲突
sequence	/ˈsikwəns/	n.  连续， 接续， 一连串； 次序， 顺序	Be careful to perform the actions in the correct sequence .	注意要按正确的顺序来完成动作。	同义：order	同根：sequential  连续的；相继的；有顺序的；sequent  连续的；其次的；作为结果而产生的；sequent  结果；相继发生的事
recruit	/rɪˈkrut/	vt.  招募， 吸收	We’re having difficulty recruiting enough qualified staff.	我们难以招聘到足够的合格职员。	同义：hands wanted, supply, be cured of	同根：recruitment  补充；征募新兵；recruiter  招聘人员，征兵人员
provision	/prəˈvɪʒn/	n.  供应； 准备， 预备； 条款， 规定； 给养， 口粮	He made provisions for his wife and his children in his will.	在遗嘱里他为妻子和孩子都做好了安排。	同义：item	同根：provisional  临时的，暂时的；暂定的；provisional  临时邮票；provider  供应者；养家者
calorie	/ˈkæləri/	n.  大卡； 卡	A potato has about 90 calories.	一个马铃薯大约有90卡路里的热量。		
slogan	/ˈslogən/	n.  标语， 口号； 广告语	an advertising slogan	一句广告口号	同义：banner	同根：sloganeer  标语口号作者；sloganeer  使用标语口号；大量使用标语
invariably	/ɪnˈvɛrɪəbli/	adv.  不变地， 始终如一地， 总是	It invariably rains when I go there.	我每次去那儿都下雨。	同义：always	同根：invariant  不变的；invariable  不变的；常数的；invariant  [数] 不变量；[计] 不变式
tract	/trækt/	n.  传单， 小册子； 大片	vast tracts of woodland	大片大片的林地	同义：zone	
configuration	/kən,fɪɡjəˈreʃən/	n.  配置， 布局， 构造	...Stonehenge, in southwestern England, an ancient configuration of giant stones.	…史前巨石柱群，位于英国西南部，是一座古代巨石阵列。	同义：allocation	同根：configured  配置；配置的，组态的；configurational  结构的；构形的；外形的；组态的；configured  使…成形；按特定形式装配（configure的过去分词）
mercury		n.  水银， 汞	He said that all metals were composed of mercury and sulphur in different proportions .	他说一切金属都是由水银和硫黄按不同比例构成的。	同义：energy	同根：mercurial  水银的；水星的；墨丘利神的；雄辩机智的；活泼善变的；mercuric  [无化] 汞的；水银的；mercurous  水银的；[无化] 亚汞的；含水银的
frequent	/ˈfrikwənt/	adj.  时常发生的， 常见的	Trains rushed past at frequent intervals .	火车频频驶过。	同义：confirmed, resort to	同根：frequently  频繁地，经常地；时常，屡次；frequency  频率；频繁；frequenter  常客；常常来访者
chunk	/tʃʌŋk/	n.  厚片， 大块； 相当大的部分	ice chunks	大冰块	同义：bulk	同根：chunky  矮胖的；粗短的；厚实的
interact	/,ɪntɚˈækt/	vi.  相互作用， 相互影响	While the other children interacted and played together, Ted ignored them.	当其他孩子们相互交往、一起玩耍时，泰德却不理他们。	同义：entr'acte	同根：interactive  交互式的；相互作用的；interactional  相互作用的；interaction  相互作用；[数] 交互作用
commonplace	/ˈkɑmənˈples/	adj. 普通的，平庸的 n.  寻常的事物， 平庸的东西	Car thefts are commonplace in this part of town.	镇上的这个地段盗车案屡见不鲜。	同义：truism, ordinary	同根：commonly  一般地；通常地；普通地；commonness  共性；平凡
aggregate	/ˈæɡrɪɡət; (for v.) æɡrɪˌɡet/	adj.  总计的， 合计的 n. 总数，合计 vt.  总计达， 合计； 使聚集， 使积聚	an increase in the aggregate production	总产量的增长	同义：amount, assemble, collective, collective	同根：aggregated  聚合的；合计的；aggregative  集合的；集团的，集体的；aggregation  [地质][数] 聚合，聚集；聚集体，集合体
seemingly	/ˈsimɪŋli/	adv.  表面上， 看上去	seemingly unrelated bits of information	似乎互不相关的零星信息		同根：seeming  表面上的；seeming  外观；seem  似乎；像是；装作
attendant	/əˈtɛndənt/	adj.  伴随的， 随之产生的 n. 服务人员，侍者，随从	a car park attendant	停车场的服务员	同义：accompanied, waiter	同根：attendance  出席；到场；出席人数；attend  出席；致力于；照料；照顾；attend  出席；上（大学等）；照料；招待；陪伴
array	/əˈre/	n. 展示；陈列，一系列；排列，队形；衣服，盛装；	a bewildering array of options	一大堆眼花缭乱的选择	同义：series of, dress oneself	
parameter	/pəˈræmɪtɚ/	n.  界限， 范围； 参数	The inquiry has to stay within the parameters laid down by Congress.	调查必须局限于国会设定的范围之内。	同义：coefficient	同根：parametric  [数][物] 参数的；[数][物] 参量的
extinct	/ɪkˈstɪŋkt/	adj.  灭绝的， 绝种的； 不再活跃的， 熄灭了的， 已废弃的	Dinosaurs have been extinct for millions of years.	恐龙已灭绝数千万年了。	同义：out	同根：extinguishable  可熄灭的；可灭绝的；extinction  消失；消灭；废止；extinguisher  灭火器；消灭者；熄灭者
discriminate	/dɪˈskrɪmɪnet/	vi.  区别， 辨别； 有差别地对待， 歧视	He is incapable of discriminating between a good idea and a terrible one.	他没能力在一个好主意和一个坏主意之间进行区分。	同义：tell from, tell from	同根：discriminatory  有辨识力的；差别对待的；discriminating  识别的；有差别的；有识别力的；discriminative  区别的，歧视的；有识别力的
opaque	/oˈpek/	adj.  不透明的， 不透光的； 难理解的， 晦涩的	a shower with an opaque glass door	装有不透明玻璃门的淋浴间	同义：slow, devitrify	同根：opaquely  无光泽地；不透明地；opaqueness  不透明性
repay	/riˈpɛi/	vt.  归还； 报答	I’d like to buy them something to repay all their kindness.	我想给他们买点东西来报答他们的好意。	同义：return, get back on	同根：repayable  可偿还的；可报复的；repayment  偿还；[金融] 付还
monetary	/ˈmʌnɪtɛri/	adj.  钱的， 货币的； 金融的	the government’s tight monetary policy	政府从紧的货币政策	同义：financial	同根：monetarist  货币主义的；以货币为基础的；money  钱；货币；财富；monetarism  货币主义
grave	/ɡrev/	adj.  严重的， 严肃的 n. 坟墓	Matthew’s life is in grave danger .	马修的生命危在旦夕。	同义：important, death, brand	同根：graven  不可磨灭的，铭记在心的；雕刻的；gravely  严重地；严肃地；严峻地；沉重地；gravity  重力，地心引力；严重性；庄严
advantage	/ədˈvæntɪdʒ/	n.  优点， 优势； 好处	Younger workers tend to be at an advantage (=  have an advantage  ) when applying for jobs.	年轻点的工人申请工作时往往处于优势地位。	同义：behalf, gain, favor of	同根：advantageous  有利的；有益的；advantaged  得天独厚的；有利的；占有利位置的；advantageously  有利地；方便地；有助地
command	/kəˈmænd/	n&vt.  命令， 指挥； 控制	By 1944, Fletcher had command of a B-17 bomber and a ten-man crew.	到1944年，弗莱彻已负责指挥一架B-17轰炸机和十名机组人员。	同义：order, require, instruction	同根：commanding  指挥的；居高临下的；威风凛凛的；commander  指挥官；司令官；commandment  戒律；法令
compulsory	/kəmˈpʌlsərɪ/	adj.  必须做的， 强制性的； 必修的	He believes that the study of history should be compulsory in school.	他认为在学校里学习历史应该是强制性的。	同义：required, required routine	同根：compulsive  强制的；强迫的；compulsively  强制地，强迫地；compulsorily  强制地；强迫地；必须地
performance	/pɚˈfɔrməns/	n.  演出； 履行， 执行， 完成； 工作情况， 表现， 工作性能	This evening’s performance will begin at 8.00 pm.	今晚的演出8点开始。	同义：property	同根：performing  表演的；履行的；performing  表演（perform的ing形式）；履行；perform  执行，机器运转；表演
serial	/ˈsɪrɪəl/	adj.  连续的， 顺序排列的 n. 连续剧，连载故事	Keep the questions in the same serial order .	让这些问题保持原来的顺序。	同义：continuing, TV series	同根：seriatim  逐一的，依次的；连续的；serially  连续地；连载地；seriatim  逐一地，依次地；连续地
slash	/slæʃ/	vt. 砍；大幅度削减 n.  砍， 砍痕； 斜线号	Someone had slashed the tires.	有人把轮胎割破了。	同义：hide, pick apart, cut	同根：slashing  猛烈的；严厉的；冲劲十足的；巨大的；slashing  猛砍；鞭打；slasher  断木机；刀；乱砍者；血淋淋的恐怖片
fabricate	/ˈfæbrɪket/	vt.  捏造， 伪造， 编造； 建造	The police were accused of fabricating evidence.	警方被控捏造证据。	同义：manufacture	同根：fabricated  焊接的；组合的，装配式的；fabric  织物；布；组织；构造；建筑物；fabrication  制造，建造；装配；伪造物
comic	/ˈkɑmɪk/	adj. 喜剧的，滑稽的 n.  连环漫画； 喜剧演员	a comic novel	滑稽小说	同义：colorful, funny	同根：comical  滑稽的，好笑的；comically  滑稽地；诙谐地；comicality  诙谐；滑稽
perfection	/pɚˈfɛkʃən/	n.  完美， 完善	My father expected perfection from all of us.	父亲期望我们都尽善尽美。	同义：finish	同根：perfect  完美的；最好的；精通的；perfectible  可完成的；可使完美的；perfective  完成的；完成式的
vague	/veɡ/	adj.  不明确的； 含糊的； 暧昧的	The governor gave only a vague outline of his tax plan.	州长只是含糊地大致说了一下他的税务计划。	同义：fuzzy	同根：vaguely  含糊地；暧昧地；茫然地；vagueness  模糊；含糊；暧昧；茫然
pope	/pop/	n.  教皇， 罗马主教	The highlight of the pope's visit will be his message to the people.	教皇访问的亮点是，他将给人们传达训诫。	同义：authority	同根：popish  天主教的；教皇制度的；popery  罗马天主教
exception	/ɪkˈsɛpʃən/	n.  例外， 除外	It’s been cold, but today’s an exception.	天气一直寒冷，但今天是个例外。	同义：dissention	同根：exceptional  异常的，例外的；exceptionable  可反对的；可抗议的；引起反感的；exceptionally  异常地；特殊地；例外地
ego	/ˈiɡo/	n.  自我， 自己， 自尊	That promotion really boosted her ego (= made her feel better about herself ).	那次晋升确实增强了她的自信心。	同义：me	同根：egocentric  [心理] 自我中心的；利己主义的；egoistic  自私自利的，自我中心的；egoistical  自私自利的；自我中心的；利已主义的
urge	/ɝdʒ/	vt. 鼓励；推进，催促；竭力主张，强烈要求 n.  冲动， 强烈的欲望	The charity urged quick action.	慈善机构敦促迅速采取行动。	同义：crowd, impulse, scream for	同根：urgently  迫切地；紧急地；急切地；urgency  紧急；催促；紧急的事
spouse	/spaʊs/	n.  配偶	Spouses were invited to the company picnic.	配偶受到邀请参加公司的野餐会。	同义：mateship	同根：spousal  结婚的；spousal  婚礼；结婚仪式
score	/skɔ/	n. 得分，比数，成绩；二十 vt.  分， 给…打分； 画线于； 获胜	At half-time the score was one all.	半场时的比分是一比一。	同义：marks, acquire, bull point	同根：scoring  得分的；scoreless  没得分的；scoring  得分；刻痕；总谱
isle	/aɪl/	n.  小岛， 岛	the British Isles	不列颠群岛	同义：island	
enclosure	/ɪnˈkloʒɚ/	n.  四周有篱笆的场地， 围场； 附件	the bear enclosure at the zoo	动物园中的熊园	同义：attachment	同根：enclosed  被附上的；与世隔绝的；enclosed  附上（enclose的过去式和过去分词）；enclose  围绕；装入；放入封套
graduate	/ˈɡrædʒuˌet/	adj.  研究生的 v.  毕业 n. 毕业生；研究生	a graduate student	研究生	同义：shadow, postgraduate, school-leaving	同根：graduated  累进的；分等级的；毕了业的；为毕业生设立的；graded  分等级的；按年级分的；gradational  有等级的；渐次的
famine	/ˈfæmɪn/	n.  饥荒； 严重的缺乏	the great potato famine in Ireland	爱尔兰严重的土豆荒	同义：hunger	同根：famished  极饥饿的；famished  使饥饿（famish的过去式）
quota	/ˈkwotə/	n.  定额， 限额， 配额	The government has decided to scrap quotas on car imports.	政府决定取消汽车进口配额。	同义：norm	
unanimous	/jʊˈnænəməs/	adj.  全体一致的， 一致同意的	It was decided by a unanimous vote that the school should close.	关闭学校是大家一致通过的决定。	同义：unobjectionable	同根：unanimously  全体一致地；unanimity  同意，全体一致
scorn	/skɔrn/	n. 轻蔑，鄙视 vt.  轻蔑， 鄙视； 拒绝， 不屑	Researchers greeted the proposal with scorn.	研究者们对这个提议报以轻蔑的态度。	同义：floccinaucinihilipilification, spurn at, flout	同根：scornful  轻蔑的；scornfully  轻蔑地；藐视地；scorner  轻蔑者；藐视者；嘲笑者
thermal	/ˈθɝml/	adj.  热的， 由热造成的； 保暖的	thermal energy	热能	同义：hot	同根：thermic  热的；由热造成的；热量的；thermally  热地；用热的方法
sulfur	/ˈsʌlfɚ/	n.  硫	She knelt down, hands on the thighs, breathe in the smell of sulfur.	她跪了下来，双手放在大腿上，吸进了硫磺的气味。	同义：sulphur, sulphur	同根：sulfuric  硫磺的；含多量硫磺的；含（六价）硫的；sulfuretted  含硫磺的；被硫化的；sulfurous  硫磺的；含有硫磺的
visual	/ˈvɪʒʊəl/	adj.  看的， 视觉的	Artists translate their ideas into visual images.	画家把自己的思想转换成视觉画面。	同义：optical	同根：vision  视力；美景；眼力；幻象；想象力；visualizer  视觉型的人；观察仪；想像者；vision  想象；显现；梦见
terrain	/tɛˈren/	n.  地形， 地势	rocky terrain	多石的地形	同义：domain	
grief	/ɡrif/	n.  悲伤， 悲痛； 悲伤的事， 悲痛的缘由	Every change in our lives brings with it griefs.	我们生活当中的每一个变化都有让人伤心的一面。	同义：disaster	同根：grieve  悲痛，哀悼；grieve  使悲伤，使苦恼
rap	/ræp/	vi. 说唱 vt. 敲击，急敲；突然厉声说出；责备，训斥 n.  敲击， 急敲	‘Come on,’ he rapped impatiently.	“得了吧。”他不耐烦地厉声说道。	同义：tap, strike, bob	同根：rapper  敲门者；叩击物
upgrade	/,ʌpˈɡred/	vt. 提升，使升级 n.  向上的斜坡	Helicopters have been upgraded and modernized.	直升机已经升级并且装上现代化设备。	同义：promote, rise, upward	
instruct	/ɪnˈstrʌkt/	vt.  教， 指示； 通知； 教育	Eva went straight to the hotel, as instructed (= as she had been told ).	伊娃按照指示径直去了宾馆。	同义：require	同根：instructive  有益的；教育性的；instructional  教学的；指导的，教育的；instructively  有益地；教育地
appendix	/əˈpɛndɪks/	n.  阑尾； 附录	Christine had to go into hospital to have her appendix out (=  have it removed  ) .	克里丝蒂娜不得不去医院切除阑尾。	同义：supplement	同根：appendant  附属的；附加的；appendectomy  [外科] 阑尾切除术；appendant  附属物；附属品
virtually	/ˈvɜrtʃuəli/	adv.  事实上， 实质上	Virtually all cooking was done over coal-fired ranges.	事实上所有的烹饪都是在烧煤的炉灶上完成的。	同义：actually	同根：virtual  [计] 虚拟的；有效的；实质上的，事实上的
agreeable	/əˈɡriəbl/	adj.  令人愉快的， 惬意的； 同意的， 乐意的	We spent a most agreeable couple of hours.	我们非常愉快地度过了几个小时。	同义：pleasant	同根：agreeably  愉快地；agreeableness  适合；一致
economy	/ɪˈkɑnəmɪ/	n.  经济； 节约， 节省	The council must make economies to meet government spending targets.	市政会必须采取节约措施以达到政府的开支指标。	同义：saving	同根：economic  经济的，经济上的；经济学的；economical  经济的；节约的；合算的；economically  经济地；在经济上；节俭地
community	/kəˈmjunətɪ/	n.  社区， 社会， 公社； 团体， 界； 群落	The new arts centre will serve the whole community.	这座新的艺术中心将为整个社区服务。	同义：village	同根：communal  公共的；公社的；communally  社区地；公有地；commune  公社
version	/ˈvɝʒn/	n.  译文， 说法， 改写本	Could Donna’s version of what happened that night be correct?	唐娜对那晚发生的事情的描述是否正确呢？	同义：edition	同根：verse  诗，诗篇；韵文；诗节
sprinkle	/ˈsprɪŋkl/	v. 撒，洒 n.  少量， 少数	Sprinkle the meat with salt and place in the pan.	给肉撒点盐，然后放进平锅里。	同义：bit, besprinkle	同根：sprinkler  洒水车；洒水器；sprinkling  少量；点滴；喷雾；sprinkling  洒；点缀（sprinkle的现在分词）
bronze	/brɑnz/	n.  青铜， 青铜色， 古铜色； 青铜制品， 铜牌	a bell cast in bronze	青铜浇铸的一口钟	同义：gunmetal, aeneous	同根：bronzed  （皮肤晒得）古铜色的；镀青铜的；bronzy  青铜色的；仿青铜的；似青铜的；bronzed  镀青铜于；呈青铜色（bronze的过去分词和过去式）
conception	/kənˈsɛpʃən/	n.  思想， 观念， 概念； 构想， 设想； 怀孕	the original conception of the book	此书最初的构想	同义：idea	同根：conceptual  概念上的；conceptional  想象的；概念上的；conceptive  概念上的；有想像力的
municipal	/mjuˈnɪsɪpl/	adj.  市的， 市政的	the municipal waste dump	城市垃圾场	同义：civic	同根：municipally  市制上；市政上；依市的规定；municipality  市民；市政当局；自治市或区
detain	/dɪˈten/	vt.  拘留， 扣留； 留住， 耽搁	Two suspects have been detained by the police for questioning .	两名嫌疑人被警方拘留审问。	同义：hold	同根：detainment  扣留；延误；挽留
institute	/ˈɪnstɪtut/	n. 研究所，学院 vt.  建立， 设立	research institutes	研究所	同义：found, academy	同根：institutional  制度的；制度上的；学会的；institutionalised  制度化的；institutive  成例的；有关创设的
endure	/ɪnˈdʊr/	v.  忍受， 容忍； 持久， 持续	It seemed impossible that anyone could endure such pain.	似乎谁都不可能忍受这样的疼痛。	同义：resist, resist	同根：enduring  持久的；能忍受的；endurable  能忍耐的；可忍受的；能持久的；enduringly  耐久地；永久地
detail	/dɪˈtel/	n. 细节，枝节；零件 vt.  详细说明	This issue will be discussed in more detail in Chapter 5.	这个问题将在第五章里作更为详细的论述。	同义：specific, expand on	同根：detailed  详细的，精细的；复杂的，详尽的；detailing  细节设计；点缀物；detailed  详细说明（detail的过去分词）
subculture	/ˈsʌbkʌltʃɚ/	n.  亚文化	the drug subculture of the inner city	旧城区的吸毒亚文化群		
appropriate	/əˈproprɪət;(for v.) əˈproprɪet/	adj. 适当的，恰当的 vt.  私吞； 拨款供专用	The timing of the announcement was particularly appropriate .	通告发布的时机很合适。	同义：suitable, engage	同根：appropriately  适当地；合适的；相称地；appropriateness  适当；适合；appropriator  占用者；擅用者
essence	/ˈɛsns/	n.  本质， 实质， 要素； 精髓， 精华	In essence his message was very simple.	实质上他想表达的意思很简单。	同义：substance	同根：essential  基本的；必要的；本质的；精华的；essentially  本质上；本来；essential  本质；要素；要点；必需品
pore	/pɔr/	vi.  仔细阅读， 审视 n. 毛孔，细孔	We spent hours poring over travel brochures.	我们花了几个小时仔细研究旅游宣传册。	同义：consider, stomates	
utility	/juˈtɪləti/	n.  效用， 有用	It’s a simple shareware utility that allows you to print signs and banners.	这是个简单的共享应用软件，你可以用它来打印标牌和横幅。	同义：practical use, applied	同根：utilitarianism  功利主义；实用主义
manual	/ˈmænjuəl/	adj. 用手的，手工做的 n.  手册， 指南	People in manual occupations have a lower life expectancy.	干体力活的人预期寿命较短。	同义：handmade, guide	同根：manually  手动地；用手
maneuver	/məˈnʊvɚ; məˈnjʊvɚ/	vi.  设法变动位置； 用策略， 耍花招 n. 谨慎而熟练的动作；策略，花招；演习 vt. 设法使变动位置；操纵，控制			同义：strategy, dry run, boss	同根：maneuverability  可操作性；[航][车辆][船] 机动性
symphony	/ˈsɪmfəni/	n.  交响乐， 交响曲； 和谐， 协调	Bruckner’s Fifth Symphony	布鲁克纳的《第五交响曲》	同义：harmonic	同根：symphonic  交响乐的；交响性的；和声的；symphonious  和谐的；调和的
eloquent	/ˈɛləkwənt/	adj.  雄辩的， 口才流利的， 有说服力的； 明白显示出的	an eloquent appeal for support	极具说服力的求助呼吁	同义：meaningful	同根：eloquently  善辩地；富于表现力地；eloquence  口才；雄辩；雄辩术；修辞
optimistic	/,ɑptɪˈmɪstɪk/	adj.  乐观的， 乐观主义的	Andrew took a more optimistic view.	安德鲁抱有更为乐观的想法。	同义：rose-colored	同根：optimistically  乐观地；乐天地；optimism  乐观；乐观主义；optimist  乐观主义者；乐天派
dual	/ˈdʊəl/	adj.  双的， 两重的	a dual system of education	二元[双元]教育体系	同义：double	同根：du  二重唱；双人组合；dualism  二元论；双重性；二神教
submarine	/,sʌbməˈrin/	adj.  水底的， 海底的 n. 潜水艇	submarine plant life	海生植物	同义：sub, benthonic	同根：submerged  水下的，在水中的；submersible  能潜水的；能沉入水中的；submergible  能浸入水中的；可潜入水中的
aspect	/ˈæspɛkt/	n.  方面； 朝向、 方向； 样子， 外表	a south-facing aspect	朝南方向	同义：direction	
aggressive	/əˈɡrɛsɪv/	adj.  侵略的， 好斗的； 敢作敢为的； 有进取心的	Jim’s voice became aggressive.	吉姆的声音凶了起来。	同义：invasive	同根：aggressively  侵略地；攻击地；有闯劲地；aggression  侵略；进攻；侵犯；侵害；aggressiveness  攻击性；侵犯；进取精神
stump	/stʌmp/	vi.  脚步沉重地走 n. 树桩；残根，残余部分 vt. 把…难住，使为难；在…做巡回演说	an old tree stump	老树墩	同义：artificial limb, fell	同根：stumpy  多残株的；粗短的；stumper  难题；伐木机；竞选演说者；板球三柱门守球员；stumpy  矮胖者
behavior	/bɪˈhevjɚ/	n.  行为， 举止， 表现			同义：dealing	同根：behavioral  行为的；behavioural  行为的；动作的；behaviour  行为；习性；运行状况（等于behavior）
federation	/ˈfɛdəˈreʃən/	n.  联合会； 联邦	the National Federation of Women’s Institutes	〔英国及英联邦国家〕妇女协会全国联合会	同义：alliance	同根：federal  联邦的；同盟的；federalist  （支持）联邦党人的；联邦制的；federate  同盟的；联邦制度下的；联合的
minimize	/ˈmɪnɪmaɪz/	vt.  使减少到最低限度； 极力贬低， 对…作最低估计	Concerned people want to minimize the risk of developing cancer.	忧心忡忡的人们想把患上癌症的风险降到最低。		同根：minimum  最小的；最低的；minimal  最低的；最小限度的；minimized  最小化的；最小化；使达到最低限度的
signify	/ˈsɪɡnɪfaɪ/	vi.  有重要性 vt. 表示…的意思，意味，预示	These figures don’t really signify in the overall results.	这些数字对于总体结果影响不是很大。	同义：indicate, matter	同根：significant  重大的；有效的；有意义的；值得注意的；意味深长的；signed  有符号的；已签字的；有正负之分的；significative  有意义的；表示…的；为…提供推定证据的
logical	/ˈlɑdʒɪkl/	adj.  逻辑的， 合乎常理的	It’s a logical site for a new supermarket, with the housing development nearby.	附近有住宅区，新的超级市场选址在此是合情合理的。	同义：reasonable	同根：logic  逻辑的；logistic  后勤学的；[数] 符号逻辑的；logically  逻辑上；合乎逻辑
reconciliation	/,rɛkənsɪlɪˈeʃən/	n.  和解， 调和	Her ex-husband had always hoped for a reconciliation.	她的前夫一直想和她重归于好。	同义：coordination	同根：reconcilable  不矛盾的；可和解的；可调和的；reconcile  使一致；使和解；调停，调解；使顺从
weird	/wɪrd/	adj.  古怪的， 离奇的； 怪诞的， 神秘而可怕的	A really weird thing happened last night.	昨晚发生了一件非常奇怪的事。	同义：magic, fate	同根：weirdly  古怪地；weirdness  命运；不可思议；离奇
characterize	/ˈkærəktəˈraɪz/	vt.  成为…的特征， 以…为特征； 描绘的特性， 描述	Bright colours characterize his paintings.	明亮的色彩是他绘画作品的特点。		同根：characteristic  典型的；特有的；表示特性的；characterized  以…为特点的；characterless  无个性的；缺乏特征的；平凡的
descent	/dɪˈsɛnt/	n.  下降， 下倾； 斜坡， 坡道； 血统， 世系	Passengers must fasten their seat belts prior to descent.	乘客在飞机降落之前必须系好安全带。	同义：reduction	同根：descendant  下降的；祖传的；descending  下降的；下行的；descendant  后裔；子孙
ridiculous	/rɪˈdɪkjələs/	adj.  荒谬的， 可笑的	That’s a ridiculous idea!	那主意很荒唐！	同义：laughing	同根：ridiculously  可笑地；荒谬地；ridiculousness  荒谬，滑稽
turbulent	/ˈtɝbjələnt/	adj.  动荡的， 混乱的； 汹涌的， 狂暴的	the turbulent times of the French Revolution	法国大革命的动荡时期	同义：angry	同根：turbulently  汹涌澎湃地；动荡地，骚动地；turbulence  骚乱，动荡；[流] 湍流；狂暴；turbidity  [分化] 浊度；浑浊；混浊度；混乱
overt	/oˈvɝt/	adj.  公开的， 不隐蔽的	an overt attempt to silence their political opponents	他们想压制政敌言论的明显企图	同义：obvious	同根：overtly  明显地；公开地，公然地
refute	/riˈfjʊt/	vt.  驳斥， 驳倒	It was the kind of rumour that it is impossible to refute.	这是那种不可能推翻的谣言。	同义：disprove	同根：refutable  可驳倒的；容易驳倒的；refutation  反驳；驳斥；辩驳；refutal  驳斥；反驳
precedent	/ˈprɛsɪdənt/	n.  先例， 范例； 【法】 判例； 惯例	a legal precedent	判例	同义：prior	同根：preceding  在前的；前述的；precedented  有先例的；precedential  有先例的；优先的
severe	/səˈvɪr/	adj.  严重的； 严厉的， 严格的； 严峻的， 艰难的； 朴素的， 不加装饰的	His injuries were quite severe.	他的伤势很严重。	同义：tight	同根：severely  严重地；严格地，严厉地；纯朴地；severity  严重；严格；猛烈；severeness  严重；艰难；紧凑；纯朴
emerge	/ɪˈmɝdʒ/	vi.  出现， 涌现， 冒出	The flowers emerge in the spring.	花儿在春天开放。	同义：ray	同根：emerging  新兴的；出现的；形成的；emergent  紧急的；浮现的；意外的；自然发生的；emergence  出现，浮现；发生；露头
exemplify	/ɪɡˈzɛmplɪfaɪ/	vt.  是…的典型； 例示， 举例证明	The building exemplifies the style of architecture which was popular at the time.	这栋大楼代表了当时流行的建筑风格。	同义：example of	
lease	/lis/	n. 租约，租契 vt.  出租； 租得， 租有	The landlord refused to renew his lease.	房东拒绝和他续签租约。	同义：tenancy agreement, rent, rent	同根：leased  [租赁] 租用的；leased  专线；一线路（指一电话线路每天 24 小时地连通两地）；leaseholder  租赁人，租借人
exploit	/ɛksplɔɪt; ɪkˈsplɔɪt/	vt.  剥削； 利用； 开拓 n.  业绩， 功绩	Homeworkers can easily be exploited by employers.	在家工作的人容易被雇主剥削。	同义：develop, merit	同根：exploitative  剥削的；利用的；开发资源的；exploitive  剥削的；开发资源的；exploitation  开发，开采；利用；广告推销
slap	/slæp/	vt. 掴，掌击，拍；啪的一声放 n.  掴， 掌击， 拍	Sarah slapped Aaron across the face.	萨拉在阿龙的脸上掴了一巴掌。	同义：make a chump out of, despite, spank, directly	
anniversary	/,ænɪˈvɝsəri/	n.  周年	Jack and Kim celebrated their twentieth wedding anniversary in January.	1月，杰克和金庆祝了他们的结婚20周年纪念日。		
register	/ˈrɛdʒɪstɚ/	v.  登记， 注册； 指示， 自动记下； 表示， 表达； 注意到， 记住； 把挂号 n. 登记，注册；登记表，注册簿	The tanker is registered in Rotterdam.	这艘油轮是在鹿特丹登记的。	同义：book in, book in, entry	同根：registered  注册的；记名的；登记过的；（家畜等）附有血统证明的；registration  登记；注册；挂号；registry  注册；登记处；挂号处；船舶的国籍
communicate	/kəˈmjunɪket/	v.  通讯， 交际， 交流； 连接， 相通； 传达， 传播； 传染	A baby communicates its needs by crying.	婴儿用哭来表达需要。	同义：contract, affect	同根：communicating  交流的；通信的；communicable  可传达的；会传染的；爱说话的；communicant  传达消息的
evidence	/ˈɛvɪdəns/	n.  根据， 证据； 证人	Murrow’s evidence was enough to convict Hayes of murder.	默罗的证词足以证明海斯犯了谋杀罪。	同义：authentication, demonstrate	同根：evident  明显的；明白的；evidentiary  证据的；evidential  证据的；基于证据的；提供证据的；可作证据的
jerk	/dʒɝk/	v. 猝然一动，猛拉 n.  急推， 急拉， 急扭	Wilcox jerked his head to indicate that they should move on.	威尔科克斯扭扭头，示意他们该走了。	同义：ass, sweep	同根：jerky  抽筋的；急动的；不平稳的；jerkily  痉挛性地；颠簸地；jerky  牛肉干
fling	/flɪŋ/	vt. 扔，掷；使扑，使投身 n.  尽情欢乐的一阵， 一时的放纵	He flung his coat over the back of a chair.	他把外套扔在椅背上。	同义：throw, put, hurtle	
stun	/stʌn/	vt.  使震惊， 使目瞪口呆； 把…打昏， 使昏迷	Redfern stunned the crowd with a last-minute goal.	雷德芬在最后一分钟进球，使观众很是震惊。	同义：shock, coma	同根：stunning  极好的；使人晕倒的；震耳欲聋的；stunned  受惊的；stunningly  绝妙地；令人震惊地；使人目瞪口呆地
acid	/ˈæsɪd/	adj.  酸的， 酸性的； 尖刻的， 刻薄的 n. 酸	a juicy apple with a slightly acid flavour	一个多汁、略带酸味的苹果	同义：acerbity, sour	同根：acidity  酸度；酸性；酸过多；胃酸过多；acidify  [化学] 酸化；变酸；acidify  使……成酸；使……酸化
autonomy	/ɔˈtɑnəmi/	n.  自治， 自治权； 人身自由， 自主权	campaigners who want greater autonomy for Corsica	希望科西嘉有更多自治权的活动家	同义：self-rule	同根：autonomous  自治的；自主的；自发的；autonomic  自律的；自治的
transmission	/trænsˈmɪʃən/	n.  传播， 发射； 传送， 传递； 传染	worldwide data transmission	全球数据传输	同义：gear	同根：transmitted  透射的；transmitting  传送中；transmissible  能传送的；能透射的；可传达的
blush	/blʌʃ/	n&vi.  脸红	Wilson saw she was watching him and blushed.	威尔逊看到她在注视着自己，不由得脸红了。	同义：feel cheap, red	同根：blushing  脸红的；blushful  脸红的；使人脸红的；羞怯的；blushingly  羞愧地；红着脸地
dubious	/ˈdubɪəs/	adj.  怀疑的， 犹豫不决的， 无把握的； 有问题的； 靠不住的	The firm was accused of dubious accounting practices.	该公司被指控有不诚实的会计行为。	同义：suspicious	同根：dubitable  可疑的；不确定的；dubiously  怀疑地；可疑地；dubiety  可疑的东西；可疑性
intuition	/,ɪntuˈɪʃən/	n.  直觉； 由直觉获知的信息	feminine intuition	女性的直觉	同义：instinct	同根：intuitive  直觉的；凭直觉获知的；intuitionist  直觉主义的；intuitively  直观地；直觉地
artillery	/ɑrˈtɪləri/	n.  火炮， 大炮； 炮兵	Using tanks and heavy artillery, they seized the town.	他们使用坦克和重炮攻下了这座城市。	同义：Cannons	
educational	/,ɛdʒuˈkeʃənl/	adj.  教育的， 教育性的	the educational development of children	儿童的教育发展	同义：improving	同根：educated  受过教育的；有教养的；educative  教育的，教育上的；educationally  教育上地
pose	/poz/	v. 造成，引起；提出，陈述；摆姿势；假装，冒充，装腔作势 n.  样子， 姿势	Rising unemployment is posing serious problems for the administration.	失业率上升正在给政府造成严重的问题。	同义：take shape, attitude, posture	同根：position  位置，方位；职位，工作；姿态；站位；vt. 安置；把……放在适当位置；positivism  实证主义；实证论；积极性；武断；poser  难题；装腔作势者；不易处理的事
finite	/ˈfaɪnaɪt/	adj.  有限的， 有限制的； 限定的	the earth’s finite resources	地球有限的资源	同义：limited	同根：finiteness  [数] 有限性；finitude  有限；界限；限制
erupt	/ɪˈrʌpt/	vi.  喷发， 喷出； 爆发， 突然发生	Violence erupted after police shot a student during the demonstration.	警察向示威人群中的一名学生开枪，暴乱随之发生。	同义：out break, out break	同根：eruptive  暴发的；喷出的；疹的；eruption  爆发，喷发；火山灰；出疹
exquisite	/ɪkˈskwɪzɪt/	adj.  精美的， 精致的； 敏锐的， 有高度鉴赏力的； 剧烈的， 感觉强烈的	the most exquisite craftsmanship	最精美的工艺	同义：elegant	同根：exquisitely  精致地；精巧地；敏锐地；exquisiteness  强烈）；优美（灵敏；强列
remedy	/ˈrɛmədi/	n. 补救办法，纠正办法；药品，治疗法 vt.  补救， 纠正； 医治， 治疗	The problems in our schools do not have a simple remedy.	我们学校的问题没有简单的解决办法。	同义：cure, therapy	同根：remedial  治疗的；补救的；矫正的；remediable  可治疗的；可矫正的；可补救的；remediation  补救；矫正；补习
cardinal	/ˈkɑrdɪnl/	adj.  最重要的； 基本的 n. 红衣主教；【数】基数	Having clean hands is one of the cardinal rules when preparing food.	双手洁净是准备食物时的一项最基本要求。	同义：primary, conclavist	同根：cardinality  基数；集的势；cardinalate  枢机主教之职；cardinalship  红衣主教职位或任期
consent	/kənˈsɛnt/	n&vi.  同意， 赞成	The chairman was elected by common consent (= with most people agreeing ) .	主席是大家一致推选出来的。	同义：grant, agreement	同根：consensual  交感的；在双方同意下成立的；consentaneous  同意的，一致的；consentient  同意的；无异议的
insist	/ɪnˈsɪst/	v.  坚持； 坚持要求； 坚决认为	Stay for supper – I insist!	留下来吃晚餐——一定的！	同义：emphasize, stay	同根：insistent  坚持的；迫切的；显著的；引人注目的；紧急的；insistently  坚持地；强求地；insistence  坚持，强调；坚决主张
fusion	/ˈfjʊʒən/	n.  联合， 合并； 核聚变	Her work is a fusion of several different styles.	她的作品是几种不同风格的融合。	同义：melt	同根：fused  [物] 熔化的，[化学] 熔凝的；装有保险丝的；fusible  易熔的，可熔化的；fuse  保险丝；导火线，雷管
volume	/ˈvɑljum/	n.  卷， 册， 书卷； 容积， 体积； 音量， 响度	the volume of trade	贸易量	同义：lots of, massive	同根：volumetric  [物] 体积的；[物] 容积的；[物] 测定体积的；voluminous  大量的；多卷的，长篇的；著书多的；volumed  成卷的；有…册的；（烟雾）成团的
mutual	/ˈmjutʃuəl/	adj.  相互的； 共同的	I didn’t like Dev, and the feeling seemed to be mutual.	我不喜欢德夫，他好像也不喜欢我。	同义：corporate	同根：mutually  互相地；互助；mutuality  相互关系，相关；亲密；mutualism  [生态] 共栖，互利共生；互助论
therefore	/ˈðɛrfɔr/	adv.  因此， 所以	Their car was bigger and therefore more comfortable.	他们的车大些，所以更舒适些。	同义：hence	同根：thereby  从而，因此；在那附近；在那方面；therefor  因此；所以
exchange	/ɪksˈtʃendʒ/	n&vt.  交换； 交流； 兑换	Four of my cassettes for your Madonna CD is a fair exchange.	我用四盒磁带换你的麦当娜激光唱片很公平。	同义：communication, turn, trade	同根：exchanged  交换的；exchangeable  可交换的；可兑换的；可替换的；exchanger  交换器；交易所；交换程序
indignant	/ɪnˈdɪɡnənt/	adj.  愤怒的， 愤慨的， 义愤的	an indignant reply	愤慨的回复	同义：aggrieved	同根：indign  不值得的；可耻的；indignantly  愤怒地；愤慨地；indignation  愤慨；愤怒；义愤
hesitate	/ˈhɛzətet/	vi.  犹豫， 踌躇， 含糊； 不情愿	Some parents hesitate to take these steps because they suspect that their child is exaggerating.	一些家长迟迟不肯采取这些措施，因为他们怀疑自己的孩子在夸大其词。	同义：vacillate, stand at	同根：hesitant  迟疑的；踌躇的；犹豫不定的；hesitating  犹豫的；hesitative  支吾其辞的；踌躇的
decimal	/ˈdɛsɪml/	adj. 十进位的 n.  小数	changing to a decimal system	改为十进制	同义：fractional, small number	同根：decimalization  十进制；十进制化；decimalize  将…改为十进制
cynical	/ˈsɪnɪkl/	adj.  愤世嫉俗的， 怀疑的	a cynical view of human nature	认为人性本恶的一种观点		同根：cynic  犬儒学派的；cynically  爱嘲笑地；冷笑地；cynicism  玩世不恭，愤世嫉俗；犬儒主义；冷嘲热讽
ventilate	/ˈvɛntɪlet/	vt.  使通风； 把…公开， 公开讨论	Ventilate the room properly when stripping paint.	在刮漆的时候要适当地使房间通风。	同义：air	同根：ventilated  通风的；ventilatory  通气的，通风的；vent  （感情的）发泄；出口；通风孔
scoop	/skup/	v.  舀出； 抢在之前报道新闻 n. 勺子；抢先报道的新闻	Time and again we have scooped our rivals.	我们一再抢在对手之前登出报道。	同义：pick, recession	同根：scoopful  满满的一勺子；满满的一铲子
companion	/kəmˈpænɪən/	n.  同伴， 共事者； 伴侣	For ten years he had been her constant companion .	十年来他一直陪伴她左右。	同义：friend, attend	同根：companionable  好交往的；友善的；适于做朋友的；companionate  伙伴的，同伴的；友爱的，友好的；company  公司；陪伴，同伴；连队
breakdown	/ˈbrekˈdaʊn/	n.  垮台， 破裂； 衰竭， 衰弱； 损坏， 故障； 明细， 清单	Always carry a phone with you in case you have a breakdown on the motorway.	一定要随身带电话，以防汽车在高速公路上抛锚。	同义：fault	
directory	/dəˈrɛktəri; (also) daɪˈrɛktəri/	n.  人名地址录； 工商行名录； 号码簿	I couldn’t find your number in the telephone directory.	我在电话簿上找不到你的电话号码。	同义：content, consulting	同根：direct  直接的；直系的；亲身的；恰好的；directive  指导的；管理的；directed  定向的；经指导的；被控制的
behave	/bɪˈhev/	vi. 表现，举止；运转，做出反应 vt.  检点自己的行为	She behaved in a very responsible way .	她表现得很有责任心。	同义：conduct oneself	同根：behavior  行为，举止；态度；反应；beheading  斩首；断头作用；beheading  把…砍首（behead的现在分词形式）
accomplish	/əˈkɑmplɪʃ/	vt.  达到， 完成	We have accomplished all we set out to do.	所有计划要做的事情，我们都已完成。	同义：carry out	同根：accomplished  完成的；熟练的，有技巧的；有修养的；有学问的；accomplishable  可完成的；可达成的；accomplishment  成就；完成；技艺，技能
strand	/strænd/	n. 股，缕；一个组成部分 vt.  使搁浅	She tried to blow a grey strand of hair from her eyes.	她试图吹开眼前的一缕白发。	同义：string, ground, beach	同根：stranded  搁浅的；陷于困境的；有…股的（常用来构成复合词）；stranded  搁浅（strand的过去式和过去分词）
constituent	/kənˈstɪtʃuənt/	adj.  组成的， 构成的 n. 选民，选区居民；成分，组成；配料	the EU and its constituent members	欧盟及其成员国	同义：element, component	同根：constitutive  基本的；本质的；制定的；构成分子的；constituency  （选区的）选民；支持者；（一批）顾客；constitutive  要素
engine	/ˈɛndʒɪn/	n.  引擎， 发动机； 机车	Is the engine running smoothly?	发动机运转平稳吗？	同义：facilities	同根：engineer  工程师；工兵；火车司机；engineering  工程，工程学；engineering  设计；管理（engineer的ing形式）；建造
irritate	/ˈɪrɪtet/	vt.  使恼怒， 使烦躁； 使不适， 使疼痛	It really irritates me when he doesn’t help around the house.	家里的事情他一点都不帮忙，真让我恼火。	同义：stimulate	同根：irritating  刺激的；气人的；使愤怒的；irritated  恼怒的，生气的；irritant  刺激的；刺激性的
scope	/skop/	n.  范围； 余地， 机会	measures to limit the scope of criminals’ activities	限制罪犯活动范围的措施	同义：extent	
responsible	/rɪˈspɑnsəbl/	adj.  需负责任的， 承担责任的； 有责任感的， 负责可靠的； 责任重大的， 重要的	We are determined to bring the people responsible to justice.	我们决意要将肇事者绳之以法。	同义：honest	同根：responsibly  负责地，可信赖地；response  响应；反应；回答；responsibility  责任，职责；义务
linen	/ˈlɪnɪn/	n.  日用织品； 亚麻织品， 亚麻布	bed linen	床单	同义：flax, flaxen	同根：linendraper  衬衣类商人；亚麻布商
expectancy	/ɪkˈspɛktənsi/	n.  预料； 期待； 盼望	I saw the look of expectancy in the children’s eyes.	我从孩子们的眼神中看到了期盼。	同义：hope	同根：expectant  期待的；怀孕的；预期中的；expectantly  期望地，期待地；expectation  期待；预期；指望
illuminate	/ɪˈlumɪnet/	vt.  照明， 照亮； 阐明， 启发	A single candle illuminated his face.	一支蜡烛照亮了他的脸。	同义：say, light up	同根：illuminated  被照明的；illuminating  照亮的，照明的；启蒙的，有启发性的；illuminated  照明；启发；兴奋（illuminate的过去分词）
liner	/ˈlaɪnɚ/	n.  衬里； 大客轮	a dustbin liner	垃圾袋	同义：pad	同根：lined  有内衬的；具线纹的；line  路线，航线；排；绳；lineation  划线；轮廓
identify	/aɪˈdɛntɪfaɪ/	vt.  认出， 鉴定； 把…等同于	He was too far away to be able to identify faces.	他离得太远，没法看面孔认出谁是谁。	同义：confirm, cotton	同根：identified  被识别的；经鉴定的；被认同者；identifiable  可辨认的；可认明的；可证明是同一的；identifiably  可辨认地；可看作是相同地
citizenship	/ˈsɪtɪzənʃɪp/	n.  公民的身份, 公民的职责和权力	McGuirk holds dual citizenship (= the legal right of being a citizen in two countries ) in Ireland and the US.	麦吉尔克拥有爱尔兰和美国的双重国籍。	同义：nationality	同根：citizen  公民；市民；老百姓；citizenry  市民；公民
label	/ˈlebəl/	n. 标签，标记，符号 vt.  贴标签于； 把…称为	a luggage label	行李标签	同义：ticket	
slippery	/ˈslɪpəri/	adj.  滑的； 狡猾的	In places, the path can be wet and slippery.	路上有些地方可能又湿又滑。	同义：designing	同根：slipperiness  滑溜
forum	/ˈfɔrəm/	n.  论坛， 讨论会； 专题讨论节目	Members of the council agreed that was an important forum for discussion.	理事会成员们一致认为那是一个用于讨论的重要论坛。	同义：consultation	
modify	/ˈmɑdɪfaɪ/	vt.  更改， 修改； 修饰	The feedback will be used to modify the course for next year.	这些反馈意见将用于修改明年的课程。	同义：alter, alter	同根：modified  改进的，修改的；改良的；modifiable  可修饰的；可更改的；modifier  [助剂] 改性剂；[语] 修饰语；修正的人
environment	/ɪnˈvaɪrənmənt/	n.  环境； 外界； 围绕	Some of these chemicals are very damaging to the environment.	这些化学品中有些对环境非常有害。	同义：context	同根：environmental  环境的，周围的；有关环境的；environmentally  有关环境方面；environmentalist  环保人士；环境论者；研究环境问题的专家
clone	/klon/	v.  无性繁殖， 克隆 n. 无性繁殖系，克隆；复制品，翻版	The idea of cloning extinct life forms still belongs to science fiction.	对绝种的生命形式进行克隆的想法仍然属于科学幻想。	同义：klon, repeat	同根：clonal  无性系的；无性繁殖系般的；cloning  克隆；clon  克隆，无性繁殖；无性系
betray	/bɪˈtre/	vt.  背叛， 出卖； 失信于， 辜负； 泄露； 暴露， 显露	He felt that she had betrayed him.	他感觉她背叛了自己。	同义：reveal	同根：betrayal  背叛；辜负；暴露；betrayer  叛徒；背信者；告密者
progressive	/prəˈɡrɛsɪv/	adj.  前进的； 渐进的； 进行式的	a progressive administration	进步的政府	同义：advanced	同根：progressively  渐进地；日益增多地；progress  进步，发展；前进；progression  前进；连续
pledge	/plɛdʒ/	n. 保证，誓言 vt.  保证， 许诺	The meeting ended with a pledge to step up cooperation between the six states of the region.	会议以加快该地区6个州之间合作的承诺结束。	同义：assurance, undertake	同根：pledgee  接受抵押或人；接受保证者；pledger  立誓人；抵押者，典当者；举杯祝酒的人
exempt	/ɪgˈzɛmpt/	adj.  被免除的， 被豁免的 vt. 免除，豁免	Men in college were exempt from military service.	在校男大学生免服兵役。	同义：discharge	同根：exemption  免除，豁免；免税
physiological	/,fɪzɪəˈlɑdʒɪkl/	adj.  生理的， 生理学的	If so, this would add to a growing list of physiological and biological markers of sexual orientation.	如果是这样，这可能会给生理和生物学上的性取向标记增加一长串名单。		同根：physiologically  生理学方面；physics  物理学；物理现象；physiology  生理学；生理机能
shaft	/ʃæft/	n.  柄， 杆； 束， 光线； 轴； 竖井， 升降井	a drive shaft	驱动轴		
atmosphere	/ˈætməsfɪr/	n.  大气， 空气； 气氛， 环境	The hotel had a lovely relaxed atmosphere .	那家宾馆的气氛轻松愉快。	同义：mood	同根：atmospheric  大气的，大气层的；atmospherical  大气的；空气的；atmospherics  大气干扰；天电
decorate	/ˈdɛkəret/	vt.  装饰， 装潢， 修饰	The bathroom is decorated in green and yellow.	浴室里是用绿色和黄色装潢的。	同义：paint, set sth out	同根：decorative  装饰性的；装潢用的；decorated  装饰的，修饰的；decoratively  装饰地
electrician	/ɪˈlɛkˈtrɪʃən/	n.  电工， 电气技师	She said she would find an electrician for us.	她说她要给我们找一个电工技师。	同义：wireman	同根：electric  电的；电动的；发电的；导电的；令人震惊的；electrical  有关电的；电气科学的；electrochemical  [物化] 电化学的；[物化] 电气化学的
occupation	/,ɑkjuˈpeʃən/	n.  占领， 占据； 职业； 从事的活动， 消遣	Please state your name, address and occupation.	请写明你的姓名、地址和职业。	同义：profession	同根：occupied  已占用的；使用中的；无空闲的；occupational  职业的；占领的；occupancy  居住；占有；占用
tendency	/ˈtɛndənsi/	n.  趋向， 趋势， 倾向	children with aggressive or anti-social tendencies	具有攻击性倾向或反社会倾向的儿童	同义：liability	同根：tendentious  有偏见的，有倾向的；宣传性的；tendencious  宣传性的；有支持某种立场的倾向；tend  趋向，倾向；照料，照顾
release	/rɪˈlis/	n&vt.  释放， 排放； 解除， 解脱； 放开， 松开； 发布； 发行	Police arrested several men, who were later released.	警察逮捕了几个人，后来都释放了。	同义：deliver, liberation	同根：releasing  释放；松释动作；脱扣释放；releasing  释放；排放（release的现在分词）
caption	/ˈkæpʃən/	n.  说明文字， 字幕	The local paper featured me standing on a stepladder with a caption, "Wendy climbs the ladder to success."	当地的报纸刊登了一幅我站在活梯上的特写，下面写着：“温迪登上了成功之梯。”	同义：explanation	
hardy		adj.  能吃苦耐劳的， 坚强的； 耐寒的	hardy mountain goats	能适应恶劣环境的石山羊	同义：strong	同根：hard  努力的；硬的；困难的；辛苦的；确实的；严厉的；猛烈的；冷酷无情的；hardened  变硬的；坚定的；hard  努力地；困难地；辛苦地；接近地；猛烈地；牢固地
purify	/ˈpjʊrɪfaɪ/	vt.  使纯净， 提纯； 使纯洁	chemicals used to purify the water	用于净化水质的化学品	同义：cleanse, fine purification	同根：pure  纯的；纯粹的；纯洁的；清白的；纯理论的；purified  净化的；精制的；purgative  净化的；通便的；赎罪的
toll	/tol/	v.  敲 n. 过路费，过桥费；伤亡人数，损失	Church bells tolled and black flags fluttered.	教堂丧钟敲响了，黑旗飘动着。	同义：ring, price, ring the bell	同根：tollgate  关卡；征收通行税的关卡；toller  鸣钟人；征收通行税的人；钟；tollkeeper  通行税征收人
variation	/,vɛrɪˈeʃən/	n.  变化， 变动， 变异； 变奏	Most of his poems are variations on the theme of love.	他的大部分诗作都是有关爱情主题的形式不同的作品。	同义：shift	同根：variable  变量的；可变的；易变的，多变的；变异的，[生物] 畸变的；variant  不同的；多样的；variegated  杂色的；斑驳的；富于变化的
moral	/ˈmɔrəl/	adj. 道德的，有道德的 n.  品行， 道德规范； 寓意	It is easy to have an opinion on a moral issue like the death penalty for murder.	对于判谋杀犯死刑这种涉及伦理道德的问题，有个观点并非难事。	同义：psychological, overtone	同根：moralistic  说教的；道学的；道德家的；注意道德的；morally  道德上；有道德地；确实地；morality  道德；品行，美德
rig	/rɪɡ/	vt. 操纵，垄断；给装配帆及索具；用临时替代材料迅速搭起 n.  船桅的装置， 成套器械	Some international observers have claimed the election was rigged.	一些国际观察员声称选举受到操纵。	同义：equipment, man	同根：rigged  作弊的，以不正当手段操纵的；rigging  索具，绳索；装备，传动装置；rigger  装配工；索具装配人；保护架
eject	/ɪˈdʒɛkt/	vt.  驱逐， 逐出； 喷射， 排出； 弹出	Two engines cut out and the plane started to eject fuel as it lost height.	两个发动机突然熄火，飞机在下降的同时开始喷出燃料。	同义：to spray	同根：ejector  [机] 喷射器；驱逐者；推出器；排出器；ejection  喷出；排出物
defect	/‘dɪfɛkt/	vi.  变节， 叛变 n. 缺点，缺陷，欠缺[dI'fekt]	...a KGB officer who defected in 1963.	…一个1963年叛变的克格勃官员。	同义：deficiency, apostatize	同根：defective  有缺陷的；不完美的；defectively  有缺陷地；缺乏地；defection  背叛；缺点；变节；脱党
reinforce	/,riɪnˈfɔrs/	vt.  增强， 加强， 增援	The film reinforces the idea that women should be pretty and dumb.	这部影片强化了这个观点——女人要漂亮，而且要笨一些。	同义：enhance, strengthening	同根：reinforced  加固的；加强的；加筋的；reinforcement  加固；增援；援军；加强；reinforcer  增强剂；加强件；增强材料；强化刺激
casual	/ˈkæʒʊəl/	adj.  偶然的； 非正式的； 临时的， 不定期的； 漠不关心的， 冷淡的	Jean felt more comfortable in casual clothes .	琼穿上便服感到更舒服。	同义：extraordinary, leisure suit	同根：casually  随便地；偶然地；临时地；casualness  偶然；漫不经心；随便
slack	/slæk/	vi.  懈怠， 懒散 adj. 懈怠的，马虎的；萧条的，清淡的，不活跃的；松的 n. 松弛部分；宽松裤	He was accused of slacking and taking too many holidays.	他被指责工作不努力，休假太多。	同义：laid, relax, canyon, relax	同根：slackly  松弛地；懈怠地；不活跃地；slackness  松弛；懈怠；不活跃；slacken  松劲，懈怠；变松弛；变缓慢
rim	/rɪm/	n. 边，缘 vt.  环绕边缘	She looked at him over the rim of her glass.	她沿玻璃杯口看着他。	同义：margin	同根：rimmed  有框的；有边缘的；rimless  无边的；无框的；rimmed  给…镶边；沿…边缘滚动；形成边缘（rim的过去分词）
property	/ˈprɑpɚti/	n.  财产， 所有物； 房产； 物业； 性质， 性能	The hotel is not responsible for any loss or damage to guests’ personal property .	宾馆对住客个人财物的丢失和损坏概不负责。	同义：performance	同根：propertied  有财产的；使用道具的；需要道具的
rip	/rɪp/	v. 扯破，撕坏 n.  裂口， 裂缝	Her clothes had all been ripped.	她的衣服都被撕破了。	同义：saw, gap, crack	同根：ripping  劈的；极好的；rippable  可裂的（原形是rip）；ripping  绝妙地；极好地；非常
outbreak	/ˈaʊtbrek/	n.  爆发， 突然发生	a cholera outbreak	霍乱的爆发	同义：explosion, burst	
manipulate	/məˈnɪpjulet/	vt.  操纵， 控制； 影响； 操作， 使用	He was one of those men who manipulated people.	他是那种要摆布别人的人。	同义：man	同根：manipulative  巧妙处理的；操纵的，用手控制的；manned  有人驾驶的；有人操纵的；配备齐船员的；manipulable  可操纵自如的；可以操作的
similar	/ˈsɪməlɚ/	adj.  相似的， 类似的	We have similar tastes in music.	我们对音乐的品位相近。	同义：alike, analog	同根：similarly  同样地；类似于；similarity  类似；相似点；similitude  相似；外表；比拟
melody	/ˈmɛlədi/	n.  旋律， 曲调； 悦耳的音乐	They played some lovely melodies.	他们演奏了一些动听的曲子。	同义：song	同根：melodious  悦耳的；旋律优美的；melodic  有旋律的；音调优美的；melodiously  悦耳地，旋律优美地
likelihood	/ˈlaɪklɪhʊd/	n.  可能， 可能性	If I refused, it would in all likelihood mean I’d lose my job.	如果我拒绝，那我十有八九会丢掉工作。	同义：possibility	同根：like  同样的；相似的；likely  很可能的；合适的；有希望的；likable  可爱的
compose	/kəmˈpoz/	vt.  组成， 构成； 创作， 为…谱曲； 使平静， 使镇静	Barrington has composed the music for a new production of ‘A Midsummer Night’s Dream’.	巴林顿为新版的《仲夏夜之梦》谱了曲。	同义：constitute, write	同根：composite  复合的；合成的；菊科的；composed  镇静的；沉着的；composing  起镇静作用的
catholic	/kæθəlɪk/	adj. [C-]天主教的；普遍的，广泛的 n.  [C-]天主教徒	She has catholic tastes (= likes a lot of different things ) .	她的兴趣非常广泛。		
partial	/ˈpɑrʃəl/	adj.  部分的； 不公平的； 偏爱的， 偏袒的	The exhibition was only a partial success.	那次展会只获得部分成功。	同义：regional	同根：part  部分的；partitioned  分割的；分区的；分段的；partitive  区分的；表示部分的
aid	/ed/	n. 帮助，救护；助手，辅助手段 vt.  帮助， 援助	Foreign aid from many countries poured into the famine area.	来自许多国家的救援物资纷纷送到饥荒地区。	同义：assistance, facilitate, lend a hand	
supersonic	/,supɚˈsɑnɪk/	adj.  超声的， 超音速的	supersonic aircraft	超音速飞机	同义：ultrasonic, ultrasonic wave	
optimism	/ˈɑptɪmɪzəm/	n.  乐观， 乐观主义	There are grounds for cautious optimism.	有理由保持谨慎乐观。		同根：optimistic  乐观的；乐观主义的；optimistically  乐观地；乐天地；optimist  乐观主义者；乐天派
confident	/ˈkɑnfɪdənt/	adj.  确信的， 肯定的； 自信的	Despite her disability, Philippa is very confident.	菲莉帕虽然有残疾，却很自信。	同义：sure	同根：confidence  （美）诈骗的；骗得信任的；confidently  自信地；安心地；confidence  信心；信任；秘密
retain	/rɪˈten/	vt.  保留， 保持	You have the right to retain possession of the goods.	你有权保留这些物品。	同义：keep up	同根：retainer  保持器；家臣；保持者；[机] 护圈；预付费用
drastic	/ˈdræstɪk/	adj.  严厉的， 极端的； 激烈的， 迅猛的	drastic cuts in government spending	政府开支的急剧削减	同义：fierce	同根：drastically  彻底地；激烈地
epoch	/ˈɛpək/	n.  时期， 时代	the Victorian epoch	维多利亚时代	同义：new age	同根：epochal  划时代的；新纪元的
saleable	/ˈseləbl/	adj.  适合销售的	a saleable commodity	有销路的商品	同义：bestselling	同根：salable  畅销的；适于销售的；价格适当的；sale  销售；出售；拍卖；销售额；廉价出售；salability  畅销；出售
crew	/krʊ/	n.  全体船员； 一队工作人员	The plane crashed, killing two of the crew and four passengers.	飞机坠毁，造成两名机组人员和四名乘客死亡。	同义：team	
manufacturer	/,mænjuˈfæktʃərɚ/	n.  制造商， 制造厂	Read the manufacturer’s instructions before using your new dishwasher.	使用新洗碗机之前，请先阅读厂家的说明书。	同义：business firm	同根：manufactured  制造的，已制成的；manufacture  制造；产品；制造业；manufactory  制造厂，工厂
defeat	/dɪˈfit/	n&vt.  战胜， 挫败	She was a woman who hated to admit defeat.	她是个不愿认输的女人。	同义：down, failure	同根：defeatist  失败主义（者）的；defeatist  失败主义者；defeatism  失败主义
valid	/ˈvælɪd/	adj.  有效的， 正当的； 有根据的， 有理的	a valid credit card	有效信用卡	同义：available	同根：validated  经过验证的；validating  确认的；有效的；validly  合法地；正当地；妥当地
inertia	/ɪˈnɝʃə/	n.  不活动， 惰性； 惯性	political inertia	政治上的保守	同义：nonreactivity	同根：inertial  惯性的；不活泼的
encourage	/ɪnˈkɝrɪdʒ/	vt.  鼓励， 怂恿； 促进， 助长， 激发	I want to thank everyone who has encouraged and supported me.	我要感谢每一位鼓励和支持过我的人。	同义：heart	同根：encouraging  令人鼓舞的；鼓励的，奖励的；encouraged  受到鼓舞的；encouragingly  鼓励地；勉励人地
vacuum	/ˈvækjʊəm/	v.  收集； 用真空吸尘器打扫 n. 真空；真空吸尘器	I vacuumed the carpets today.	我今天用吸尘器清洁地毯了。	同义：room	
extravagant	/ɪkˈstrævəgənt/	adj.  奢侈的； 过度的， 过分的， 放肆的	Would it be too extravagant to buy both?	把两个都买下会不会太奢侈了？	同义：luxury	同根：extravagantly  挥霍无度地；extravagance  奢侈，浪费；过度；放肆的言行
bubble	/ˈbʌbl/	vi.  冒泡， 起泡， 沸腾 n. 泡，泡沫，水泡，气泡；幻想的计划	Heat the cheese until it bubbles.	把奶酪加热到冒泡。	同义：foam, boil, gush over	同根：bubbly  起泡的；多泡的；bubbly  香槟酒；bubbling  冒泡，[化工] 鼓泡；气泡形成
morality	/məˈræləti/	n.  道德， 道德性； 德行， 品行； 道德观， 道德规则	...standards of morality and justice in society.	…社会中道德和正义的标准。	同义：virtue	同根：moral  道德的；精神上的；品性端正的；moralistic  说教的；道学的；道德家的；注意道德的；morally  道德上；有道德地；确实地
yield	/jild/	v. 出产；让出，放弃；屈服，顺从；倒塌，垮掉 n.  产量	Our research has only recently begun to yield important results.	直到最近我们的研究才开始取得重要成果。	同义：desert, succumb, crop	同根：yielding  生产的；屈从的；易弯曲的；柔顺的；yielding  屈服；让步；可缩性；yielder  提供产品的人；让步者，屈服者
electronic	/ɪˌlɛkˈtrɑnɪk/	adj. 电子的 n.  电子学； 电子设备	electronic games	电子游戏		同根：electronically  电子地；electronics  电子学；电子工业；electron  电子
transplant	/trænsˈplænt/	vt. 移栽，移种；移植；使迁移，使移居 n.  移植	The operation to transplant a kidney is now fairly routine.	移植肾脏的手术如今相当常见。	同义：remove, implantation, remove	同根：transplantable  可移植的，可移种的；transplantation  移植；迁移；移民；transplanter  移植机；移植者
terrace	/ˈtɛrəs/	n. 排屋；地坪，草坪；	Some guests recline in deck chairs on the sea-facing terrace.	有些客人斜躺在朝海露台的躺椅上。	同义：platform	
deficit	/ˈdɛfəsɪt/	n.  赤字， 亏空， 亏损	the country’s widening budget deficit	这个国家日益严重的预算赤字	同义：red ink	同根：deficient  不足的；有缺陷的；不充分的；deficiency  缺陷，缺点；缺乏；不足的数额
sacred	/ˈsekrɪd/	adj.  神圣的； 宗教的； 神圣不可侵犯的	a sacred vow	神圣的誓言	同义：religious	同根：sacramental  圣礼的；圣餐的；神圣的；sacramental  类似圣典之礼仪或事物；sacredness  神圣；尊崇为神物；受人尊敬
cathedral	/kəˈθidrəl/	n.  大教堂	St Paul’s Cathedral	圣保罗大教堂	同义：minster	
elegant	/ˈɛləgənt/	adj.  优美的， 文雅的， 讲究的； 简练的， 简洁的	a tall, elegant young woman	身材高挑、举止优雅的年轻女子	同义：graceful	同根：elegantly  优美地；elegance  典雅；高雅
synthesis	/ˈsɪnθəsɪs/	n.  综合； 合成	speech synthesis software	语音合成软件	同义：integration	同根：synthetic  综合的；合成的，人造的；synthetically  综合地；合成地；synthetic  合成物
incidentally	/,ɪnsɪˈdɛntli/	adv.  顺便提及地， 顺便提一句	Incidentally, where were you born?	顺便问一下，你在哪儿出生的？	同义：passingly	同根：incident  [光] 入射的；附带的；易发生的，伴随而来的；incidental  附带的；偶然的；容易发生的；incident  事件，事变；插曲
polar	/ˈpolɚ/	adj.  地极的， 近地极的； 磁极的； 正好相反的， 截然对立的	As our climate warms up, the polar ice caps will begin to melt.	随着地球气候逐渐变暖，极地的冰冠将开始融化。	同义：dipolar	同根：polarity  [物] 极性；两极；对立；polarization  极化；偏振；两极分化；polarize  极化；偏振；两极分化
shark	/ʃɑrk/	n.  鲨鱼； 勒索者， 诈骗者， 放高利贷的人	Sharks were circling around our boat.	鲨鱼在我们的小船周围游弋。	同义：fraud, con game, extort	同根：sharper  骗子；赌棍；欺诈犯
linger	/ˈlɪŋɡɚ/	vi.  继续逗留， 留恋徘徊， 继续存留； 缓慢消失	a taste that lingers in your mouth	口中的余味	同义：hang about, spend	同根：lingering  拖延的；lingeringly  延迟地；逗留不去地；lingering  徘徊；缓慢消失；沉思（linger的ing形式）
historian	/hɪˈstɔrɪən/	n.  历史学家， 史学工作者	The field of aesthetics presents an especially difficult problem to the historian.	美学领域向历史学家提出了一个格外困难的问题。		同根：historical  历史的；史学的；基于史实的；historic  有历史意义的；历史上著名的；historied  有历史的；史上所载的
cumulative	/ˈkjumjəletɪv/	adj.  积累的， 渐增的	Learning is a cumulative process.	学习是个逐渐积累的过程。	同义：accumulated	同根：cumulate  累积的；堆积的；cumulatively  累积地；渐增地；cumulation  累积，蓄积；堆积
prototype	/ˈprotəˈtaɪp/	n.  原型	How do you test the prototype of the vending machine?	你如何测试一个自动售货机的原型?。	同义：criterion	同根：prototypical  原型的；典型的；prototypal  原型的
overpass	/ˈovɚpæs/	n.  天桥， 立交桥	Two cargo trains slammed together at a rail intersection southwest of Cape Girardeau, derailing cars that then struck the support columns of a highway overpass.	两辆货运火车在开普吉拉多西南部的铁路交叉口发生碰撞，部分车厢脱轨，并撞毁了高速公路天桥的支撑柱。	同义：forget, platform bridge	
species	/ˈspiʃiz/	n.  种， 类	Seven species of birds of prey have been observed.	已有七种猛禽被观察到。	同义：category	同根：speciation  [进化] 物种形成；speciate  （通过进化）形成物种
slip	/slɪp/	v. 滑跤，滑落，溜；下降，跌落；悄悄放进 n.  疏漏， 差错	Ben slipped quietly out of the room.	本悄悄地溜出了房间。	同义：slide, shed, error, slidable	同根：slipping  渐渐松弛的；slippy  光滑的；敏捷的；slippage  滑移；滑动；下降
temperament	/ˈtɛmprəmənt/	n.  气质， 性格	His impulsive temperament regularly got him into difficulties.	他容易冲动的性格经常使他陷入困境。	同义：character	同根：tempered  缓和的，温和的；调节的；有…气质的；temperamental  喜怒无常的；性情的；易兴奋的；temperamentally  气质地
cite	/saɪt/	vt.  引用， 引证； 传唤， 传讯； 表彰， 嘉奖	The judge cited a 1956 Supreme Court ruling in her decision.	法官在她的判决中引用了1956年最高法院的一项裁决。	同义：reference	同根：citation  引用，引证；[法] 传票；褒扬
acquaintance	/əˈkwentəns/	n.  认识， 了解； 熟人	She was a casual acquaintance of my family in Vienna.	她是我们家在维也纳的一个交情不深的朋友。	同义：knowledge	同根：acquainted  熟识的；知晓的；有知识的；acquaintanceship  认识；相识；交往关系；acquainted  使了解（acquaint的过去分词）
moan	/mon/	vi. 呻吟，呜咽；抱怨，发牢骚 vt. 抱怨 n.  呻吟声， 呜咽声； 怨声， 牢骚	‘I feel seasick already,’ she moaned.	“我已经开始晕船了。”她抱怨道。	同义：beef about, regret, beef about	同根：moaner  抱怨者；呻吟者
quench	/kwɛntʃ/	vt.  止； 扑灭	a desperate bid to quench the raging flames	为扑灭熊熊大火而不顾一切的努力	同义：conclude, die	同根：quenchless  难熄灭的；难压制的；难镇静的；quenching  [机] 淬火；抑制；[物] 猝熄；quenching  满足（quench的ing形式）；扑灭；压倒
shed	/ʃɛd/	vt. 脱落，脱去；流出，流下；发出，散发 n.  棚， 小屋， 货棚	The company is planning to shed about a quarter of its workforce.	这家公司正计划裁减约四分之一的人员。	同义：stream, discharge, cottage	同根：shedding  脱落；蜕落；shedder  脱壳期的虾和蟹；使流出的人；倒注者；shedding  脱落（shed的ing形式）
spice	/spaɪs/	n. 香料，调味品；趣味，情趣，风味 vt.  使增添趣味； 加香料于	herbs and spices	香草和香料	同义：flavor	同根：spicy  辛辣的；香的，多香料的；下流的；spicily  讽刺地；痛快地；芳香地；spicery  香料；香味；药料；调味品
rating	/ˈretɪŋ/	n.  等级， 品级， 评定结果； 收视率， 收听率	By the end of the year the Prime Minister’s approval rating (= how many people agreed with his policies ) had fallen as low as 12 percent.	到年底时，首相的支持率跌到了12%的低点。	同义：degree	同根：ratable  可估价的；按比例的；可评价的；应课税的；rateable  按比例的；可估价的；应纳税的（等于ratable）；rate  比率，率；速度；价格；等级
assertive	/əˈsɝtɪv/	adj.  断定的； 过分自信的	Women have become more assertive in the past decade.	妇女在过去十年已变得更坚定自信。	同义：positive	同根：assertable  可断言的；assertively  独断地；断言地；assertion  断言，声明；主张，要求；坚持
autonomous	/ɔˈtɑnəməs/	adj.  自治的； 独立自主的	They proudly declared themselves part of a new autonomous province.	他们自豪地宣布自己是新自治省的一部分。	同义：initiative	同根：autonomic  自律的；自治的；autonomy  自治，自治权
referee	/,rɛfəˈri/	vi.  当裁判 n. 裁判员；证明人，推荐人；仲裁者，调解者	Vautrot has refereed in two World Cups.	沃特罗特已经在两届世界杯比赛中担任过裁判。	同义：judge, go between	同根：reference  参考，参照；涉及，提及；参考书目；介绍信；证明书；refereeing  裁判；审稿工作；refereeing  为…作鉴定；为…担任裁判（referee的ing形式）
aerial	/ˈɛrɪəl/	adj. 飞机的，航空的；空中的，架空的 n.  天线	an aerial attack	空袭	同义：romantic, antenna	同根：aery  天空中的；飘渺的；aerially  空想地；在空中；象空气一样；aerialist  高空杂技演员；空中飞贼
trial	/ˈtraɪəl/	n.  试， 试验； 审判； 讨厌的人	The trial is due to start next week.	审理定于下周开始。	同义：effort, testing	同根：tried  可靠的；试验过的；trying  难受的；难堪的；费劲的；令人厌烦的；try  尝试；努力；试验
perception	/pɚˈsɛpʃən/	n.  感知， 觉察； 认识， 观念， 看法	He is interested in how our perceptions of death affect the way we live.	他对我们的死亡观如何影响我们的生活方式感兴趣。	同义：consciousness	同根：perceptive  感知的，知觉的；有知觉力的；perceptual  知觉的；感知的；有知觉的；perceptible  可察觉的；可感知的；看得见的
elapse	/ɪˈlæps/	vi.  消逝， 过去	Several months elapsed before his case was brought to trial.	过了几个月他的案子才开审。	同义：ebb away, passing	
symmetry	/ˈsɪmətri/	n.  对称； 匀称， 整齐	...the incredible beauty and symmetry of a snowflake.	…雪花令人难以置信的美丽和对称。	同义：balance	同根：symmetrical  匀称的，对称的；symmetrically  对称地；平衡地；匀称地；symmetrize  使对称；使匀称；使相称
visualize	/ˈvɪʒuəlaɪz/	vt.  想象； 设想	I tried to visualize the house while he was describing it.	我一边听他描述，一边想象那房子的样子。	同义：imagine	同根：visualized  直观的；直视的；visually  形象化地；外表上；看得见地；vision  视力；美景；眼力；幻象；想象力
reap	/rip/	vt.  收割， 收获； 获得， 得到	You'll soon begin to reap the benefits of being fitter.	你很快就会获得身体更健康带来的好处。	同义：acquire, crop	同根：reaper  收割者；收割机；收获者
insect	/ˈɪnsɛkt/	n.  昆虫， 虫	an insect bite	昆虫的叮咬	同义：ratfink	
presume	/prɪˈzum/	vi. 擅自行事 vt. 推测，假定，相信；冒昧，擅自；认定，推定	They're resentful that outsiders presume to meddle in their affairs.	他们对外人擅自干预他们的事务怨恨不已。	同义：guess, depend	同根：presumable  可能有的；可推测的；presumptive  假定的；根据推定的；presumably  大概；推测起来；可假定
cable	/ˈkebl/	n. 缆，索，电缆，电报 vt.  给… 发电报， 用电报传送	cables and switches for computers	电脑的缆线和开关	同义：electrical conduit	同根：cablegram  海底电报
nasty	/ˈnæsti/	adj.  令人讨厌的， 令人厌恶的； 难弄的， 困难的； 严重的， 恶劣的， 险恶的； 下流的， 道德败坏的	Life has a nasty habit of repeating itself.	生活总是令人厌烦地重复着。	同义：blue	同根：nastily  污秽地；不洁地；讨厌地；nastiness  不洁，污秽
intense	/ɪnˈtɛns/	adj.  强烈的； 紧张的； 认真的； 热情的	Young people today are under intense pressure to succeed.	如今的年轻人面临要出人头地的巨大压力。	同义：burning	同根：intensive  加强的；集中的；透彻的；加强语气的；intensional  内涵的；紧张的；intensely  强烈地；紧张地；热情地
border	/ˈbɔrdɚ/	vi.  近似， 与…接壤 n. 边，边缘，边界 vt. 给…加上边，围；邻接	countries that border the Mediterranean	地中海沿岸的国家	同义：hil, go on for, aprx	同根：borderline  边界的；暧昧的；bordered  有边的；borderline  边界线，边界；界线
estate	/ɪˈstet/	n.  地产， 房地产	His estate was valued at $150,000.	他的遗产价值为15万美元。	同义：identity	
expense	/ɪkˈspɛns/	n.  花费， 消费， 费用； 开支， 业务费用	He borrowed £150,000 and used the money for legal expenses.	他借了15万英镑用于支付律师费。	同义：consumption	同根：expensive  昂贵的；花钱的；expendable  可消费的；排出的；不重复使用的；可牺牲的；expensively  昂贵地；乱花钱地
traverse	/trəˈvɝs/	vt.  横渡， 横越	two minutes to traverse the park	两分钟横穿公园	同义：crossrail, combat, circle, transcurrent	同根：travelling  旅行的；移动的；旅行用的；traversal  [计] 遍历；横越；横断物；traverser  否认者；横越者；（铁路的）转盘
rigorous	/ˈrɪɡərəs/	adj.  严密的， 缜密的； 严格的， 严厉的	a rigorous analysis of defence needs	对国防需求的缜密分析	同义：strict	同根：rigid  严格的；僵硬的，死板的；坚硬的；精确的；rigorously  严厉地；残酷地；rigidly  严格地；坚硬地；严厉地；牢牢地
yell	/jɛl/	n&vi.  号叫， 叫喊	‘Help me!’ she yelled hysterically.	“救救我！”她歇斯底里地大叫。	同义：scream out, cry	
contemporary	/kənˈtɛmpərɛri/	adj.  现代的， 当代的； 同时代的	She writes a lot of contemporary music for people like Whitney Houston.	她为惠特尼·休斯敦等人创作大量当代音乐作品。	同义：coeval, modern-day	同根：contemporaneous  同时期的；同时代的，同时发生的；contemporaneously  同时地；同时代地；contemporaneity  同一时期，同时代
tribe	/traɪb/	n.  部落； 族	a tribe of Aborigines known as the Dolphin People	一个叫“海豚族”的澳大利亚土著部落	同义：nationality	同根：tribal  部落的；种族的；tribalism  部落文化；部落制；部落制度；tribalization  部落化
activate	/ˈæktəˈvet/	vt.  使活动起来； 使开始作用	Cooking fumes may activate the alarm.	烹调时的油烟可能会触发警报器。	同义：stimulate	同根：active  积极的；活跃的；主动的；有效的；现役的；activated  活性化的；活泼的；actively  积极地；活跃地
mobilize	/ˈmobəlaɪz/	vi.  动员起来 vt. 动员；调动，鼓动起	an attempt to mobilize popular opinion	鼓动公众舆论的尝试	同义：organize	同根：mobile  机动的；易变的，；非固定的；mobile  运动物体；mobilization  动员；调动
mock	/mɑk/	vi. 嘲笑，嘲弄 adj.  模拟的， 演习的； 假的， 假装的 vt. 嘲笑，嘲弄；模仿	Opposition MPs mocked the government’s decision.	反对党议员讥笑政府的这一决策。	同义：guy, make game of, derisiveness, affected	同根：mocking  嘲弄的；mockingly  取笑地；愚弄地；mockery  嘲弄；笑柄；徒劳无功；拙劣可笑的模仿或歪曲
minibus	/ˈmɪnɪbʌs/	n.  小型公共汽车	He was then taken by minibus to the military base.	接着他被小型公共汽车带到了军事基地。	同义：microbus	同根：miniaturization  小型化，微型化；minicomputer  [计] 小型计算机；微型电脑；miniaturize  使小型化；使微型化（等于miniaturise）
repetitive	/rɪˈpɛtətɪv/	adj.  重复的， 反复性的	The song was dreary and repetitive.	这首歌又枯燥又重复。	同义：reduplicative	同根：repeated  再三的，反复的；repeatable  可重复的；可复验的；repetitious  重复的；唠唠叨叨的
gear	/ɡɪr/	n. 齿轮，传动装置，挡；用具，设备，衣服 vt.  使适应， 使适合	He’s crazy about photography – he’s got all the gear.	他对摄影很着迷——所有的器材他都有。	同义：apparatus, serve, actuate	同根：gearing  传动装置；gearing  以齿轮连起；配搭活动（gear的ing形式）
precipitate	/prɪˈsɪpɪtet/	v.  使突然发生； 猛然抛下； 使沉淀	The killings in Vilnius have precipitated the worst crisis yet.	维尔纽斯的杀戮事件快速引发了迄今为止最严重的危机。	同义：deposit, immerse, deposit, rapid	同根：precipitant  勇往直前的；急促的；突如其来的；precipitating  起沉淀作用的；急落的；猛冲的；precipitately  猛进地
endow	/ɪnˈdaʊ/	vt.  资助， 捐赠； 给予， 赋予， 认为…具有某种特质	You are endowed with wealth, good health and a lively intellect.	你天生赋有财富、健康，和敏锐的智力。	同义：gift	同根：endowment  捐赠；捐助；捐款；天资
financial	/faɪˈnænʃəl;fəˈnæ-/	adj.  财政的， 金融的	financial transactions	财务往来	同义：monetary	同根：financially  财政上；金融上；finance  财政，财政学；金融；financing  融资；财务；筹措资金
respective	/rɪˈspɛktɪv/	adj.  各自的， 各个的， 分别的	We all went back to our respective homes to wait for news.	我们都各自回家等待消息。	同义：several	同根：respectively  分别地；各自地，独自地
quiver	/ˈkwɪvɚ/	vi. 颤抖，发抖，抖动 n.  颤抖， 抖动， 颤声	The child was quivering in her arms.	那孩子在她怀里发抖。	同义：shock, quake, thrill	
slot	/slɑt/	n. 狭缝，狭槽；位置，空位 vt.  把…放入狭长开口中； 把…纳入其中， 使有位置	Alan dropped another quarter into the slot on the pay phone.	艾伦往付费电话的投币口里又塞了一枚 25 分的硬币。	同义：location, dog	
harden	/ˈhɑrdn/	v.  变硬	It will take about 24 hours for the glue to harden.	胶水干透大约需要24小时。	同义：stiffen	同根：hard  努力的；硬的；困难的；辛苦的；确实的；严厉的；猛烈的；冷酷无情的；hardened  变硬的；坚定的；hardy  坚强的；勇敢的；能吃苦耐劳的；鲁莽的
rot	/rɑt/	v. 腐烂，腐朽 n.  腐烂， 腐朽	Candy will rot your teeth.	吃糖会腐蚀牙齿。	同义：corruption, fall into decay, corrupt, rats	同根：rotting  沤麻；rotting  腐败，腐坏之（rot的现在分词形式）；深蚀刻
define	/dɪˈfaɪn/	vt.  给…下定义， 限定	I’ll now try to define the term ‘popular culture’.	我现在来试试给 “通俗文化” 这个词下定义。	同义：regulate	同根：definite  一定的；确切的；defined  有定义的，确定的；清晰的，轮廓分明的；definitive  决定性的；最后的；限定的
predict	/prɪˈdɪkt/	vt.  预言， 预告， 预测	Sales were five percent lower than predicted.	销售额比预期低5%。	同义：forecast	同根：predictable  可预言的；predictive  预言性的；成为前兆的；predictably  可预言地
dictate	/ˈdɪktet/	v. ['dIkteIt] n.  口授； 命令， 规定， 要求	Federal funds have to be used as dictated by Washington.	联邦款项得按照华盛顿规定的途径使用。	同义：require, instruction	同根：dictation  听写；口述；命令；dictator  独裁者；命令者
memorize	/ˈmɛməˈraɪz/	vt.  记住， 熟记	He studied his map, trying to memorize the way to Rose's street.	他研究了地图，努力记住去罗丝家那条街的路。	同义：retain	同根：memorial  记忆的；纪念的，追悼的；memory  记忆，记忆力；内存，[计] 存储器；回忆；memorial  纪念碑，纪念馆；纪念仪式；纪念物
render	/ˈrɛndɚ/	vt.  使得， 致使； 给予， 提供； 翻译	an obligation to render assistance to those in need	为有困难的人提供援助的义务	同义：introduce, cosmetic brush	同根：rendering  翻译；表现；表演；描写；打底；（建筑物等）透视图；rendering  给予补偿（rendr的ing形式）；rendering  致使；表演；打底（render的ing形式）
undermine	/ˈʌndɚˈmaɪn/	vt.  暗中破坏， 逐渐削弱； 侵蚀…的基础	economic policies that threaten to undermine the health care system	可能会损害医疗保健制度的经济政策	同义：destroy	
subjective	/səbˈdʒɛktɪv/	adj.  主观的， 个人的	As a critic, he is far too subjective.	作为评论家，他过于主观。	同义：personal	同根：subject  服从的；易患…的；受制于…的；subjectivist  主观主义的；subjectively  主观地；臆想地；内省地
blossom	/ˈblɑsəm/	vi.  开花； 发展， 长成 n. 花	The apple trees are just beginning to blossom.	苹果树正开始开花。	同义：succeed, bloom	同根：blossoming  开花；绽放
radical	/ˈrædɪkl/	adj. 根本的，基本的；激进的，激进派的 n.  激进分子	They are proposing radical changes to the way the company is run.	他们建议对公司经营模式进行重大改革。	同义：thorough, elements	同根：radically  根本上；彻底地；以激进的方式；radicalism  激进主义；radicle  幼根，[植] 胚根；（神经，血管等的）根；基，原子团
manifest	/ˈmænɪfɛst/	adj. 明显的，显然的，明了的 vt.  显示， 表明， 证明； 使显现， 使显露	a manifest error of judgment	明显的判断错误	同义：indicate, occur, passenger list, apparent	同根：manifestly  显然地；明白地；manifestation  表现；显示；示威运动
blunt	/blʌnt/	adj. 钝的；率直的，直言不讳的 vt.  使迟钝； 使减弱； 使钝	Sharpen all your blunt knives.	把你所有的钝刀子都磨一磨。	同义：dull, dull	同根：bluntly  坦率地，直率地；迟钝地；bluntness  钝；迟钝；率直
endeavor	/ɪnˈdɛvɚ/	n&v.  努力， 尽力， 尝试			同义：effort, apply oneself, apply oneself	同根：endeavour  尽力，竭力；endeavour  竭力；企图；endeavour  竭力做到，试图或力图（做某事）
relieve	/rɪˈliv/	vt.  使轻松， 使宽慰； 缓解， 减轻， 解除； 使得到调剂； 接替， 替下	Drugs helped to relieve the pain.	药物有助于舒缓疼痛。	同义：moderate	同根：relieved  放心的；relief  救济；减轻，解除；安慰；relieved  减轻；解除（relieve的过去分词）
quartz	/kwɔrts/	n.  石英	quartz crystals	石英晶体	同义：crystalline silica	
air-conditioning		n.  空调设备， 空调系统	The two chief function of any air-conditioning system are the regulation of air temperature and humidity.	任何空气调节系统的两大主要功能，就是调节空气的温度和湿度。		
employment	/ɪmˈplɔɪmənt/	n.  工作； 雇用； 使用	She was offered employment in the sales office.	她获聘在销售部工作。	同义：usage	同根：employable  适宜雇用的；有资格任职的；employee  雇员；从业员工；employ  使用；雇用
transport	/ˈtrænspɔrt/	vt. 运输 n.  运输， 运输工具	trucks used for transporting oil	运输石油的卡车	同义：carriage, convey	同根：transportable  可运输的；便携式的；transportation  运输；运输系统；运输工具；流放；transporter  运输机；输送者
specific	/spɪˈsɪfɪk/	adj. 特有的；明确的；具体的 n.  详情， 细节	games suitable for specific age groups	适合特定年龄组的游戏	同义：precise, quality	同根：specified  规定的；详细说明的；specialty  特色的；专门的；独立的；specialized  专业的；专门的
application	/ˌæpləˈkeʃən/	n.  申请， 申请书； 施用， 涂抹； 应用， 实施； 实用性	We receive hundreds of job applications each year.	我们每年收到数百封求职信。	同义：adhibition	同根：applicable  可适用的；可应用的；合适的；applicative  可适用的；applicatory  适用的；有用的；可应用的
productive	/prəˈdʌktɪv/	adj.  多产的， 富饶的； 富有成效的	Most of us are more productive in the morning.	我们大多数人在早上更有效率。	同义：fruitful	同根：productively  有结果地；有成果地；product  产品；结果；[数] 乘积；作品；produce  农产品，产品
prune	/prun/	vt.  修剪， 修整； 删除， 削减	The roses need pruning.	玫瑰需要修枝了。	同义：delete from, shear, stupid	同根：pruning  修剪用的；pruning  修剪；剪枝；pruning  修剪（prune的ing形式）
engage	/ɪnˈɡedʒ/	vt.  使从事于， 聘用； 吸引， 占用； 使订婚	She engaged the clutch and the car moved.	她踩下离合器，汽车便开动了。	同义：attract, comply	同根：engaged  使用中的，忙碌的；engaging  迷人的；engagingly  动人地；吸引人地
chord	/kɔrd/	n.  和弦， 和音； 弦， 心弦	Many of the things she says will strike a chord with other young women.	她说的许多话都能引起其他年轻女子的共鸣。	同义：hypothenuse	同根：chordal  弦的；和弦的；脊索的
semester	/səˈmɛstɚ/	n.  学期	the fall semester	秋季学期	同义：session	同根：semiannual  一年两次的；半年一次的；semiannually  每半年
strategy	/ˈstrætədʒi/	n.  战略， 策略	the government’s long-term economic strategy	政府的长期经济策略	同义：device	同根：strategic  战略上的，战略的；strategically  战略性地；战略上；strategist  战略家；军事家
remainder	/rɪˈmendɚ/	n.  余下的部分， 剩下的人数	The remainder must be paid by the end of June.	剩余款项必须在6月底之前支付。	同义：leaving, surplus, bargain sale, bargain sale	同根：remain  遗迹；剩余物，残骸；remains  残余；遗骸；remain  保持；依然；留下；剩余；逗留；残存
hypothesis	/haɪˈpɑθəsɪs/	n.  假设， 假说， 前提	One hypothesis is that the victim fell asleep while driving.	一种假设是受害人开车时睡着了。	同义：tentative	同根：hypothetical  假设的；爱猜想的；hypothetically  假设地；假想地；hypothesize  假设，假定
revolve	/rɪˈvɔlv/	vi.  旋转	The wheel began to revolve.	轮子开始旋转。	同义：wheel, turn over, rotation	同根：revolutionary  革命的；旋转的；大变革的；revolved  旋转的；revolution  革命；旋转；运行；循环
collapse	/kəˈlæps/	n&vi.  倒坍， 瓦解； 崩溃， 突然失败	Uncle Ted’s chair collapsed under his weight.	椅子承受不了特德叔叔的重量，塌架了。	同义：founder, crumple up, failure	同根：collapsible  可折叠的；可拆卸的；collapsibility  崩散性；易坍塌性
territory	/ˈtɛrətɔri/	n.  领土， 版图； 领域	Hong Kong is a Chinese territory.	香港是中国的领土。	同义：domain	同根：territorial  领土的；区域的；土地的；地方的；territorially  在领土方面；territorial  地方自卫队士兵
summon	/ˈsʌmən/	vt.  召唤， 传唤； 鼓起， 振作； 召集， 召开	Robert summoned the waiter for the bill.	罗伯特召唤服务员结账。	同义：stir oneself	
flare	/flɛr/	vi. 闪耀，烧旺；突发，突然发怒 n.  闪光信号， 照明弹	The fire flared up again.	火又忽地旺了起来。	同义：sparkle, burn, explosion	同根：flared  向外展开的（裙、裤）；flaring  燃烧的；发光的；引人注目的；flaring  [机] 扩口；舷缘外倾
accurate	/ˈækjərət/	adj.  准确的， 正确无误的	The brochure tries to give a fair and accurate description of each hotel.	该手册尽量公正、准确地介绍每一家酒店。	同义：precise	同根：accurately  精确地，准确地；accuracy  [数] 精确度，准确性
legend	/ˈlɛdʒənd/	n.  传说， 传奇故事； 传奇人物	Local legend has it that (= says that ) the island was the original Garden of Eden.	当地传说这个岛就是伊甸园的原型。	同义：explanation	同根：legendary  传说的，传奇的；legendary  传说集；圣徒传
maintain	/menˈten/	vt.  维持； 维修， 保养； 主张； 赡养	Careers Officers maintain contact with young people when they have left school.	年轻人离开学校以后，职业指导员和他们保持联系。	同义：pursue	同根：maintainable  可维持的；可主张的；可维修的；maintenance  维护，维修；保持；生活费用；maintainer  维修工；保持器
expertise	/ˈɛkspɝˈtiz/	n.  专门知识， 专长	She was not an accountant and didn't have the expertise to verify all of the financial details.	她不是会计，不具有核查所有这些财政细目的专业知识。	同义：special knowledge	同根：expert  熟练的；内行的；老练的；expert  专家；行家；能手；expertness  专门性；专业性
bargain	/ˈbɑrɡɪn/	vi.  讨价还价 n. 特价商品；协议，交易	They prefer to bargain with individual clients, for cash.	他们更愿意同个人客户洽谈，做现金交易。	同义：trade, bar tack, bar tack	同根：bargaining  讨价还价；交易；交涉；bargainer  交易者；买卖约定者；讨价还价的人；bargainor  卖方；出让人
erect	/ɪˈrɛkt/	adj.  竖直的， 挺直的 vt. 建造，使竖立	Martin stood erect on the platform.	马丁在讲台上笔直地站着。	同义：construct, straight, to stand on end	同根：erectly  直立地；erection  勃起；建造；建筑物；直立
professional	/prəˈfɛʃənl/	adj. 职业的，专业的，专门的 n.  自由职业者， 专业人员	This business plan looks very professional.	这个商业计划看上去很有专业水平。	同义：vocational, career man	同根：professionally  专业地；内行地；professedly  在表面上；公然地；专业地；profession  职业，专业；声明，宣布，表白
nil	/nɪl/	n.  无， 零	The new machine reduced labour costs to almost nil.	新机器把劳动成本几乎降到零。	同义：nothing	
identification	/aɪˌdentɪfɪˈkeʃn/	n.  身份证明； 鉴定， 验明， 认出； 认同	Do you have any identification?	你有什么身份证明文件吗？	同义：authentication	同根：identified  被识别的；经鉴定的；被认同者；identifiable  可辨认的；可认明的；可证明是同一的；identity  身份；同一性，一致；特性；恒等式
migrant	/ˈmaɪɡrənt/	n.  移居者， 移民； 候鸟， 迁移动物	The government divides asylum seekers into economic migrants and genuine refugees.	政府将寻求政治庇护的人划分为经济移民和真正的难民。	同义：visitor, ragamuffinly	同根：migratory  迁移的；流浪的；migration  迁移；移民；移动；migrator  移居者；候鸟
protein	/ˈprotin/	n.  蛋白质	Where do you get your protein?	你从哪里获得蛋白质？	同义：albumose, glaireous	同根：proteolytic  [生化] 蛋白水解的；解蛋白的；proteinaceous  蛋白质的；朊的；proteolytic  解朊作用
annual	/ˈænjuəl/	adj. 每年的，一年一次的 n.  年报， 年鉴； 一年生的植物	The school trip has become an annual event.	学校组织的旅行成了一年一度的活动。	同义：yearly, year book	同根：annually  每年；一年一次
exclusive	/ɪkˈsklusɪv/	adj. 奢华的，高级的；独有的；排斥的；不包括…的 n.  独家新闻	Bel Air is an exclusive suburb of Los Angeles.	贝莱尔是洛杉矶郊外一处高级住宅区。	同义：particular, scoop	同根：exclusively  唯一地；专有地；排外地；exclusion  排除；排斥；驱逐；被排除在外的事物；exclusiveness  排他性；排外性；独占
repertoire	/ˈrɛpɚˈtwɑr/	n.  全部节目	the behavioural repertoire of infants	婴幼儿的行为能力		同根：repertory  储备；仓库；全部剧目
poverty	/ˈpɑvɚti/	n.  贫穷， 贫困	Millions of elderly people live in poverty .	数百万老年人生活在贫困之中。	同义：difficulty	
resort	/rɪˈzɔrt/	vi. 求助，凭借，诉诸 n.  求助， 凭借， 诉诸； 求助的对象， 采用的手段； 常去之地， 胜地	His punishing work schedule had made him resort to drugs.	他那累人的工作日程已经使他不得不求助于毒品了。	同义：instrument, appeal	
testify	/ˈtɛstɪfaɪ/	vi. 作证，证明；表明，说明 vt.  作证， 证明	Mr Molto has agreed to testify at the trial.	莫尔托先生已经同意出庭作证。	同义：demonstrate, seal of	同根：testimonial  证明的；褒奖的；表扬的；testimonial  证明书；推荐书；testifier  证明者，证人
pearl	/pɝl/	n.  珍珠； 珠状物； 珍品	a pearl necklace	珍珠项链	同义：treasure, perlitic, impearl	同根：pearly  珍贵的；珍珠似的；生产珍珠的；用珍珠装饰的
conclusive	/kənˈklusɪv/	adj.  确实的； 最后的； 决定性的	Her attorneys claim there is no conclusive evidence that any murders took place.	她的律师们声称没有任何发生过谋杀的确凿证据。	同义：crucial	同根：concluding  结束的；最后的；conclusively  最后地；决定性地；conclusion  结论；结局；推论
margin	/ˈmɑrdʒən/	n.  页边空白； 差数， 差额； 余地； 边缘	Someone had scribbled a note in the margin .	有人在页边写了条批注。	同义：profit	同根：marginal  边缘的；临界的；末端的；marginally  少量地；最低限度地；在栏外；在页边；marginalization  边缘化；忽视；排斥
apt	/æpt/	adj.  易于…的， 有…倾向的； 恰当的， 适宜的； 聪明的， 反应敏捷的	‘Love at first sight’ is a very apt description of how he felt when he saw her.	用“一见钟情”来形容他见到她时的感觉再恰当不过。	同义：sensitive	同根：aptitudinal  聪明的；有倾向的；aptly  适宜地；适当地；aptitude  天资；自然倾向；适宜
remain	/rɪˈmen/	vi. 剩下，余留，保持；仍然是 n.  残余； 残骸； 遗迹	The refugees were allowed to remain in the UK.	难民获准留在英国。	同义：stop, debris	同根：remainder  剩余的；吃剩的；remainder  [数] 余数，残余；剩余物；其余的人；remainder  廉价出售；削价出售
pregnancy	/ˈprɛgnənsi/	n.  怀孕	This drug should not be taken during pregnancy.	这种药妊娠期间不得服用。	同义：conception	同根：pregnant  怀孕的；富有意义的
shabby	/ˈʃæbi/	adj.  破旧的， 衣衫褴褛的； 卑鄙的； 不公正的	Hugh’s jacket was old and shabby.	休的夹克衫又旧又破。	同义：poor	同根：shabbily  衣衫褴褛地，破旧地；不体面地；卑鄙地；shabbiness  衣衫褴褛；卑鄙；吝啬
toss	/tɔs/	vi. 掷钱币来决定；翻来覆去 vt. 扔，抛，掷；猛抬；拌；掷；使摇动，使颠簸 n.  掷钱币来决定； 猛抬头	I’ve been tossing and turning all night.	我一晚上辗转反侧。	同义：putting, wap, wallow	同根：tossing  洗矿；抖动，摇动；颠簸
demand	/dɪˈmænd/	vt. 要求，需要；询问 n.  要求， 需要	Angry demonstrators demanded the resignation of two senior officials.	愤怒的示威者要求两名高级官员辞职。	同义：exact, wish, necessity	同根：demanding  苛求的；要求高的；吃力的；demander  要求者，请求者；demanding  要求；查问（demand的ing形式）
reel	/ril/	vi. 摇摇晃晃地移动，蹒跚；眩晕，发昏 n. 卷轴，卷筒，卷盘 vt.  卷， 绕	Andy reeled away from the bar and knocked over his stool.	安迪踉跄着离开吧台，把凳子都撞倒了。	同义：roll, roll, revolution	同根：reeler  摇纱工；卷取机
pathetic	/pəˈθɛtɪk/	adj.  差劲的， 令人生厌的； 引起怜悯的， 可怜的， 可悲的	You’re pathetic! Here, let me do it.	你真没用！来，让我做吧。	同义：poor	同根：pathetically  可怜地；感伤地；悲哀地；情绪上地
dissipate	/ˈdɪsɪpet/	vi. 消散，消失 vt.  使消散， 使消失； 浪费， 挥霍	As he thought it over, his anger gradually dissipated.	他想明白后，怒气就渐渐消了。	同义：lose, to break up	同根：dissipated  消散的；沉迷于酒色的；闲游浪荡的；放荡的；dissipation  浪费；消散；[物] 损耗；dissipated  消散；浪费（dissipate的过去式）
flask	/flæsk/	n.  长颈瓶， 酒瓶， 烧瓶	He took out a metal flask from a canvas bag.	他从帆布袋里拿出了一个金属水瓶。	同义：lagena	
accuse	/əˈkjuz/	vt.  指责， 归咎于	The professor stands accused of (=  has been accused of  ) stealing his student’s ideas and publishing them.	那位教授被指控剽窃学生的观点拿去发表。	同义：blame, law	同根：accused  被控告的；accusatory  非难的，指责的；控诉的，控告的；accusing  指责的；非难的；归咎的
disturbance	/dɪˈstɝbəns/	n.  扰乱， 打扰； 骚乱， 混乱； 心神不安， 烦恼	There were disturbances in the crowd as fans left the stadium.	球迷离开体育场时，人群中发生了骚乱。	同义：interference	同根：disturbing  令人不安的；烦扰的；disturbed  扰乱的；为心理失常者而设的；disturber  打扰者；干扰发射机
visceral	/ˈvɪsərəl/	adj.  内脏的， 腑脏的； 出自内心的， 发自肺腑的	his visceral hatred of the ruling class	他对统治阶级发自肺腑的仇恨	同义：low	
simultaneous	/,saɪmlˈtenɪəs/	adj.  同时发生的， 同时存在的； 同步的， 一齐的	They grabbed each other’s hands in simultaneous panic.	他们俩同时惊慌起来，相互抓住对方的手。	同义：synchronous	同根：simultaneously  同时地；simultaneity  同时；[计][力] 同时性；同时发生；simulcast  同时联播
instructional	/inˈstrʌkʃənəl/	adj.  指导的， 教育的	...instructional material designed to help you with your lifestyle.	...旨在为你的生活方式提供帮助的指导材料。	同义：educational	同根：instructive  有益的；教育性的；instructively  有益地；教育地；instruction  指令，命令；指示；教导；用法说明
guarantee	/,ɡærənˈti/	n. 保证，担保物 vt.  保证， 担保	They offer a two-year guarantee on all their electrical goods.	他们所有的电器产品都有两年的保修期。	同义：assurance, assure	同根：guaranteed  有保证的，；有人担保的；guarantor  [金融] 保证人；guaranty  保证；抵押；担保物
odor	/ˈoʊdə/	n.  气味	An odor of corruption hangs about him.	他浑身散发着腐化堕落的气味。	同义：smell	同根：odorless  没有气味的；odorous  香的；有气味的；难闻的；odoriferous  臭的，散发气味的；芬芳的
predecessor	/ˈprɛdəsɛsɚ/	n.  前任， 前辈； 原有事物， 前身	Kennedy’s predecessor as President was the war hero Dwight Eisenhower.	肯尼迪总统的前任是战争英雄德怀特·艾森豪威尔。	同义：father	
acquire	/əˈkwaɪr/	vt.  取得， 获得； 学到	Manning hoped to acquire valuable works of art as cheaply as possible.	曼宁希望以尽可能低的价格买到有价值的艺术品。	同义：earn	同根：acquired  [医] 后天的；已获得的；已成习惯的；acquiring  捕获，探测；习得；瞄准；acquirement  取得；学得；才能；成就
literal	/ˈlɪtərəl/	adj.  照字面的， 原义的； 逐字的	In many cases, the people there are fighting, in a literal sense, for their homes.	多数情况下，那里的人们实际上都是在为他们的家园而战斗。	同义：written	同根：literally  照字面地；逐字地；literatim  （拉）逐字地；（拉）照原文；literalism  拘泥于字句；直译主义；彻底写实主义
notion	/ˈnoʃən/	n.  概念， 观念； 意图， 想法， 念头	She had no notion what he meant.	她根本不明白他是什么意思。	同义：concept	同根：notional  概念性的；想像的；抽象的；不切实际的
default	/dɪˈfɔlt/	v.  不履行义务， 拖欠 n. 违约，拖欠；弃权；预设，缺省	The credit card business is down, and more borrowers are defaulting on loans.	信用卡生意正在走下坡路，更多的借贷人不履行还贷责任。	同义：fall behind, shortage, walk out on sth.	同根：defaulter  缺席者；不履行者；违反军规者
arc	/ɑrk/	n.  弧形； 弧； 电弧， 弧光	the arc of a rainbow	彩虹的弧状		
beverage	/ˈbɛvərɪdʒ/	n.  饮料	alcoholic beverages	含酒精的饮料	同义：drink	
captive	/ˈkæptɪv/	adj. 被俘虏的，被捕获的 n.  俘虏	Her heart had begun to pound inside her chest like a captive animal.	她心如鹿撞，怦怦跳个不停。	同义：spellbound, prisoner	同根：captivating  迷人的；有魅力的；capture  捕获；战利品，俘虏；captivity  囚禁；被关
insane	/ɪnˈsen/	adj.  极蠢的， 荒唐的； 精神病的， 精神失常的， 疯狂的	That’s an insane risk.	那是疯狂的冒险之举。	同义：crazy	同根：insanely  疯狂地；狂暴地；精神错乱地；insanity  疯狂；精神错乱；精神病；愚顽；insaneness  狂暴；疯狂；荒谬
attribute	/əˈtrɪbjut/	vt.  把…归因于 n.  属性	Women tend to attribute their success to external causes such as luck.	女性往往把她们的成功归因于外因，如运气。	同义：particularity, ascribe to	同根：attributable  可归于…的；可归属的；attributive  定语的；归属的；属性的；attributively  属性地；修饰地
cemetery	/ˈsɛməˈtɛri/	n.  墓地， 公墓	Then we were at the entrance to the cemetery, and he asked.	不知不觉我们就来到了墓地入口，他又向我发问。	同义：graveyard	
genetic	/dʒəˈnɛtɪk/	adj. 遗传的 n.  [-s]遗传学	genetic defects	遗传性缺陷	同义：inherited	同根：genetical  遗传的；起源的；创始的；genic  基因的；由基因引起的；遗传学的；有关胚胎的；genetically  从遗传学角度；从基因方面
stitch	/stɪtʃ/	v.  缝， 绣 n. 一针，线迹；缝法，针法，编结法；突然剧痛	Mary is stitching a bedspread.	玛丽在缝床罩。	同义：steek, seam, sew up	同根：stitching  缝合；针脚；绑结；压合；stitcher  缝纫机；订书机；钉箱机；带材缝合机；stitching  缝；固定（stitch的ing形式）
triumph	/ˈtraɪəmf/	vi.  成功 n. 凯旋，胜利	All her life, Kelly had stuck with difficult tasks and challenges, and triumphed.	凯利在一生中遭遇了种种艰巨任务与挑战，但成功了。	同义：victory, arrive	同根：triumphant  成功的；得意洋洋的；狂欢的；triumphal  凯旋的，胜利的；triumphantly  成功地；耀武扬威地
vice	/vaɪs/	n.  罪恶， 恶习， 缺点； 虎钳	the fight against vice on the streets	打击街头犯罪	同义：defect, in place of, vise, deputy	
detection	/dɪˈtɛkʃən/	n.  察觉， 发觉； 侦查， 探测	...the early detection of breast cancer.	…乳腺癌的早期发现。	同义：exploration	同根：detective  侦探的；detectable  可检测的；可发觉的；detective  侦探
bowel	/ˈbaʊəl/	n.  肠； 内部， 深处	cancer of the bowel	肠癌	同义：interior	
arouse	/əˈraʊz/	vt.  引起； 唤起， 唤醒	Matt’s behavior was arousing the interest of the neighbors.	马特的行为渐渐引起了邻居的兴趣。	同义：encourage, make someone tick	
optimum	/ˈɑptəməm/	adj.  最合适的， 最优的， 最佳的	optimum conditions for growth	最适宜生长的条件		同根：optimal  最佳的；最理想的；optimally  最佳；最适宜；optimization  最佳化，最优化
suppress	/səˈprɛs/	vt.  压制， 镇压； 禁止发表， 查禁； 抑制， 忍住； 阻止…的生长	The uprising was ruthlessly suppressed.	起义受到了残酷的镇压。	同义：control	同根：suppressed  抑制的，发育不全的；suppressant  制止的；抑制性的；遏抑的；suppressive  抑制的；镇压的
pudding	/ˈpʊdɪŋ/	n.  布丁	chocolate pudding	巧克力布丁	同义：pud	同根：pud  手；前脚；布丁
wrinkle	/ˈrɪŋkl/	v.  起皱纹 n. 皱纹	Alex wrinkled up her nose at the smell.	闻到那股味道，亚历克丝皱起了鼻子。	同义：rugosity, crease, frounce	同根：wrinkled  具皱的，有皱纹的；wrinkly  有皱纹的；易生皱纹的；wrinkly  老人（俚语）
boring	/ˈbɔrɪŋ/	adj.  令人厌烦的， 乏味的， 无聊的	Her husband is about the most boring person I’ve ever met.	她丈夫可以说是我见过的最无聊的人。	同义：trying, drilling hole, drilling	同根：bored  无聊的；无趣的；烦人的；boringly  无趣地；沉闷地；bore  孔；令人讨厌的人
classic	/ˈklæsɪk/	adj. 最优秀的，典型的，标准的；传统式样的，典雅的 n. 文学名著，经典作品，杰作；优秀的典范；	The Coca-Cola bottle is one of the classic designs of the last century.	可口可乐瓶是上个世纪的经典设计之一。	同义：traditional, chefdoeuvre	同根：classical  古典的；经典的；传统的；第一流的；classy  优等的；上等的；漂亮的；classically  拟古地；古典主义地
supervise	/ˈsʊpɚˈvaɪz/	v.  监督， 管理， 指导	Griffiths closely supervised the research.	格里菲思密切指导该项研究。	同义：manage, direct	同根：supervisory  监督的；supervised  有监督的；supervisor  监督人，[管理] 管理人；检查员
gossip	/ˈɡɑsɪp/	vi.  传播流言蜚语 n. 流言蜚语；爱说长道短的人	Who knows how much of the gossip was true.	有谁知道这些流言蜚语有多少是真的呢？	同义：essay, chat about	同根：gossiper  爱闲聊的人；搬弄是非者（gossip的名词形式）；gossipmonger  爱说闲话的人，饶舌人
describe	/dɪˈskraɪb/	vt.  形容， 描写； 画出	The police asked her to describe the man.	警察叫她描述一下那名男子。	同义：represent	同根：descriptive  描写的，叙述的；描写性的；described  描述的；describable  可记述的；可描写的
dilemma	/dəˈlɛmə, daɪ-/	n.  窘境， 困境	a moral dilemma	道德上进退两难的窘境	同义：difficulty	
engagement	/ɪnˈɡedʒmənt/	n.  订婚， 婚约； 约会	Their engagement was announced in the paper.	他们订婚的消息在报上公布了。	同义：date	同根：engaged  使用中的，忙碌的；engaged  保证；约定；同…订婚（engage的过去分词）；engage  从事；答应，保证；交战；啮合
wealthy	/ˈwɛlθi/	adj.  富的， 富裕的	the wealthy nations of the world	世界上的富国	同义：rich, the rich	同根：wealthily  丰富地；富有地；wealth  财富；大量；富有
slum	/slʌm/	n.  贫民窟	a slum area	贫民区	同义：bustee	同根：slummy  贫民区的；贫民窟的
foam	/fom/	vi.  起泡沫， 吐白沫 n. 泡沫；泡沫材料，泡沫状物	The green water splashed and foamed over the rocks.	碧绿的水花四溅，岩石上满是泡沫。	同义：bubble, spume	同根：foamy  泡沫的；起泡沫的；全是泡沫的；foaming  发泡，泡沫形成；foamflower  泡沫花
disregard	/,dɪsrɪˈɡɑrd/	vt. 不理会，漠视 n.  忽视， 漠视	He ordered the jury to disregard the witness’s last statement.	他指示陪审团忽略证人的最后一句话。	同义：ignore, inobservancy	
administration	/əd,mɪnɪˈstreʃən/	n.  管理； 管理部门， 行政机关； 实行， 执行	We’re looking for someone with experience in administration.	我们正在寻找一个有管理经验的人。	同义：governance	同根：administrative  管理的，行政的；administrable  可管理的；可处理的；administrator  管理人；行政官
occasional	/əˈkeʒənl/	adj.  偶尔的， 间或发生的	He made occasional visits to London.	他有时候会去伦敦。	同义：extraordinary	同根：occasionally  偶而，间或；occasion  时机，机会；场合；理由；occasion  引起，惹起
dwell	/dwɛl/	vi.  居住	They dwelt in the forest.	他们住在森林里。	同义：belong	
incorporate		vt.  包含； 加上， 吸收； 把…合并， 使并入	The new cars will incorporate a number of major improvements.	这种新型汽车将包含许多重大的改进。	同义：involve, merge, amalgamative	同根：incorporated  合并的；组成法人组织的；incorporative  有结合倾向的；合并的；incorporation  公司；合并，编入；团体组织
debate	/dɪˈbet/	n&v.  争论， 辩论	the gun-control debate in the US	美国有关控制枪支的争论	同义：reason, deal, dispute	同根：debatable  成问题的；可争论的；未决定的；debater  讨论者；辩论家
extinguish	/ɪkˈstɪŋɡwɪʃ/	vt.  熄灭， 扑灭； 使消亡， 使破灭	Please extinguish all cigarettes.	请把香烟都熄灭了。	同义：silence	同根：extinct  灭绝的，绝种的；熄灭的；extinguishable  可熄灭的；可灭绝的；extinguisher  灭火器；消灭者；熄灭者
vulnerable	/ˈvʌlnərəbl/	adj.  易受伤的， 脆弱的； 易受攻击的， 难防御的	He took advantage of me when I was at my most vulnerable.	他在我最脆弱的时候利用了我。	同义：sensitive	同根：vulnerably  脆弱地；易受伤害地；vulnerability  易损性；弱点
furniture	/ˈfɝnɪtʃɚ/	n.  家具	I helped him choose the furniture for his house.	我帮他挑选房子里用的家具。	同义：equipment	
segment	/ˈsɛɡmənt/	n.  部分， 片段； 瓣	Decorate with orange segments.	用几瓣橙子作点缀。	同义：to cut up, dan, to cut up	同根：segmented  分段的；segmental  部分的；segmentation  分割；割断；细胞分裂
counterpart	/ˈkaʊntɚpɑrt/	n.  与对方地位相当的人， 与另一方作用相当的物	As soon as he heard what was afoot, he telephoned his German and Italian counterparts to protest.	他一听到在进行中的事，马上就给德国和意大利相应人员打电话抗议。	同义：repeat	
preach	/pritʃ/	vi.  布道， 说教 vt. 宣讲，布道；竭力鼓吹，宣传	He traveled the southern states, preaching the gospel .	他游历南方各州宣讲福音。	同义：drum in, boost, homily	同根：preaching  说教的；preachy  爱讲道的；爱唠叨的；preacher  牧师；传教士；鼓吹者
flank	/flæŋk/	n. 肋，肋腹，侧边；侧翼 vt.  位于…的侧面	We were attacked on our left flank.	我们的左翼受到攻击。	同义：side	同根：flanker  侧面堡垒；侧卫；在侧面的人或物
donate	/ˈdonet/	vt.  捐赠， 赠送	people who volunteer to donate blood	自愿献血者	同义：make a contribution to, give, contribution	同根：donated  捐赠的；donation  捐款，捐赠物；捐赠；donated  捐赠（donate的过去分词形式）
pendulum	/ˈpɛndʒələm/	n.  摆， 钟摆； 摇摆不定的事态	After several years of Republican government, the pendulum will undoubtedly swing back and voters will elect a Democrat.	由共和党执政数年后，选民无疑会掉过头来，选出一位民主党人。		同根：pendulous  下垂的，悬垂的；摇摆的
defiance	/dɪˈfaɪəns/	n.  违抗； 藐视	...his courageous defiance of the government.	…他对政府的大胆蔑视。	同义：resistance	同根：defiant  挑衅的；目中无人的，蔑视的；挑战的；defiantly  挑战地；对抗地
sovereign	/sɑvrɪn/	adj.  拥有最高统治权的， 至高无上的； 具有独立主权的 n. 君主，元首	Lithuania and Armenia signed a treaty in Vilnius recognizing each other as independent sovereign states.	立陶宛和亚美尼亚在维尔纽斯签订了一份互相承认各自为独立主权国家的协定。	同义：wonderful, emperor	同根：sovereignty  主权；主权国家；君主；独立国
attractive	/əˈtræktɪv/	adj.  有吸引力的， 引起注意的	an attractive young woman	妩媚动人的年轻女子	同义：dramatic	同根：attractable  可被吸引的；attractively  迷人地；有吸引力地；动人地；attraction  吸引，吸引力；引力；吸引人的事物
significant	/sɪɡˈnɪfɪkənt/	adj.  相当数量的； 重要的， 意义重大的， 意味深长的	His most significant political achievement was the abolition of the death penalty.	他政治上最重大的成就是废除了死刑。	同义：valid, symbol	同根：significative  有意义的；表示…的；为…提供推定证据的；significantly  意味深长地；值得注目地；significance  意义；重要性；意思
duplicate	/ˈduplɪket/	adj.  完全一样的， 复制的 n. 完全一样的东西，复制品 vt.  复制， 复印； 重复	A duplicate copy should be made for the county record office.	应该制作一个副本呈交县档案室。	同义：repeat, repeat, reproductive, print off	同根：duplicable  可加倍的；可再发生的，可复制的；duplication  复制；副本；成倍；dupe  上当者；易受骗的人
bleed	/blid/	vi. 出血，流血；泌脂 vt.  勒索…的钱	Your nose is bleeding.	你的鼻子流血了。	同义：extract, shed blood	同根：bloody  血腥的；非常的；嗜杀的，残忍的；血色的；bleeding  流血的；同情的；blooded  血统优良的；有血的
rein	/ren/	n. 缰绳 vt.  勒缰使停步； 控制， 约束	Cord held the reins while the stallion tugged and snorted.	当那匹牡马使劲挣扎，打着响鼻的时候，科德勒紧了缰绳。	同义：governance, possess	
decrease	/dɪˈkris/	v.  减少 n. [dI'kriːs]	The number of people who have the disease has decreased significantly in recent years.	近年来，这种病的患者人数明显下降。	同义：reduction, to cut down, shorten	同根：decreasing  渐减的；decreasing  减少；缩减（decrease的ing形式）
flutter	/ˈflʌtɚ/	vi. 振翼，拍翅而飞；飘动，飘扬；快速跳动 n.  紧张， 激动不安	A small bird fluttered past the window.	一只小鸟拍打着翅膀飞过窗前。	同义：fan, stream, swing	同根：fluttering  颤动的；翅膀拍打的；fluttering  振抖；测谎；fluttering  摆动；鼓翼；忙乱（flutter的ing形式）
volunteer	/,vɑlənˈtɪr/	v.  自愿； 自愿提供； 志愿 n. 志愿者；志愿兵	I volunteered my services as a driver.	我主动提出来当司机。		同根：voluntary  自愿的；志愿的；自发的；故意的；voluntary  志愿者；自愿行动
overlap	/ˈovəlæp/	v.  部分重叠； 部分相同 n.  重叠， 重叠的部分	When the bag is folded, the bottom overlaps one side.	把包折叠起来时，其底部与一边就重合了。	同义：repeat	同根：overlapping  重叠；覆盖；overlapping  与…重叠；盖过（overlap的ing形式）
materialism	/məˈtɪrɪəlɪzəm/	n.  唯物主义	a reaction to a world full of shallow materialism	对充满浅薄的物质主义思想的世界作出的回应		同根：material  重要的；物质的，实质性的；肉体的；materialistic  唯物主义的；唯物论的；materially  实质地；物质上；极大地
installment	/ɪnˈstɔlmənt/	n.  分期付款， 分期交付； 部分	Now she can reduce the installment size that she can afford to pay, by extending the loan period.	现在，她就可通过展延贷款周期来减小自己有能力支付的分期付款的规模。	同义：setting	同根：installing  安装的；installation  安装，装置；就职；instalment  分期付款；装设；就职
mourn	/mɔrn/	v.  哀悼； 感到痛心	Hundreds of people gathered to mourn the slain president.	成百上千人聚集在一起悼念遇刺的总统。	同义：grieve over	同根：mournful  悲哀的；令人惋惜的；mournfully  悲哀地；凄惨地；mourning  哀痛；服丧
cane	/ken/	n.  手杖； 茎	...cane furniture.	…藤制家具。	同义：walking stick	同根：caning  鞭打；caning  用笞杖（或荆条等）打（cane的ing形式）
trifle	/ˈtraɪfl/	vi.  嘲笑； 轻视 n. 琐事，小事，无价值的东西	There’s no point in arguing over trifles.	为琐事争吵毫无意义。	同义：cake, fool, lose	同根：trifling  微不足道的；轻浮的；trifling  浪费，闲聊（trifle的现在分词）
migrate	/ˈmaɪɡret/	vi.  迁徙， 移栖； 移居， 迁移	People migrate to cities like Jakarta in search of work.	人们移居到雅加达这样的城市找工作。	同义：to move, transplant	同根：migrant  移居的；流浪的；migratory  迁移的；流浪的；migration  迁移；移民；移动
Easter	/istəʳ/	n.  复活节	on Easter Sunday	在复活节星期日		
submit	/səbˈmɪt/	vi.  屈从， 听从； 忍受； 甘心 vt. 屈从，听从，服从；呈送，提交；主张，建议	In desperation, Mrs. Jones submitted to an operation on her right knee to relieve the pain.	绝望中，琼斯夫人不得已接受了一次她右膝的手术以减轻疼痛。	同义：maintain, put in	同根：subordinate  从属的；次要的；submissive  顺从的；服从的；柔顺的；subordinating  连接主句和从句的；从属的
novelty	/ˈnɑvlti/	n.  新奇事物； 新奇， 新奇感， 新奇性； 新颖小巧而廉价的物品	Many toys have no attraction beyond their novelty value.	许多玩具除了有些新奇感之外，别无吸引力。	同义：newness	同根：novel  新奇的；异常的；novel  小说；novate  契约的代替；用新事物代替
occupy	/ˈɑkjupaɪ/	vt.  占领； 占； 占有	Football occupies most of my leisure time.	足球占去了我大部分的闲暇时间。	同义：bag	同根：occupied  已占用的；使用中的；无空闲的；occupational  职业的；占领的；occupancy  居住；占有；占用
string	/strɪŋ/	n.  线， 细绳； 一串， 一行	Her key hung on a string around her neck.	她的钥匙穿了根绳子挂在脖子上。	同义：thread, spread	同根：stringy  绳的；纤维的；线；多筋的；stringer  纵梁，纵桁；上弦匠；[地质] 细脉；特约记者，特约通讯员；拉线人
boom	/buːm/	vi.  激增， 繁荣， 迅速发展； 发出隆隆声 n. 激增，繁荣，迅速发展；隆隆声，嗡嗡声	Business was booming , and money wasn’t a problem.	生意非常兴隆，钱已不是问题。	同义：prosperity	同根：booming  兴旺的，繁荣的；大受欢迎的；boomer  生育高峰中出生的人；赶往新兴地区安家的人；发出隆隆声者；发育完全的雄袋鼠；booming  兴旺（boom的ing形式）；发出隆隆声
absence	/ˈæbsns/	n.  缺席， 不在； 缺席的时间， 外出期； 缺乏， 不存在	In the absence of any evidence, the police had to let Myers go.	警察没有证据，只好把迈尔斯放了。	同义：shortage	同根：absent  缺席的；缺少的；心不在焉的；茫然的；absently  心不在焉地；absenteeism  旷工；旷课；有计划的怠工；经常无故缺席
attract	/əˈtrækt/	vt.  吸引， 引起…注意	I’m not usually attracted to blondes.	我一般不喜欢金发女子。	同义：engage, appeal	同根：attractive  吸引人的；有魅力的；引人注目的；attractable  可被吸引的；attractively  迷人地；有吸引力地；动人地
cautious	/ˈkɔʃəs/	adj.  十分小心的， 谨慎的	a cautious driver	一位谨慎的司机	同义：prudent	同根：cautiously  慎重地，谨慎地；caution  小心，谨慎；警告，警示；cautiousness  谨慎；小心
snatch	/snætʃ/	vi. 一把抓住 vt. 夺，夺走，抢走；一下子拉，一把抓住；抓住机会做，抽空做 n.  片断	I snatched a glance at the mirror.	我乘机瞥了一眼镜子。	同义：reif, capture, reave	同根：snatcher  绑架者；抢夺贼
blink	/blɪŋk/	vi. 眨眼睛；闪亮，闪烁 n.  眨眼睛； 一瞬间	I blinked as I came out into the sunlight.	我走出来，在太阳光下直眨眼睛。	同义：wink one's eyes, wink one's eyes, moment	同根：blinking  眨眼的；闪光的；可恶的；十足的；一眨眼的；blinking  非常；十足；blinking  闪烁；瞬目
summit	/ˈsʌmɪt/	n.  最高点， 峰顶； 最高级会议	the European summit	欧洲首脑会议	同义：height, first-chop	
perfume	/pɚˈfjum/	n. 香水，香料，香气 vt.  使充满芳香； 洒香水于	She was wearing the perfume that he’d bought her.	她擦了他买给她的香水。	同义：fragrance	同根：perfumed  芳香的；香味的；perfumer  香料商；香料制造人；喷过香水的人；perfumery  香水；香水商店；香水的制造
magnify	/ˈmæɡnɪfaɪ/	vt.  放大， 扩大； 夸大， 夸张	At the Sheffield arena, the speakers were magnified ten times on a giant screen.	在谢菲尔德体育馆，演讲者在一个巨大的屏幕上被放大了十倍。	同义：praise, enlarge	同根：magnified  放大的；magnification  放大；放大率；放大的复制品；magnifier  [光] 放大镜；[电子] 放大器
redundant	/rɪˈdʌndənt/	adj.  多余的， 过剩的	the removal of redundant information	多余信息的删除	同义：spare	
situated	/ˈsɪtʃuetɪd/	adj.  位于…的， 坐落在…的； 处于…境地的	His hotel is situated in one of the loveliest places on the Loire.	他的旅馆坐落在卢瓦尔的一个最优美的地方。		同根：situate  位于…的；sit  坐；位于；sit  使就座
recession	/rɪˈsɛʃən/	n.  衰退， 衰退期	the economic recession of the early 1980s	20世纪80年代初的经济衰退	同义：depression	同根：recessive  隐性的；逆行的；后退的；recessionary  （经济）衰退的；衰退期的；recessional  后退的；（英）议会休会的
doubtless	/ˈdaʊtləs/	adv.  无疑地， 肯定地	Doubtless there would be lots of rumours.	无疑会谣言四起。	同义：easily, established	同根：doubtful  可疑的；令人生疑的；疑心的；不能确定的；doubting  不相信的；有疑心的；doubtfully  怀疑地；含糊地
negative	/ˈnɛɡətɪv/	adj. 否定的，消极的；负的，阴性的 n.  负片， 底片； 负数	students with a negative attitude to school	对上学抱消极态度的学生	同义：passive, infirmation, deny	同根：negatively  消极地；否定地；negate  对立面；反面；negation  否定，否认；拒绝
impose	/ɪmˈpoz/	vt.  把…强加； 征	Parents should beware of imposing their own tastes on their children.	父母应该提防把自己的兴趣强加给孩子。	同义：do with, force	同根：imposed  强加的；施加的；应用的；imposing  （建筑物等）壮观的；威风的；（仪表）堂堂的；给人深刻印象的；imposition  征收；强加；欺骗；不公平的负担
statement	/ˈstetmənt/	n.  陈述， 声明； 结算单， 报表	In an official statement, she formally announced her resignation.	在一份官方声明中，她正式宣布辞职。	同义：presentation	同根：state  国家的；州的；正式的；stated  规定的；阐明的；定期的；state  国家；州；情形
trademark	/ˈtredˈmɑrk/	n.  商标， 牌号； 特征， 标记	The striped T-shirt became the comedian’s trademark.	条纹T恤衫成了这位喜剧演员的标记。	同义：brand	
factor	/ˈfæktɚ/	n.  因素， 因子； 系数	The rise in crime is mainly due to social and economic factors.	犯罪率上升主要由社会和经济因素造成。	同义：element	同根：factory  工厂；制造厂；代理店；factoring  [数] 因子分解，[数] 因式分解；保付代理；factorization  [数] 因子分解；[数] 因式分解
analogous	/əˈnæləɡəs/	adj.  类似的， 相似的； 可比拟的	Marine construction technology like this is very complex, somewhat analogous to trying to build a bridge under water.	像这样的海洋建筑技术非常复杂，有些类似于尝试在水下建筑一座桥。	同义：parallel	同根：analog  [自] 模拟的；有长短针的；analogue  类似的；相似物的；模拟计算机的；analogously  类似地；近似地
substance	/ˈsʌbstəns/	n.  物质； 实质； 大意， 要旨； 根据， 理由	The leaves were covered with a strange sticky substance.	树叶上覆着一层黏糊糊的怪东西。	同义：matter	同根：substantial  大量的；实质的；内容充实的；substantive  有实质的；大量的；真实的；独立存在的；substantially  实质上；大体上；充分地
complexion	/kəmˈplɛkʃən/	n.  肤色， 面色； 局面； 性质	Drinking water is good for the complexion.	喝水让气色变好。	同义：situation	
continuity	/ˈkɑntəˈnʊəti/	n.  连续， 持续	We should ensure continuity of care between hospital and home.	我们应当保证医院护理和家庭护理的连续性。	同义：series of	同根：continuous  连续的，持续的；继续的；连绵不断的；continual  持续不断的；频繁的；continued  继续的；持久的
sculpture	/ˈskʌlptʃɚ/	n.  雕刻， 雕塑； 雕刻作品， 雕塑品	...stone sculptures of figures and animals.	…人物及动物石雕。	同义：carving, grave	同根：sculptural  雕刻的；雕刻般的；sculptured  用刻纹装饰的；具刻纹的；sculpturesque  雕刻般的
target	/ˈtɑrɡɪt/	n.  靶， 标的， 目标	There is no target date for completion of the new project.	这个新的项目何时完工没有预定日期。	同义：goal	
momentum	/moˈmɛntəm/	n.  动力， 冲力， 势头； 动量	incentives to maintain the momentum of European integration	保持欧洲一体化发展势头的激励措施	同义：impetus	
wax	/waks/	n. 蜡，蜂蜡 vt.  给…上蜡	wax crayons	蜡笔	同义：increase, waxen	同根：waxy  柔软的；蜡色的；像蜡的；苍白的；waxed  上过蜡的；防水的；waxen  苍白的；蜡制的；柔软的
sensation	/sɛnˈseʃən/	n.  感觉能力； 感觉， 知觉； 轰动， 引起轰动的事件	Jerry realized that he had no sensation in his legs.	杰里意识到自己双腿都没有了知觉。	同义：consciousness	同根：sensible  明智的；明显的；意识到的；通晓事理的；sensational  轰动的；耸人听闻的；非常好的；使人感动的；sensory  感觉的；知觉的；传递感觉的
urban	/ˈɝbən/	adj.  都市的， 住在都市的	unemployment in urban areas	城市地区的失业状况	同义：city	同根：urbane  彬彬有礼的，温文尔雅的；都市化的；urbanized  城市化的；urbanization  都市化；文雅化
furthermore	/,fɝðɚˈmɔr/	adv.  而且， 此外	He is old and unpopular. Furthermore, he has at best only two years of political life ahead of him.	他年纪已老，又不得人心，而且他最多也只有两年的政治生命了。	同义：moreover	同根：further  更远的；深一层的；further  进一步地；而且；更远地；further  促进，助长；增进
timely	/ˈtaɪmli/	adj.  及时的， 适时的	The fight ended only with the timely arrival of the police.	幸亏警察及时赶到，打斗总算停止。	同义：well-timed, in good season	同根：time  定时的；定期的；分期的；timeless  永恒的；不受时间影响的；不合时宜的；timed  定时的，同步的；时控的
cape	/kep/	n.  斗篷， 披肩； 海角， 岬	Cape Cod	科德角	同义：ness	
discard	/dɪsˈkɑːrd/	vt.  丢弃， 抛弃， 遗弃	Read the manufacturer's guidelines before discarding the box.	先阅读制造商的说明书再把盒子丢掉。	同义：yield, fall out of, rejection	
delicate	/ˈdɛlɪkɪt/	adj.  纤细的； 易碎的； 微妙的； 精美的	delicate hand-cut glass	易碎的手工刻花玻璃	同义：subtle	同根：delicious  美味的；可口的；delicately  微妙地；精致地；优美地；delicacy  微妙；精密
rebel	/rɪˈbɛl/	vi.  反叛， 造反； 反对， 不服从 n. 反叛分子，反对者	Voters rebelled against high property taxes.	投票者们反对高额财产税。	同义：strive against, rat, resistant	同根：rebellious  反抗的；造反的；难控制的；rebelliously  难以控制地；造反地；rebellion  叛乱；反抗；谋反；不服从
subsidy	/ˈsʌbsədi/	n.  津贴， 补助金	European farmers are planning a massive demonstration against farm subsidy cuts.	欧洲的农场主们正在策划一场反对削减农场补贴的大游行。	同义：pension	同根：subsidized  补贴的，补助的；subsidization  补助；提供津贴；奖金；subsidized  资助或补助（subsidize的过去时和过去分词）
bounce	/baʊns/	v. 弹起，反弹，颠跳 n.  弹， 反弹	Stop bouncing up and down on the sofa.	别在沙发上蹦来蹦去了。	同义：energy, rebound	同根：bouncing  跳跃的；巨大的；活泼的；bouncy  有弹性的；快活的；精神饱满的；自大的；bouncer  保镖；巨大的东西；跳跃的人；吹牛者
obscene	/əbˈsin/	adj.  淫秽的， 下流的； 可憎的， 可恶的	Bradford made an obscene gesture.	布拉德福德做了个下流手势。	同义：salt	同根：obscenely  下流地；淫秽地；obscenity  猥亵，淫秽；猥亵的言语（或行为）
tissue	/ˈtɪʃu/	n.  组织； 薄绢， 薄纸， 手巾纸	a box of tissues	一盒面巾纸	同义：set	
Thanksgiving		n.  感恩节	He said sometimes they would invite some friends to share the happiness of Thanksgiving Day.	他说有时候他们也会邀请一些朋友来一起分享感恩节快乐。		
proficiency	/prəˈfɪʃənsi/	n.  熟练， 精通	I brought her proficiency up to the required level.	我把她的熟练程度提高到所规定的水平。	同义：proficient in	同根：proficient  熟练的，精通的；proficiently  精通地；proficient  精通；专家，能手
modest	/ˈmɑdɪst/	adj.  谦虚的； 适中的； 羞怯的	You’re too modest! You’ve been a huge help to us.	你太谦虚了！你帮了我们大忙呢。	同义：odest	同根：modestly  谨慎地；适当地；modesty  谦逊；质朴；稳重
cast	/kæst/	vt. 投，扔，抛；浇铸 n.  演员表， 全体演员； 石膏绷带； 铸型， 铸件； 投， 抛	the shade cast by low-hanging branches	低垂的树枝投下的阴影	同义：throw, putting, figure	同根：casting  铸造；铸件；投掷；角色分配；caster  铸工；脚轮；投手；调味瓶；casting  铸造；投掷；投向；选派演员；扔掉（cast的ing形式）
vocational	/voˈkeʃənl/	adj.  职业的， 业务的	vocational qualifications	职业资格	同义：professional	同根：vocationally  职业上地；职业性地；vocation  职业；天职；天命；神召
crush	/krʌʃ/	vt.  压碎， 碾碎， 镇压	His leg was crushed in the accident.	他的腿在事故中被压断。	同义：crunch, pile, compression	同根：crushing  压倒的；决定性的；不能站起来；支离破碎的；crusher  打击；[食品] 压碎机；压碎的东西；镇服人的事实；crushing  压破，征服，冲入（crush的过去式和过去分词形式）
hatred	/ˈhetrɪd/	n.  憎恶， 憎恨， 仇恨	A look of pure hatred flashed across her face.	她脸上闪过十足的仇恨表情。	同义：hate	同根：hatefully  可憎地；憎恨地；hate  憎恨；反感；hate  仇恨
slice	/slaɪs/	n. 薄片，切片，部分 vt.  切， 削， 剁	pizza slices	比萨块	同义：proportion, chip off, cut open	同根：sliced  （食物）已切成薄片的；slicing  切断，切片；限制，[电子] 限幅；slicer  切片机；截剪器；限制器
electron	/ɪˈlɛktrɑn/	n.  电子	Most things are balanced - with equal numbers of electrons and protons.	大部分物体都是电荷平衡的——含等量的电子和质子。	同义：elektron	同根：electronic  电子的；electronically  电子地；electronics  电子学；电子工业
embed	/ɪmˈbɛd/	vt.  把…嵌入， 扎牢； 使深留脑中	Feelings of guilt are deeply embedded in her personality.	负罪感在她的性格里根深蒂固。	同义：rear	
incline	/ɪnˈklaɪn/	n. 斜坡[In'klaIn] vt.  使倾斜	a steep incline	陡坡	同义：pitch, slope, hill	同根：inclined  趋向于…的；inclining  倾斜的；inclination  倾向，爱好；斜坡
elevate	/ˈɛlɪvet/	vt.  提升…的职位， 提高， 改善； 使情绪高昂； 举起， 使上升	Language has elevated humans above the other animals.	语言使人类高于其他动物。	同义：promote	同根：elevated  提高的；高尚的；严肃的；欢欣的；elevation  高地；海拔；提高；崇高；正面图；elevator  电梯；升降机；升降舵；起卸机
promising	/ˈprɑmɪsɪŋ/	adj.  有希望的， 有前途的	a promising career in law	很有前途的法律职业	同义：likely, undertaking	同根：promisingly  充满希望地；大有可为地；promise  许诺，允诺；希望；promisee  [金融] 受约人，承诺人
slick	/slɪk/	adj.  圆滑的， 口齿伶俐的； 精巧的， 巧妙的， 灵巧的； 光滑的， 滑溜的	He got round the defender using some slick footwork.	他用灵巧的步法突破了后卫的防守。	同义：intelligent, smoother, flexibly, smooth	同根：slickly  平滑地；灵巧地；熟练地；slickness  滑溜；巧妙；花言巧语
practicable	/ˈpræktɪkəbl/	adj.  可行的， 适用的	The only practicable course of action is to sell the company.	唯一可行的做法是把公司卖掉。	同义：feasible	同根：practical  实际的；实用性的；practically  实际地；几乎；事实上；practicably  实用地；能用地
item	/ˈaɪtəm/	n.  条， 条款	He opened the cardboard box and took out each item.	他打开纸板箱把里面的物品一一拿出来。	同义：event	同根：itemization  逐条记载；详细登录；itemize  逐条列记
counsel	/ˈkaʊnsl/	n. 律师，法律顾问；忠告，劝告 vt.  劝告， 提议	He had always been able to count on her wise counsel.	他总是能够指望她明智的忠告。	同义：advice, agree to sb	同根：counselor  顾问；法律顾问；参事（等于counsellor）；counsellor  顾问；参赞；辅导员（等于counselor）；律师；法律顾问；counselling  辅导；建议
canvas	/ˈkænvəs/	n.  帆布； 帆布画布， 油画	a canvas bag	帆布包	同义：sailcloth	
superintendent	/,supərɪnˈtɛndənt/	n.  主管人， 监管人， 负责人； 警长	a young park superintendent	年轻的公园负责人	同义：director	同根：superintendence  监督，指挥；管理；superintend  监督；主管；指挥；superintend  监督；管理；主管；指挥
probability	/ˈprɑbəˈbɪləti/	n.  可能性， 可能发生的事； 概率	You must decide whether, on the balance of probabilities , he committed the crime.	你们一定要权衡正反两方面的可能性，然后再裁定他是否犯罪。	同义：possibility	同根：probable  很可能的；可信的；probabilistic  概率性的；或然说的，盖然论的；probably  大概；或许；很可能
contention	/kənˈtɛnʃən/	n.  论点； 争论， 争辩	It is my contention that death and murder always lurk as potentials in violent relationships.	我的观点是，在暴力关系中总是潜伏着死亡和谋杀的可能。	同义：thesis	同根：contentious  诉讼的；有异议的，引起争论的；爱争论的；contender  竞争者；争夺者；contend  竞争；奋斗；斗争；争论
lofty	/ˈlɔfti/	adj.  高傲的， 傲慢的； 崇高的， 高尚的； 高耸的， 极高的	He stayed at the Four Seasons Hotel, from whose lofty heights he could see across New York.	他住在四季酒店，从酒店高处可以看到纽约的全景。	同义：high	同根：loftily  高尚地；傲慢地；loft  阁楼；顶楼；鸽房；loftiness  高；崇高；高傲
explicit	/ɪkˈsplɪsɪt/	adj.  详述的， 明确的， 明晰的； 直言的， 露骨的	The contrast could not have been made more explicit.	这个对比再清楚不过了。	同义：precise	同根：explicitly  明确地；明白地；explicitness  直言不讳；明确性
rely	/rɪˈlaɪ/	vi.  依靠， 依赖； 信赖， 指望	They relied heavily on the advice of their professional advisers.	他们非常依赖专业顾问的建议。	同义：trust	同根：reliable  可靠的；可信赖的；reliably  可靠地；确实地；reliable  可靠的人
slide	/slaɪd/	v. 滑；悄悄地移动 n.  滑动； 滑道， 滑面； 幻灯片	He slid open the door of the glass cabinet.	他滑开玻璃柜的门。	同义：transparency, bowl, slip	同根：sliding  变化的；滑行的；slider  滑动器；滑雪者；会滚动之物；sliding  滑；移动
utilize	/ˈjuːtəlaɪz/	vt.  利用	We must consider how best to utilize what resources we have.	我们必须考虑怎样充分利用现有的资源。	同义：do with	同根：utilized  被利用的；utile  有用的；有益的；utilizable  可利用的
sticky	/ˈstɪki/	adj.  黏性的， 胶粘的； 湿热的	There’s some sticky stuff in your hair.	你的头发上有什么黏糊糊的东西。	同义：glutinous	同根：sticking  粘的；有粘性的；stickily  粘的；粘乎乎地；stick  棍；手杖；呆头呆脑的人
prevail	/priˈvel/	vi.  流行， 盛行	A similar situation prevails in Canada.	同样的情况在加拿大也普遍存在。	同义：obtain	同根：prevailing  流行的；一般的，最普通的；占优势的；盛行很广的；prevailing  盛行，流行（prevail的现在分词形式）；获胜
excessive	/ɪkˈsɛsɪv/	adj.  过多的， 极度的	his excessive drinking	他的酗酒	同义：extreme	同根：excess  额外的，过量的；附加的；excessively  过分地；极度；excess  超过，超额；过度，过量；无节制
denial	/dɪˈnaɪəl/	n.  否认； 拒绝， 拒绝给予	It seems clear that despite official denials, differences of opinion lay behind the ambassador's decision to quit.	很清楚，尽管官方否认，人们对大使决定辞职还是有不同看法。	同义：contradiction	同根：deniable  可否认的；可拒绝的；可否定的；deny  否认；拒绝；deny  否定，否认；拒绝给予；拒绝…的要求
implicit	/ɪmˈplɪsɪt/	adj.  不言明的， 含蓄的； 内含的， 固有的； 无疑问的	...an implicit warning to the Moroccans not to continue or repeat the military actions they began a week ago.	…叫摩洛哥人不要继续或重复一周前开始的军事行动的含蓄警告。	同义：suggested	同根：implicative  含蓄的；连带的；implicitly  含蓄地；暗中地；implication  含义；暗示；牵连，卷入
intensify	/ɪnˈtɛnsɪfaɪ/	v.  增强， 加剧	In Junethe civil war intensified.	6月份内战更加激烈了。	同义：rise	同根：intense  强烈的；紧张的；非常的；热情的；intensive  加强的；集中的；透彻的；加强语气的；intensely  强烈地；紧张地；热情地
feminine	/ˈfɛmənɪn/	adj.  女性的， 女子的； 女子气的	Dianne loved pretty feminine things.	黛安娜喜爱漂亮有女人味的东西。	同义：female	同根：femininity  温柔；柔弱性；女子本性；femaleness  女性特征；女子本性；feminization  女性化；阴性化；雌性化
purity	/ˈpjʊrəti/	n.  纯净， 纯洁， 纯正	the purity of tap water	自来水的纯净度	同义：fineness	同根：pure  纯的；纯粹的；纯洁的；清白的；纯理论的；purified  净化的；精制的；purely  纯粹地；仅仅，只不过；完全地；贞淑地；清洁地
pattern	/ˈpætɚn/	n. 型，式样；模，模型 vt.  仿制， 使…仿效	a dress pattern	连衣裙的纸样	同义：mode, simulate	同根：patterned  有图案的，组成图案的；patternmaker  制模师，模型制造者；打样师；花样图案设计者；翻砂工；patterned  形成图案（pattern的过去分词）；摹制；复写
settle	/ˈsɛtl/	v.  安排， 安放； 调停； 支付， 核算； 安家； 飞落， 停留； 安定	When the children had settled, Miss Brown gave out the new reading books.	孩子们静下来后，布朗小姐给他们发新的故事书。	同义：deposit, decide	同根：settled  稳定的；固定的；settlement  解决，处理；[会计] 结算；沉降；殖民；settler  移居者；殖民者
heighten	/ˈhaɪtn/	v.  提高， 加强	There are fears that the march will heighten racial tension.	有人担心这次游行会加深种族间的紧张局势。	同义：enhance, strengthen	同根：high  高的；高级的；崇高的；高音调的；highly  高度地；非常；非常赞许地；high  高；奢侈地
vehicle	/ˈviəkəl/	n.  车辆， 机动车； 传播媒介， 工具， 手段	a description of the stolen vehicle	对被盗车辆的描述	同义：instrument	
scrape	/skrep/	v. 刮，擦；勉强过日子 n.  刮， 擦； 刮擦声	Scrape the carrots and slice them thinly.	把这些胡萝卜去皮切成薄片。	同义：difficulty, raw, shave off	同根：scraping  刮擦的；吝啬的；scraper  刮刀；铲土机；守财奴；scraping  刮削下的碎屑；刮擦声；抹去
web	/wɛb/	n.  网； 网络； 错综复杂的事物	a tangled web of relationships	复杂的关系	同义：net	同根：webbed  有蹼的；蜘蛛网状的；webby  丝网的；有蹼的；网状的；weblike  似网的
femininity	/ˈfɛməˈnɪnəti/	n.  女性气质	You don’t have to lose your femininity to be an independent, successful woman.	成为独立成功的女性并非就会失去女人味。	同义：softness	同根：female  女性的；雌性的；柔弱的，柔和的；feminine  女性的；妇女（似）的；阴性的；娇柔的；female  女人；[动] 雌性动物
plateau	/plæˈto/	n.  高原； 稳定时期	Inflation rates have reached a plateau.	通货膨胀率已趋平稳。	同义：altiplano, level out	
tragic	/ˈtrædʒɪk/	adj.  悲惨的， 可悲的； 悲剧的	The parents were not to blame for the tragic death of their son.	儿子的惨死不是他父母的错。	同义：evil	同根：tragical  悲剧的；悲剧性的；悲惨的；不幸的；tragically  悲剧地；悲惨地；tragedy  悲剧；灾难；惨案
grin	/ɡrɪn/	n.  咧嘴笑	He came into the room with a friendly grin on his face .	他走进房间，脸上带着亲切的微笑。		同根：grinning  露底，露齿笑；grinner  露齿而笑的人；grinning  露齿而笑（grin的现在分词形式）
grip	/ɡrɪp/	vt. 握紧，抓牢；吸引住…的注意力 n.  紧握	I gripped the rail and tried not to look down.	我紧紧抓住栏杆，尽量不往下看。	同义：governance, squeeze, clutch at	同根：gripping  扣人心弦的；引人注意的；令人全神贯注的；griping  绞肠的；gripping  扣人心弦（grip的ing形式）；握紧
reliance	/rɪˈlaɪəns/	n.  依靠， 依赖	the country’s heavy reliance on trade	该国对贸易的严重依赖	同义：belief	同根：reliant  依赖的；可靠的；信赖的
explore	/ɪkˈsplɔr/	v.  探险， 探索； 仔细查阅， 探究	Management need to explore ways of improving office security.	管理层需要探讨如何加强办事处的安全措施。	同义：detect, probe into	同根：explorative  探究的；探险的；探测的；exploration  探测；探究；踏勘；explorer  探险家；探测者，探测器
display	/dɪˈsple/	n&vt.  陈列， 展览； 显示	a dazzling display (= very good display ) of flowers	令人目眩神迷的花卉展	同义：exhibition, reveal	
electricity	/ɪˈlɛkˈtrɪsəti/	n.  电	The farm was very isolated, but it had electricity.	那个农场非常偏远，但有电力供应。	同义：electric power	同根：electric  电的；电动的；发电的；导电的；令人震惊的；electrical  有关电的；电气科学的；electrically  电力地；有关电地
climate	/ˈklaɪmɪt/	n.  气候； 风土， 地带； 风气， 气氛	Los Angeles’ warm dry climate	洛杉矶温暖干燥的气候	同义：weather	同根：climatic  气候的；气候上的；由气候引起的；受气候影响的；climatically  气候上；由气候引起地；风土上（climatic的副词）；clime  气候；地方
tentative	/ˈtɛntətɪv/	adj.  试探的， 试验的	I passed on my tentative conclusions to the police.	我把我的初步结论递交给了警方。	同义：experimental, hypothesis	同根：tentatively  暂时地；试验性地
disorder	/dɪsˈɔrdɚ/	n.  混乱， 杂乱； 骚乱	severe eating disorders such as bulimia and anorexia	像贪食症和厌食症这类严重的进食障碍	同义：chaos, upset	同根：disordered  混乱的；害了病的；发狂的；失调的；disorderly  混乱的，无秩序的；骚乱的；无法无天的；disorderly  杂乱地，无秩序地
criticize	/ˈkrɪtəˈsaɪz/	vt.  批评， 评论， 非难	Ron does nothing but criticize and complain all the time.	罗恩什么也不干，只是一味指责和抱怨。	同义：observe on, observe on	同根：critical  鉴定的；[核] 临界的；批评的，爱挑剔的；危险的；决定性的；评论的；critically  精密地；危急地；批评性地；用钻研眼光地；criticism  批评；考证；苛求
preside	/prɪˈzaɪd/	vi.  主持，主管	I shall be pleased to preside at your meetings.	我很高兴主持你们的会议。	同义：to chair, manage	
economic	/ˌikəˈnɑmɪk, ˌɛkəˈ-nɑmɪk/	adj. 经济的；经济学的 n.  经济学； 经济状况	Economic growth is slow.	经济增长缓慢。		同根：economical  经济的；节约的；合算的；econometric  计量经济学的；economically  经济地；在经济上；节俭地
transistor	/trænˈzɪstɚ/	n.  晶体管， 晶体管收音机			同义：tansistor	同根：transistorized  晶体管化的；装有晶体管的；transistorized  装上晶体管（transistorize的过去式）；transistorize  装上晶体管
statistics	/stəˈtɪstɪks/	n.  统计学； 统计表	statistics for earnings by different age groups		同义：correlations	同根：statistic  统计的，统计学的；statistical  统计的；统计学的；statistically  统计地；统计学上
grim	/ɡrɪm/	adj.  讨厌的， 糟糕的； 严厉的； 冷酷的， 无情的	‘I’ll survive,’ he said with a grim smile.	“我死不了。”他阴笑着说。	同义：frozen	同根：grimly  可怕地；冷酷地；严格地
giggle	/ˈɡɪɡl/	n.  咯咯笑， 傻笑	‘Catch me if you can,’ she said with a giggle.	“你来抓我呀。”她咯咯地笑着说。	同义：smirk	
offspring	/ˈɔfsprɪŋ/	n.  子女， 子孙， 后代； 崽	a young mother trying to control her offspring	一个想管住自己孩子的年轻妈妈	同义：child	
arrest	/əˈrɛst/	vt. 逮捕，拘留；停止，阻止；吸引 n.  逮捕， 拘留， 扣留	He was arrested and charged with murder.	他遭到逮捕并被指控谋杀。	同义：absorb, prison	同根：arresting  醒目的，有趣的；引人注意的；arrester  [电] 避雷器；[机] 制动器；防止装置；逮捕者；arresting  逮捕（arrest的ing形式）
mature	/məˈtʃʊr/	adj. 成熟的，成年人的；深思熟虑的；到期的，应支付的 vt.  使成熟	Laura is very mature for her age .	相对她的年龄来说劳拉是很成熟的。	同义：developed, age	同根：matured  成熟的；到期的；maturely  成熟地；充分地；maturity  成熟；到期；完备
notification	/ˈnotəfəˈkeʃən/	n.  通知， 告示； 通知书	Names of the dead and injured are being withheld pending notification of relatives.	伤亡者的姓名在通知亲属前不被公布。	同义：advice	同根：notice  通知，布告；注意；公告；notice  引起注意；notice  通知；注意到；留心
overflow	/,ovɚˈflo/	vi. 满得外溢，外流，泛滥；充满，洋溢 vt.  淹没， 从…中溢出， 多得无法容纳 n.  容纳不下的物； 溢出， 满出； 溢流口， 溢流管	The drains flooded and water overflowed down the main street.	下水道被淹，水溢到了大街上。	同义：spill over, filled with, spill	同根：overflowing  过剩的，溢出的；充满的；overflowing  溢流，过剩；溢出物
provoke	/prəˈvok/	vt.  对…挑衅， 激怒； 激起， 引起	The novel has provoked fierce debate in the US.	那部小说在美国引发了激烈的争论。	同义：fan	同根：provoking  刺激的；令人生气的，激怒人的；provoked  被激怒的；受到挑衅的；provocation  挑衅；激怒；挑拨
threaten	/ˈθrɛtn/	v.  威胁， 恐吓； 预示快要来临； 构成威胁， 可能发生	Postal workers are threatening a strike if they don’t receive a pay increase.	邮政工人威胁如果不加薪，他们就要罢工。	同义：indicate, to menace	同根：threatened  受到威胁的；threatening  危险的；胁迫的；凶兆的；threateningly  威胁地；危险地；险恶地
enrich	/ɪnˈrɪtʃ/	vt.  充实， 使丰富； 使富裕， 使富有	Add fertilizer to enrich the soil.	施上肥料使土壤肥沃。	同义：fertilize	同根：enrichment  丰富；改进；肥沃；发财致富
foil	/fɔɪl/	n. 箔，金属薄片；陪衬，衬托 vt.  挫败， 使受挫折	chocolates in foil wrappers	箔纸包的巧克力	同义：defeat, tole	同根：foiled  有叶形装饰的；foiling  叶形饰；锡箔；foiled  阻止（foil的过去式和过去分词）
strain	/stren/	v.  扭伤， 拉伤； 尽力使用， 紧张； 拉紧； 尽力 n. 拉紧；过劳，极度紧张；张力；扭伤，拉伤；旋律；品种，家系；气质，个性特点	I’ve strained a muscle in my leg.	我的腿有一处肌肉拉伤。	同义：tension, tauten, abuse	同根：strained  紧张的；勉强的；牵强附会的；滤过的；strainer  过滤器；松紧扣；用力拉的人，拉紧者；strained  使紧张（动词strain的过去式和过去分词）
negotiate	/nɪˈɡoʃɪet/	v.  洽谈， 协商， 谈判； 顺利通过， 成功越过	His first aim is to get the warring parties back to the negotiating table (= discussing something ).	他的首要目标就是把交战各方拉回到谈判桌上。	同义：transfer, transact	同根：negotiable  可通过谈判解决的；可协商的；negotiation  谈判；转让；顺利的通过；negotiator  谈判者；磋商者；交涉者
cellar	/ˈsɛlɚ/	n.  地窖， 地下室； 酒窖	a coal cellar	煤窖	同义：basement	同根：cellarage  地窖；地窖容积；地窖贮藏费
tangle	/ˈtæŋɡl/	v. 缠结，乱作一团 n.  乱糟糟的一堆， 混乱； 复杂的问题； 困惑	My hair tangles easily.	我的头发很容易打结。	同义：dissension, intertangle, rough and tumble	同根：tangled  紊乱的；纠缠的；缠结的；复杂的
package	/ˈpækɪdʒ/	n. 包裹，包装；一揽子交易 vt.  把…打包； 包装	There’s a package here for a Miami Lakes address.	这里有一个寄往迈阿密湖的包裹。	同义：envelopment, parcel	同根：packed  （常用来构成复合词）充满…的，塞满了…的；packaged  包装过的；packable  可捆扎的；可打包的；可压紧的
intrigue	/ˈɪnˈtriɡ/	vi. 耍阴谋，施诡计 vt. 激起…的好奇心，迷住 n.  阴谋， 诡计， 密谋	Other people’s houses always intrigued her.	别人的房子总令她好奇。	同义：scheme, plot	同根：intriguing  有趣的；迷人的；intriguer  [法] 密谋者，阴谋者；私通者；intriguing  引起…的兴趣；策划阴谋；私通（intrigue的ing形式）
orient	/ˈorɪənt/	vi. 转向特定方向；适应[theO-] vt. 使适应，使熟悉情况；使朝向，以…为方向 n.  东方， 亚洲， 东半球	You will need the time to orient yourself to your new way of eating.	你需要时间适应新的吃法。	同义：adapt, east, eastern, to the east	同根：oriented  导向的；定向的；以…为方向的；oriental  东方的；东方人的；orientation  方向；定向；适应；情况介绍；向东方
crisis	/ˈkraɪsɪs/	n.  危机， 存亡之际； 关键阶段	The country now faces an economic crisis .	该国目前正面临一场经济危机。	同义：defining moment	
handicap	/ˈhændɪˈkæp/	n. 缺陷；障碍，不利条件 vt.  妨碍， 使不利	Not speaking the language is a real handicap.	不会讲这种语言的确是一个障碍。	同义：obstacle, let	同根：handicapper  裁判人员；（赛马时）决定优劣条件之人
survival	/sɚˈvaɪvl/	n.  幸存； 幸存者； 残存物	The doctors gave him a one in ten chance of survival .	医生说他有十分之一的生存希望。	同义：remanet	同根：surviving  继续存在的；未死的；依然健在的；survivor  幸存者；生还者；残存物；survivalist  活命主义者；成功地活下来的人
shatter	/ˈʃætɚ/	vi.  碎裂 vt. 使粉碎，砸碎；使破灭；使震惊	The explosion shattered the building.	这次爆炸把大楼炸成一片废墟。	同义：destroy, size reduction, debris	同根：shattering  破碎的；令人震惊的；令人极度疲劳的；shattering  破碎；震裂；脱落现象；粉碎理论；shattering  打碎；削弱；使震惊（shatter的ing形式）
plea	/pli/	n.  恳求， 请求； 抗辩， 答辩， 辩护； 借口， 托辞	Caldwell made a plea for donations.	考德威尔恳求捐款。	同义：explanation	同根：pleading  恳求的；pleading  恳求；答辩；辩论，诉状；pleading  辩护（plead的ing形式）
persuasion	/pɚˈsweʒn/	n.  说服， 劝说； 信念， 信仰	After a little gentle persuasion , Debbie agreed to let us in.	好言劝说了几句后，黛比就同意让我们进去了。	同义：faith	同根：persuade  空闲的，有闲的；persuasive  有说服力的；劝诱的，劝说的；persuadable  可说服的；可劝说的
keen	/kin/	adj.  热心的； 激烈的； 敏锐的， 敏捷的	keen students	求知若渴的学生	同义：acute, elegy	同根：keenly  敏锐地；强烈地；锐利地；keenness  敏锐；锐利
nutrition	/nuˈtrɪʃən/	n.  营养	Nutrition and exercise are essential to fitness and health.	营养和运动是保持健康所必不可少的。	同义：alimentation	同根：nutrient  营养的；滋养的；nutritious  有营养的，滋养的；nutritional  营养的；滋养的
detective	/dɪˈtɛktɪv/	n.  侦探， 私人侦探	She hired a detective to find out if her husband was having an affair.	她雇了一个私人侦探调查她丈夫是否有外遇。	同义：tec	同根：detection  侦查，探测；发觉，发现；察觉；detector  检测器；发现者；侦察器；detect  察觉；发现；探测
transfer	/trænsˈfɝ/	v.  搬， 转移； 调动， 转学； 转让， 过户； 乘车， 转乘	He was transferred for a fee of £8 million.	他以800万英镑的转会费转到了其他球队。	同义：negotiation, make over, hand	同根：transferase [生化] 转移酶；转换酶；transferable  可转让的；[数] 可转移的；transferrable  可转移的；可传递的；可转换的
veteran	/ˈvɛtərən/	adj.  经验丰富的 n. 老手；老兵	He is a veteran of the last revolution in medical technology, gene therapy, which, after some hyped expectations in the 1990s, fell into disfavor after some unsuccessful trials.	他是基因治疗这项最新医学技术的老手，经过了1990年代的兴奋期和之后几次失败的实验后，基因治疗技术已经失宠了。	同义：old moustache, seasoned	
cereal	/ˈsɪrɪəl/	n.  加工而成的谷类食物； 谷类植物， 谷物	a bowl of breakfast cereal	一碗早餐麦片	同义：corn, corny	
esthetic	/ɛsˈθɛtɪk/	adj.  美学的， 审美的； 悦目的， 雅致的			同义：aesthetic, aesthetics	同根：esthetical  美的，富美感的；美术的；esthetics  美学；esthete  唯美主义者；美学家
indifferent	/ɪnˈdɪfrənt/	adj.  冷漠的， 不积极的； 一般的， 平平的	an indifferent cook	手艺平平的厨师	同义：neutral	同根：indifferently  冷淡地；漠不关心地；平庸地；相当差地；indifference  漠不关心；冷淡；不重视；中立
affection	/əˈfɛkʃən/	n.  感情； 爱， 爱慕	She thought of him with affection.	她怀着喜爱想起了他。	同义：infection	同根：affected  受到影响的；做作的；假装的；affective  情感的；表达感情的；affecting  动人的；感人的
diversion	/dəˈvɝʒən; dəˈvɝʃən; daɪˈvɝʒən; daɪˈvɝʃən/	n.  转移， 转向； 消遣， 娱乐； 临时绕行路	...the illegal diversion of profits from secret arms sales.	…销售秘密武器所得收益的非法转移。	同义：entertainment	同根：diverting  有趣的；令人快乐的；diversionary  转换注意力的；牵制性的；divertingly  消遣地；有趣地；消愁解闷地
elementary	/,ɛlɪˈmɛntri/	adj.  基本的， 初级的	the elementary principles of justice and democracy	正义和民主的基本信条	同义：basic	同根：elemental  基本的；主要的；自然力的；四大要素的（土、水、气、火）；element  元素；要素；原理；成分；自然环境
eagle	/ˈigl/	n.  鹰	The eagle plumed its wing.	这只鹰整理它的翅膀。	同义：hawk	
solemn	/ˈsɑləm/	adj.  庄严的， 隆重的； 严肃的	a solemn expression	严肃的表情	同义：serious	同根：solemnly  庄严地；严肃地；solemnity  严肃；庄严；一本正经；solemnization  举行仪式；庄严化；隆重的庆祝
embarrass	/ɪmˈbærəs/	vt.  使窘迫， 使为难	He didn’t want to embarrass her by asking questions.	他不想提问让她尴尬。	同义：slow	同根：embarrassed  尴尬的；窘迫的；embarrassing  使人尴尬的；令人为难的；embarrassment  窘迫，难堪；使人为难的人或事物；拮据
erroneous	/ɪˈronɪəs/	adj.  错误的， 不正确的	His economic predictions are based on some erroneous assumptions.	他的经济预测是基于错误假设之上的。	同义：false	同根：erroneously  错误地；不正确；erroneousness  不正确）；错误（有误差
option	/ˈɑpʃən/	n.  选择， 选择权， 选择自由； 选择的事物， 选课	There are a number of options available.	有多种选择。	同义：election	同根：optional  可选择的，随意的；optional  选修科目；opt  选择
limitation	/,lɪmɪˈteʃən/	n.  限制， 限度； 局限	a nuclear limitation treaty	核限制条约	同义：restriction	同根：limited  有限的；limitless  无限制的；无界限的；limiting  限制的；限制性的
jog	/dʒɑɡ/	n&v.  慢跑； 轻轻碰撞	I go jogging every morning.	我每天早晨都去慢跑。	同义：surge, canter, dogging	同根：jogging  慢跑；jogger  慢跑者；[印刷] 撞纸机；jogging  慢跑（jog的ing形式）；轻推；唤起
terrify	/ˈtɛrəˌfaɪ/	vt.  使害怕， 使惊吓	Her husband’s violence terrified her.	丈夫的暴力行为让她感到害怕。	同义：gallow	同根：terrific  极好的；极其的，非常的；可怕的；terrified  感到恐惧的；受惊吓的；terrifying  令人恐惧的；骇人的；极大的
handbook	/ˈhændbʊk/	n.  手册， 便览	the Fiction Writer’s Handbook	《小说写作手册》	同义：manual	
ascertain	/ˈæsɚˈten/	vt.  弄清， 查明； 确定	A postmortem was ordered to try to ascertain the cause of death.	下令验尸以查明死因。	同义：confirm	同根：ascertainable  可查明的；可确定的
contribute	/kənˈtrɪbjut/	v.  捐献， 捐款； 投稿	The three sons also contribute to the family business.	3个儿子也为家族企业做贡献。	同义：make contribution, make contribution	同根：contributing  贡献的；起作用的；contributory  捐助的；贡献的；有助于…的；contributive  出资的；贡献的；有助于；助长...的
insert	/ˈɪnsɝt/	vt.  插入， 嵌入； 登载	He took a small key from his pocket and slowly inserted it into the lock.	他从衣袋里掏出一把小钥匙，然后缓缓地将其插入锁孔里。	同义：bed, inlet	同根：insertion  插入；嵌入；插入物
faith	/feθ/	n.  信任， 信心； 信仰， 信条	People have lost faith in the government.	人们已失去了对政府的信心。	同义：belief	同根：faithful  忠实的，忠诚的；如实的；准确可靠的；faithless  不忠实的；无信的；无宗教信仰的；faithfully  忠实地；如实地；诚心诚意地；深信着地
inspiration	/ˌɪnspəˈreʃən/	n.  灵感； 鼓舞人心的人	The Malvern Hills have provided inspiration for many artists and musicians over the decades.	几十年来，莫尔文丘陵为很多艺术家和音乐家提供了灵感。	同义：stimulation	同根：inspired  有灵感的；官方授意的；inspiring  鼓舞人心的；灌输的；启发灵感的；inspiratory  吸入的；吸气的
endurance	/ɪnˈdʊrəns/	n.  忍耐力； 持久， 耐久	She was pushed beyond her powers of endurance.	她被逼得忍无可忍。	同义：staying power	同根：enduring  持久的；能忍受的；endurable  能忍耐的；可忍受的；能持久的；enduringly  耐久地；永久地
highlight	/ˈhaɪlaɪt/	vt. 强调，突出，使显著 n.  最精彩的部分， 最重要的事件	Your résumé should highlight your skills and achievements.	你的简历应该突出自己的技能和成绩。	同义：emphasize, first thing	同根：highlighting  增强亮度；突出性，醒目性；highlighter  萤光笔，亮光笔；轮廓色；highlighting  使…显著；以强光照射（highlight的ing形式）
candidate	/ˈkændɪˌdet, -dɪt/	n.  候选人， 投考者， 申请求职者	a presidential candidate	总统候选人	同义：examinee	同根：candidacy  候选资格；候选状态；candidature  [法] 候选人资格；候选人的地位（等于candidacy）
strive	/straɪv/	vi.  努力， 奋斗， 力求	He strives hard to keep himself very fit.	他努力使自己保持非常的健康。	同义：apply oneself	同根：striving  努力；斗争；striver  奋斗者；striving  努力（strive的现在分词）；奋斗；力争
database	/ˈdetəbes/	n.  数据库	customer details held on a database	存储在数据库内的客户详细信息	同义：dbase	
intelligible	/ɪnˈtɛlɪdʒəbl/	adj.  可理解的， 明白易懂的， 清楚的	His reply was barely intelligible.	他的回复几乎让人听不懂。	同义：accessible	同根：intellectual  智力的；聪明的；理智的；intelligent  智能的；聪明的；理解力强的；intellectually  智力上；理智地；知性上
parallel	/ˈpærəlɛl/	adj. 并列的，平行的；类似的；对应的；并联的 n. 可相比拟的事物，相似处；平行线，平行面；纬线 vt.  与…相似， 与… 相当， 比得上	Lines AB and CD are parallel. AB	线与CD线平行。	同义：contrast, same	同根：parallelism  平行；类似，对应；parallelepiped  平行六面体；parallelize  平行放置；使……平行于……
reject	/rɪˈdʒɛkt/	vt.  拒绝； 拒纳， 退回， 摈弃 n.  被拒货品， 不合格产品	Sarah rejected her brother’s offer of help.	萨拉拒绝了她弟弟的帮助。	同义：refuse, inferior	同根：rejective  拒绝的；排斥的；rejection  抛弃；拒绝；被抛弃的东西；盖帽
hospitality	/,hɑspɪˈtæləti/	n.  友好款待， 好客	Thanks for your hospitality over the past few weeks.	感谢你几周来的热情款待。	同义：complaisance	同根：hospital  医院
sheer	/ʃɪr/	adv. 垂直地，陡峭地 vi.  急转向， 偏离 adj. 完全的，十足的；陡峭的，垂直的；极薄的，透明的	cliffs which rose sheer from the sea	从海面垂直拔起的悬崖	同义：strict, very, yaw, crab	
imitation	/,ɪmɪˈteʃən/	n.  模仿； 仿制， 伪制品； 赝品	The remake of ‘Casablanca’ was a pale imitation (= something that is much less good than the thing it imitates ) of the original movie.	重拍的《卡萨布兰卡》远不如原版。	同义：simulation, artificial	同根：imitative  模仿的；仿制的；imitator  模仿者；[自] 模拟器；imitate  模仿，仿效；仿造，仿制
compliment	/ˈkɑːmplɪmənt/	n. 赞美，恭维；致意，问候 vt.  赞美， 恭维	All the guests paid her extravagant compliments.	所有客人都对她赞不绝口。	同义：praise, speak well of	同根：complimentary  赠送的；称赞的；问候的
blunder	/ˈblʌndɚ/	vi.  跌跌撞撞地走， 慌乱地走； 犯错误 n. 错误	They blundered badly when they gave him the job.	他们犯了大错，让他做这份工作。	同义：misdo, boner	同根：blundering  浮躁的；粗笨的；blunderer  轻率粗心的人；犯愚蠢错误的人
breach	/britʃ/	n. 破坏，违反；破裂，不和；缺口，裂口 vt.  攻破， 在…造成缺口； 破坏， 违反	She wanted to help heal the breach between them.	她想帮助他们修复破裂的关系。	同义：separation, destroy	
original	/əˈrɪdʒənl/	adj. 最初的；新颖的；原版的 n.  原件， 原作	The land was returned to its original owner.	这块土地归还给了原主。	同义：archetype, initial	同根：originative  有创作力的；有发明之才能的；originally  最初，起初；本来；origin  起源；原点；出身；开端
deviate	/ˈdivɪet/	vi.  背离， 偏离	They stopped you as soon as you deviated from the script.	你一偏离剧本，他们就会叫停。	同义：out of contact, diverge	
assignment	/əˈsaɪnmənt/	n.  任务； 指定的作业； 分配， 指派	a history assignment	历史作业	同义：allocation	同根：assignable  [经] 可分配的；可指定的；可让渡的；assignee  代理人；受托人；分配到任务的人；assignation  分配；约会；指定；[经] 转让
album	/ˈælbəm/	n.  粘贴簿， 集邮簿， 相册	a photograph album	相册		
stimulus	/ˈstɪmjələs/	n.  促进； 刺激	Tax cuts provided the stimulus which the slow economy needed.	减税为不景气的经济带来了其所需的刺激。	同义：incentive	同根：stimulating  刺激的；有刺激性的；stimulated  受激的；stimulant  激励的；使人兴奋的
electric	/ɪˈlɛktrɪk/	adj.  电的， 电动的	an electric blanket	电热毯	同义：dynamoelectric, electrified body	同根：electrical  有关电的；电气科学的；electrically  电力地；有关电地；electricity  电力；电流；强烈的紧张情绪
bewilder	/bɪˈwɪldɚ/	vt.  使迷惑； 使难住	He was bewildered by his daughter’s reaction.	他被女儿的反应弄糊涂了。	同义：bemuddle	同根：bewildered  困惑的；眩；bewildering  使人困惑的；令人产生混乱的；bewilderingly  令人困惑地；使人迷乱地
regiment	/ˈrɛdʒɪmənt/	n. 团；大量 vt.  严格地管制， 严密地编组	the regimented routine of boarding school	寄宿学校严格的生活规律	同义：lots of	同根：regimental  团的；regimental  团；军服；regimentation  纪律；系统化；严格控制；团的编制
surpass	/səˈpæs/	vt.  超过， 优于， 多于； 超过…的界限， 非…所能办到	He had surpassed all our expectations .	他超越了我们所有的预期。	同义：overcome	同根：surpassing  胜过的；卓越的；优秀的；surmountable  可克服的；可超越的，可战胜的；surpassing  卓越地；非凡地
various	/ˈvɛrɪəs/	adj.  各种各样的， 不同的	The jacket is available in various colours.	这种夹克有好多种颜色可选。	同义：varieties of	同根：variously  不同地；多方面地；个别地；多彩地；variousness  变化
depression	/dɪˈprɛʃən/	n.  抑郁， 沮丧； 不景气， 萧条； 洼地， 凹陷	Mr. Thomas was suffering from depression.	托马斯先生当时正受抑郁症折磨。	同义：recession	同根：depressed  沮丧的；萧条的；压低的；depressing  压抑的；使人沮丧的；depressive  抑郁的；压抑的
affiliate	/əˈfɪlɪet/	vt.  使隶属于 n.  附属机构， 分公司	He wanted to affiliate with a U.S. firm because he needed expert advice in legal affairs.	他想成为一家美国公司的会员，因为他需要法律事务方面的专家意见。	同义：associated company, receive, participate in	同根：affiliated  附属的；有关连的；affiliation  友好关系；加入；联盟；从属关系；affiliated  使隶属；加入（affiliate的过去分词）
unfold	/ʌnˈfold/	v.  展开， 打开； 显露， 展现	As the story unfolds, we learn more about Max’s childhood.	随着故事的展开，我们对马克斯的童年有了更多的了解。	同义：crack, expand	
extent	/ɪkˈstɛnt/	n.  广度； 范围； 程度	They examined the extent to which (= how much ) age affected language-learning ability.	他们调查了年龄会在多大程度上影响语言学习能力。	同义：degree	同根：extensiveness  延伸；大范围
equivalent	/ɪˈkwɪvələnt/	adj. 相等的，等量的 n.  相等物， 等价物	I had no dollars, but offered him an equivalent amount of sterling.	我没有美金，但给了他等值的英镑。	同义：equal, countertype	同根：equivalence  等值；相等
sensational	/sɛnˈseʃənl/	adj.  轰动的， 耸人听闻的； 使人感动的， 非常好的	a sensational discovery	引起轰动的发现	同义：immense	同根：sensory  感觉的；知觉的；传递感觉的；sensing  敏感的；sensorial  知觉的；感觉的
wedge	/wɛdʒ/	n. 楔 vt.  楔入， 塞入	Garnish with lemon wedges.	用几角柠檬片作装饰。	同义：edge in, edge in, cleat	同根：wedged  楔形的；wedged  锲入（wedge的过去式和过去分词）
alienate	/ˈeiljəneit/	vt.  使疏远， 使不友好， 离间； 转让， 让渡	The latest tax proposals will alienate many voters.	最新的纳税提案将失去远许多选民的支持。	同义：release	同根：alien  外国的；相异的，性质不同的；不相容的；alienated  疏远的；被疏远的；alienable  可让与的，可转让的
brink	/brɪŋk/	n.  边缘， 边沿	Their economy is teetering on the brink of collapse.	他们的经济正摇摆于崩溃的边缘。	同义：margin	同根：brinkmanship  边缘政策；紧急政策，外交冒险政策
plague	/pleɡ/	n. 瘟疫，鼠疫；灾难，祸患 vt.  使痛苦， 给…造成困难	drops in population levels due to plagues and famines	瘟疫和饥荒造成的人口水平下降	同义：disaster, harry	同根：plaguy  讨厌的；麻烦的；plaguily  讨厌地；烦恼地；极其；plaguy  非常地；达到可厌程度
perpetual	/pɚˈpɛtʃuəl/	adj.  永久的， 永恒的， 长期的； 无休止的， 没完没了的	the perpetual noise of the machines	机器连续不断的噪音	同义：permanent	同根：perpetually  永恒地，持久地
retrospect	/ˈrɛtrəspɛkt/	n.  回顾	In retrospect, I wonder if we should have done more.	回过头看，我在想我们是否应该做得更多些。	同义：review, to look back, to look back	同根：retrospective  回顾的；怀旧的；可追溯的；retrospectively  回顾地；retrospective  回顾展
fascinate	/ˈfæsəˈnet/	vt.  强烈地吸引， 迷住	The idea of travelling through time fascinates me.	穿越时光的想法深深吸引着我。	同义：enthrall, be carried away	同根：fascinating  迷人的；吸引人的；使人神魂颠倒的；fascinated  着迷的；被深深吸引的；fascinatingly  极有吸引力地；迷人地
colonial	/kəˈlonɪəl/	adj.  殖民地的	the struggle against colonial rule	反抗殖民统治的斗争		同根：colonist  殖民主义者的；奉行殖民主义的；colonialist  殖民主义者的；colony  殖民地；移民队
warfare	/ˈwɔrfɛr/	n.  战争； 斗争， 冲突	the realities of modern warfare	现代战争的真实面貌	同义：war	同根：warlike  战争的；好战的；有战争危险的
draft	/dræft/	n. 草稿；汇票；征兵；通风 vt.  起草； 征募	the rough draft of his new novel	他的新小说的草稿		同根：drafting  起草；制图；拖拽；drafter  起草者；役马（等于draughter）；drafting  起草；挑选；脱去（draft的ing形式）
complex	/ˈkɑmplɛks;kəmˈplɛks/	adj. 由许多部分组成的，复合的；复杂的，难懂的 n.  综合体， 集合体； 情结， 夸大的情绪反应	a complex system of highways	复杂的公路网	同义：sophisticated	同根：complexity  复杂，复杂性；复杂错综的事物
assumption	/əˈsʌmpʃən/	n.  假定， 臆断； 担任， 承担	You would be making an assumption that's not based on any fact that you could report.	你会做出不以你能报道的任何事实为依据的一种假设。	同义：conception	同根：assumed  假定的；假装的；assumptive  假定的；设想的；傲慢的；assume  装腔作势；多管闲事
humidity	/hjuˈmɪdəti/	n.  湿度， 潮湿， 湿气	The room is kept at 72 degrees and 50% relative humidity.	房间的温度保持在72度，相对湿度50%。	同义：wet	同根：humid  潮湿的；湿润的；多湿气的；humidify  使潮湿；使湿润
rank	/ræŋk/	vi.  列入， 占特定等级 n. 军衔，职衔；地位，社会阶层；排，行列 vt. 把…分等，给…评定等级	There were several pairs of riding boots ranked neatly in the hall.	门厅里整齐地摆放着几双马靴。	同义：degree, evil, arrange, form up	同根：ranking  上级的；头等的；超群的；ranking  等级；地位；ranging  排列；测距修正
pamphlet	/ˈpæmflɪt/	n.  小册子	a political pamphlet	政治宣传册	同义：booklet	同根：pamphleteer  小册子作者；檄文执笔者；pamphleteer  写小册子；评论时事
preparatory	/prɪˈpærətɔri/	adj.  预备的	preparatory talks to clear the way for a peace settlement	为缔结和平协议扫清道路的预备性会谈	同义：preliminary	同根：prep  准备（preparation）；预备的（preparatory）；前置词（preposition）；preparative  准备的；预备性的；preparation  预备；准备
neglect	/nɪˈglɛkt/	n&vt.  忽视， 忽略； 疏忽	Many of these ideas have been neglected by modern historians.	这些观点有许多都被现代的历史学家忽略了。	同义：ignore, omission	同根：negligible  微不足道的，可以忽略的；neglected  被忽视的；未被好好照管的；negligent  疏忽的；粗心大意的
addition	/əˈdɪʃən/	n.  加， 加法； 附加物	This is a fine book; a worthy addition to the series.	这是一本好书——是对这套丛书有价值的增补。	同义：add	同根：additional  附加的，额外的；additive  附加的；[数] 加法的；addable  可增加的
vein	/ven/	n.  静脉， 血管； 叶脉； 纹理， 纹路； 方式， 风格	the pulmonary vein	肺静脉	同义：vessel	同根：veinal  静脉的；矿脉的；翅脉的
carve	/kɑrv/	vt.  切， 把…切碎； 雕刻， 刻	carved wooden chairs	木雕椅子	同义：grave, slice from	同根：carved  有雕刻的；carven  雕刻的；carving  雕刻；雕刻品；雕刻术
veil	/vel/	n. 面纱，面罩；遮盖物，掩饰物 vt.  掩盖， 掩饰	She lifted her veil with both hands.	她用双手揭开面纱。	同义：yashmak, shadow	同根：veiled  隐藏的；含蓄的；蒙上面纱的；不清楚的；veiling  面纱；面纱布料；罩以面纱；veiled  戴面纱（veil的过去式和过去分词）
shrink	/ʃrɪŋk/	vi.  起皱； 收缩； 退缩， 畏缩	I’m worried about washing that shirt in case it shrinks.	我不太敢洗那件衬衫，怕它会缩水。	同义：contract, astrict, contraction	同根：shrinking  畏缩的；犹豫不决的；shrunken  缩小的，缩拢的；shrinkage  收缩；减低
hierarchy	/ˈhaɪərɑrki/	n.  等级制度； 统治集团， 领导层	a rigid social hierarchy	严格的社会等级制度		同根：hierarchical  分层的；等级体系的；hierarchically  分层次，分等级地
ancestor	/ˈænsɛstɚ/	n.  祖宗， 祖先； 原型； 先驱	My ancestors were French.	我的祖先是法国人。	同义：father	同根：ancestral  祖先的；祖传的；ancestry  祖先；血统；ancestress  女性祖先；女性被继承人
hazardous	/ˈhæzɚdəs/	adj.  危险的； 冒险的	the disposal of hazardous waste	有害废弃物的处理	同义：risky	同根：hazard  危险，冒险；冒险的事；hazard  赌运气；冒…的危险，使遭受危险
locality	/loˈkæləti/	n.  地区， 地点	weather reports from several different localities	来自几个不同地区的天气报告	同义：situation	同根：local  当地的；局部的；地方性的；乡土的；localized  局部的；地区的；小范围的；localised  限局性的，局部的
proceeding	/prəˈsidɪŋ/	n. 诉讼	John is taking legal proceedings against his ex-partner.	约翰在对他的前合伙人提起法律诉讼。	同义：going on, starting	同根：process  经过特殊加工（或处理）的；procedural  程序上的；processional  游行的；列队行进的
artery	/ˈɑrtəri/	n.  动脉； 干线， 要道	...Connecticut Ave., one of the main arteries of Washington.	…康涅狄格大道，华盛顿的主干道之一。	同义：mainstream	同根：arterial  [解剖] 动脉的；干线的；像动脉的；arteriolar  小动脉的；arteriosclerotic  动脉硬化的
panic	/ˈpænɪk/	v.  恐慌， 惊慌失措 n. 恐慌，惊慌，慌乱	He started to panic when he saw the gun.	他看见枪就慌了起来。	同义：alarm, unfounded, flurry	同根：panicky  恐慌的；惊慌失措的
underestimate	//ˌʌndərˈestɪmeɪt//	vt. 对…估计不足，低估 n.  估计不足， 低估	None of us should ever underestimate the degree of difficulty women face in career advancement.	我们谁都不应低估妇女在职业发展中所面临的困难程度。	同义：disappreciate, disappreciation	同根：underestimation  低估；过低之估价
fold	/fold/	vt. 折叠，合拢 n.  褶， 折叠的部分	Fold the paper along the dotted line.	沿虚线将纸折起来。	同义：infold, Christian	同根：folding  可折叠的；foldaway  折叠式的；folder  文件夹；折叠机；折叠式印刷品
transient	/ˈtrænʃnt; trænʃənt/	adj.  短暂的， 转瞬即逝的； 临时的， 暂住的	transient fashions	短暂的时尚	同义：brief, visitor	同根：transience  短暂；无常；顷刻（等于transiency）
hurl	/hɝl/	vt.  猛投， 狠掷； 大声叫骂	Demonstrators were hurling bricks through the windows.	示威者在向窗里掷砖块。	同义：let drop	同根：hurling  爱尔兰式曲棍球；猛投；hurler  投手；投掷者；hurling  用力投掷（hurl的现在分词）
competitive	/kəmˈpɛtətɪv/	adj.  竞争的， 比赛的； 好竞争的， 求胜心切的； 有竞争力的	Some US industries are not as competitive as they have been in the past.	美国有些行业不如以前有竞争力了。	同义：played	同根：competing  相互矛盾的；抵触的；competitory  竞争的（等于competitive）；competitively  有竞争力地；好竞争地
dean	/din/	n.  教长， 主任牧师； 学院院长， 系主任， 训导主任	the admissions dean	招生主任		
sponge	/spʌndʒ/	v.  用湿海绵擦， 揩； 过寄生生活 n. 海绵	Clean the rug by sponging it gently.	用湿布轻轻擦洗以清洁小地毯。	同义：efface, cosher, spunge	同根：spongy  海绵状的；轻软的；多孔而有弹性的；有吸水性的；sponger  使用海绵擦拭的人；海绵采集者；寄生虫；sponginess  海绵状；海绵质
abuse	/əˈbjus/	vt.  滥用； 虐待； 辱骂， 毁谤 n.  滥用； 虐待； 辱骂	Williams abused his position as Mayor to give jobs to his friends.	威廉斯滥用市长权力，给不少朋友安排了工作。	同义：punishment, strain	同根：abusive  辱骂的；滥用的；虐待的；abusively  滥用地；辱骂地；abused  滥用，恶习；受虐
scheme	/skim/	v.  密谋， 策划 n. 计划，方案；阴谋	She’s nothing but a lying, scheming little monster!	她就是个爱撒谎、爱算计的小巫婆！	同义：plan, design	同根：scheming  惯耍阴谋的，诡计多端的；schematically  计划性地；按照图式；schemer  阴谋家；谋士；计划者
insulate	/ˈɪnsəˌleɪt ; ˈɪnsjʊˌleɪt/	vt.  使绝缘， 使隔热， 使隔音； 隔离， 使隔绝	an insulated attic	隔热[隔音]的阁楼	同义：segregant	同根：insular  孤立的；与世隔绝的；海岛的；岛民的；insulation  绝缘；隔离，孤立；insulator  [物] 绝缘体；从事绝缘工作的工人
consequently	/ˈkɑnsəkwɛntli/	adv.  因此， 因而， 所以	Most computer users have never received any formal keyboard training. Consequently, their keyboard skills are inefficient.	大多数的电脑使用者都没有经过正规的键盘操作训练，因此他们的键盘技巧不够熟练。	同义：therefore	同根：consequent  随之发生的；作为结果的；consequential  间接的；结果的；重要的；随之发生的；自傲的；consequence  结果；重要性；推论
drain	/dren/	vi. 慢慢减少 vt. 排去，放水；渐渐耗尽 n.  耗竭； 排水沟， 排水管	Huge imports were draining the country’s currency reserves.	大量的进口正在耗尽该国的货币储备。	同义：discharge of water, exhaust, consumption	同根：drainage  排水；排水系统；污水；排水面积
reluctance	/rɪˈlʌktəns/	n.  不愿， 勉强	Wells finally agreed, but with reluctance.	韦尔斯最终同意了，但很勉强。	同义：magnetic resistance	同根：reluctant  不情愿的；勉强的；顽抗的；reluctantly  不情愿地；嫌恶地；reluctivity  [电磁] 磁阻率；磁阻系数
rape	/rep/	n&vt.  强奸	She had been raped and stabbed.	她遭到强奸，还被刀捅了。	同义：violation, harry	同根：rapacious  贪婪的；掠夺的；rapist  强奸犯；raper  强奸犯
isolate	/aɪslˌet/	vt.  使隔离， 使孤立	The town was isolated by the floods.	洪水使该镇与外界隔绝。	同义：segregate, cordon off, shielded	同根：isolated  孤立的；分离的；单独的；[电] 绝缘的；isolating  孤立的；绝缘的；isolationist  孤立主义的；孤立主义者的
popularity	/,pɑpjuˈlærəti/	n.  普及， 流行； 声望	The president’s popularity has declined considerably.	总统的支持率大大下降了。	同义：prevalence	同根：pop  邮局协议（post office protocol）；pop  流行的；通俗的；热门的；popular  流行的，通俗的；受欢迎的；大众的；普及的
nickname	/ˈnɪkˈnem/	n. 绰号，诨名 vt.  给…起绰号	Stephen earned himself the nickname Hawkeye.	斯蒂芬得了个“鹰眼”的绰号。	同义：sobriquet	
subsequent	/ˈsʌbsɪkwənt/	adj.  随后的， 后来的	These skills were passed on to subsequent generations.	这些技能代代相传。	同义：succeeding	同根：subsequently  随后，其后；后来
metabolic	/,mɛtəˈbɑlɪk/	adj.  代谢作用的， 新陈代谢的	Exercise can increase your metabolic rate.	运动可以提高新陈代谢率。	同义：changed	同根：metabolism  [生理] 新陈代谢；metabolite  [生化] 代谢物；metabolize  新陈代谢
humanity	/hjʊˈmænəti/	n.  人类， 人； 人性； 人道， 博爱； 人文学科	We want a clean healthy environment for all humanity .	我们希望全人类拥有一个干净健康的生存环境。	同义：mankind	同根：human  人的；人类的；humanitarian  人道主义的；博爱的；基督凡人论的；humane  仁慈的，人道的；高尚的
innovation	/,ɪnəˈveʃən/	n.  新方法， 新事物； 革新， 创新	We must encourage innovation if the company is to remain competitive.	公司要想保持竞争力，就必须鼓励革新。	同义：reformation	同根：innovative  革新的，创新的；innovational  革新的；富有革新精神的；innovator  改革者，创新者
litter	/ˈlɪtɚ/	vi. 乱扔废弃物 vt. 乱扔东西 n.  废弃物， 被胡乱扔掉的东西； 一窝； 杂乱的东西	I hate people who litter in the forest.	我讨厌那些在森林里乱扔垃圾的人。	同义：refuse, give birth	同根：litterbug  在街道或公共场所乱丢垃圾的人
charge	/tʃɑrdʒ/	v. 索价；控告；使充电，使充满；向前冲 n.  费用； 管理； 控告， 指责； 电荷， 充电	They have the evidence to charge him.	他们有证据来指控他。	同义：fee, electrify, law	同根：chargeable  应支付的；可以控诉的；可充电的；应课税的；charger  充电器；军马；袭击者；委托者；控诉者
shutter	/ˈʃʌtɚ/	n.  百叶窗； 快门	She opened the shutters and gazed out over village roofs.	她打开了百叶窗，朝村里的房顶望去。	同义：diaphragm	同根：shut  关闭的；围绕的；shut  关闭；shutting  闭锁
alternate	/ˈɔltɚˌnet;(for adj.)ˈɔ:ltərnət/	adj.  交替的， 轮流的； 间隔的 v.  轮流， 交替	alternate blue and red stripes	蓝红相间的条纹	同义：turn by one's, rotate, rotary, refill	同根：alternative  供选择的；选择性的；交替的；alternating  交替的；交互的；alternately  交替地；轮流地；隔一个地
biography	/baɪˈɑɡrəfi/	n.  传记	...recent biographies of Stalin.	…近年的斯大林传记。	同义：file	同根：biographical  传记的，传记体的；biographic  传记的；传记体的；biographer  传记作者
procedure	/prəˈsidʒɚ/	n.  程序； 手续； 步骤	On board, we were given the usual talk on safety procedures (= what to do if an accident happens, or to prevent an accident ) .	在飞机上，我们听了例行的飞行安全讲解。	同义：routine	同根：process  经过特殊加工（或处理）的；procedural  程序上的；process  过程，进行；方法，步骤；作用；程序；推移
sample	/ˈsæmpl/	n. 样品，试样，样本 vt.  从…抽样； 品尝， 体验	They took a blood sample to test for hepatitis.	他们取了血样做肝炎化验。	同义：essay, example	同根：sampling  取样；抽样；sampler  [自] 采样器；取样器；样品检查员；sampling  取样；抽样（sample的ing形式）
plunge	/plʌndʒ/	n&v.  纵身投入， 猛冲， 猛跌	At least 50 people died when a bus plunged into a river.	一辆公共汽车冲进了河里，至少有50人死亡。	同义：investment, plough into, let sb in for	同根：plunger  [机] 活塞；潜水者；跳水者；莽撞的人
skeptical	/ˈskɛptɪkl/	adj.  表示怀疑的	I think going in they were very skeptical we would get to this point given our history in Seattle.	我想鉴于西雅图过去的历史，在开始的时候他们对我们能达到这个地步还是有怀疑的。	同义：sceptical	同根：skeptically  怀疑地；skepticism  怀疑论；怀疑的态度；skeptic  怀疑论者；怀疑者；无神论者
ultraviolet	/,ʌltrəˈvaɪələt/	adj.  紫外的	This is the energy of an ultraviolet photon, a "large" energy on the atomic scale .	这是一个紫外光子的能量，在原子尺度上，它是一个“大”能量。	同义：extraviolet	
planetary	/ˈplænətɛri/	n.  行星的	These disks are the remnants of planetary formation.	这些圆盘是行星形成的剩余物质。		同根：planetesimal  星子的；星子组成的；小行星体的；planet  行星；planetarium  天文馆；行星仪
visa	/ˈvizə/	n.  签证	I was still in New York, trying to get a visa to visit Russia.	我仍在纽约，正在办理去俄罗斯的签证。	同义：vise	
diagnose	/,daɪəɡˈnos/	vt.  诊断； 判断	The soldiers were diagnosed as having flu.	这些士兵被诊断为患了流感。	同义：tell, judge of	同根：diagnostic  诊断的；特征的；diagnostic  诊断法；诊断结论；diagnosis  诊断
petition	/pəˈtɪʃən/	v.  请愿， 正式请求 n. 请愿书，申请书；诉状	...couples petitioning for divorce.	…申请离婚的几对夫妇。	同义：imprecation, demand, apply for	同根：petitionary  请愿的，为请愿的；请求的；petitioner  请愿人；诉愿人；（英）离婚案原告
vicinity	/vəˈsɪnəti/	n.  周围地区， 邻近地区	There were a hundred or so hotels in the vicinity of the station.	在车站附近有大约一百家左右的旅馆。		同根：vicinal  附近的；本地的；邻晶的
naive	/naɪˈiv/	adj.  幼稚的； 天真的； 轻信的	a naive young girl	天真的小女孩	同义：simple	同根：naively  无邪地；天真烂漫地
essential	/ɪˈsɛnʃl/	adj. 必要的，本质的 n.  要素； 必需品	Window locks are fairly cheap and absolutely essential.	窗锁相当便宜，绝对有必要安装。	同义：elementary, element	同根：essentially  本质上；本来；essence  本质，实质；精华；香精；essentiality  重要性；本质；真髓；根本性
expenditure	/ɪkˈspɛndɪtʃɚ/	n.  经费， 支出额； 花费， 支出， 消耗	huge cuts in public expenditure	大幅度削减公共开支	同义：spending	同根：expendable  可消费的；排出的；不重复使用的；可牺牲的；expense  损失，代价；消费；开支；expendable  消耗品
vent	/vɛnt/	n. 通风口，排放口；开衩 vt.  表达， 发泄	a blocked air vent	堵塞的通风口	同义：exit, relieve one's feelings, reel out	同根：ventilated  通风的；ventilatory  通气的，通风的；venture  企业；风险；冒险
haunt	/hɔnt/	vt. 常出没于；使苦恼，使担忧；萦绕在心头，缠绕 n.  常去的地方	The pub is said to be haunted by the ghost of a former landlord.	据说这个酒吧里经常有一位前任房主的鬼魂出没。	同义：habitat	同根：haunted  闹鬼的；反复出现的；受到困扰的；haunting  不易忘怀的，萦绕于心头的；给人以强烈感受的；haunted  常去；缠住；使担忧（haunt的过去式和过去分词）
precede	/prɪˈsid/	vt.  在…之前， 先于	a type of cloud that precedes rain	下雨前出现的一种云	同义：take over the lead, take over the lead	同根：precedent  在前的；在先的；preceding  在前的；前述的；precedent  先例；前例
gasp	/ɡæsp/	vi. 喘气，倒抽气 vt. 喘着气说出 n.  喘气， 倒抽气	‘My leg!’ he gasped. ‘I think it’s broken!’	“我的腿！”他倒抽一口气喊道，“我觉得腿断了！”	同义：blow, puff out, broken wind	同根：gasping  喘气的；痉挛的；gaspingly  喘气地；gasping  喘气；渴望（gasp的ing形式）
stroll	/strol/	n&vi.  散步， 闲逛	I used to stroll along the beach on Sundays.	我过去常在星期天沿海滩散步。	同义：tour, roam around, roam around	同根：stroller  散步者；流浪者；（美）折叠式婴儿车；巡回演出的演员
furnish	/ˈfɝnɪʃ/	vt.  供应， 提供； 装备	Will these finds furnish more information on prehistoric man?	这些发现是否能提供更多有关史前人类的资料？	同义：afford	同根：furnishing  供给；装备；服饰；家俱；furnishing  供给；装备；陈设（furnish的ing形式）
differentiate	/,dɪfəˈrɛnʃɪet/	vi. 区分，区别 vt.  区分， 区别； 使不同， 使有差异	What differentiates these two periods of history?	这两个历史时期的差别在哪里？	同义：to distinguish, to distinguish	同根：differentiated  分化型；已分化的；可区分的；differentiable  [数] 可微的；可辨的；可区分的；differentially  区别地
contact	/ˈkɑntækt/	n. 接触，联系，交往 vt.  与…接触， 与…取得联系	The town is cut off from contact with the outside world.	小镇与外界的联系被切断了。	同义：touch, meet	
garment	/ˈgɑrmənt/	n.  衣服	She pulled the garment on and zipped it up.	她穿上衣服并拉好拉链。	同义：clothes, dress sb. in	
discharge	/dɪsˈtʃɑrdʒ/	v. 释放，排出；卸货 n.  释放， 放电	Hospitals now tend to discharge patients earlier than in the past.	与过去相比，现在医院更趋向于让病人早些出院。	同义：issue, issue, firing	同根：discharged  放电的；泻出的；discharged  排出（discharge的过去分词）；卸货
exclude	/ɪkˈsklʊd/	vt.  把…排除在外	a special diet that excludes dairy products	不包含奶制品的特别食谱	同义：preclude	同根：exclusive  独有的；排外的；专一的；exclusively  唯一地；专有地；排外地；exclusive  独家新闻；独家经营的项目；排外者
scary	/ˈskɛri/	adj.  可怕的， 骇人的； 惊慌的， 害怕的； 胆小的， 易受惊的	a scary moment	恐怖的一刻	同义：timid	同根：scare  （美）骇人的；scarey  引起惊慌的；scare  恐慌；惊吓；惊恐
criticism	/ˈkrɪtəˈsɪzəm/	n.  批评， 批判； 评论， 评论文章	Despite strong criticism , the new system is still in place.	尽管遭到了猛烈的批评，新制度依然原封不动。	同义：comment	同根：critical  鉴定的；[核] 临界的；批评的，爱挑剔的；危险的；决定性的；评论的；critically  精密地；危急地；批评性地；用钻研眼光地；critic  批评家，评论家；爱挑剔的人
enlighten	/ɪnˈlaɪtn/	vt.  启发， 开导	A few dedicated doctors have fought for years to enlighten the profession.	少数富有献身精神的医生为启蒙这一行业而奋斗多年。	同义：suggest	同根：enlightened  开明的；文明的；进步的；被启发的；enlightening  使人领悟的；有启发作用的；enlightenment  启迪；启蒙运动；教化
utmost	/ˈʌtˈmost/	adj. 最远的 n.  极限	It is a matter of the utmost urgency to find out what has happened to these people.	当务之急是弄清楚这些人出了什么事。	同义：limitation, excessive	
prospective	/prəˈspɛktɪv/	adj.  预期的； 未来的； 可能的	the prospective costs of providing pensions	提供养老金可能产生的成本	同义：expected, outlook	同根：prospect  前途；预期；景色；prospectiveness  远景；prospect  勘探，找矿
deduct	/dɪˈdʌkt/	v.  减去， 扣除	The company deducted this payment from his compensation.	公司从他的补偿金中扣除了这笔款项。	同义：net of	同根：deductive  演绎的；推论的；推断的；deductible  可扣除的；可减免的；deduction  扣除，减除；推论；减除额
plaster	/ˈplæstɚ/	n. 灰浆，灰泥；石膏；橡皮膏，膏药 vt.  在…上抹灰泥， 厚厚地涂抹	The ceiling he had just plastered fell in and knocked him off his ladder.	他刚抹过灰泥的那块天花板脱落了，把他从梯子上砸了下来。	同义：plaister, stick	同根：plastered  醉醺醺的；涂得厚厚的；plasterboard  石膏板；plastering  石膏工艺；灰泥墙面
consultancy	/kənˈsʌltənsi/	n.  顾问； 顾问服务公司	a management consultancy	管理咨询公司	同义：consulting firm	同根：consultative  咨询的；consultive  咨询的；consultant  顾问；咨询者；会诊医生
metropolitan	/,mɛtrəˈpɑlɪtən/	adj.  大都市的， 大都会的； 首都的	a metropolitan area of South Australia	南澳大利亚的一个都市区	同义：suzerain, archbishop	
portray	/pɔrˈtre/	vt.  描写， 描绘； 扮演， 饰演	His most famous painting portrayed the death of Nelson.	他最著名的画作描绘的是纳尔逊之死。	同义：represent	同根：portrayal  描绘；画像，肖像；portrayer  记述者；描画者；肖像画家
garbage	/ˈɡɑrbɪdʒ/	n.  垃圾， 废物； 废话； 无用的资料	Can you take out the garbage when you go?	你走的时候把垃圾带出去好吗？	同义：refuse	
suspicious	/səˈspɪʃəs/	adj.  猜疑的， 疑心的； 可疑的； 表示怀疑的	His reluctance to answer my questions made me suspicious .	他不愿回答我的问题，这引起我的怀疑。	同义：doubtful	同根：suspensive  暂停的；悬而不决的；可疑的；暧昧的；suspiciously  怀疑地；猜疑地；suspicion  怀疑；嫌疑；疑心；一点儿
scrub	/skrʌb/	v. 用力擦洗，把…擦净；取消 n.  矮树丛， 灌木丛	She was on her hands and knees scrubbing the floor.	她正趴着擦地板。	同义：small, depurate, dwarfish	同根：scrubbed  精制的，纯净的；scrubby  矮小的；树丛繁盛的；scrubber  [化工] 洗涤器；洗刷者；刷子
complain	/kəmˈplen/	vi.  抱怨， 诉苦； 控告， 投诉	Miners have complained bitterly that the government did not fulfil their promises.	矿工们已愤愤地抱怨政府没有兑现他们的承诺。	同义：whine about, beef about	同根：complaining  抱怨的；complainingly  抱怨地；发牢骚地；诉苦地；complaint  抱怨；诉苦；疾病；委屈
homogeneous	/,homəˈdʒinɪəs/	adj.  同种类的， 同性质的， 有相同特征的	The unemployed are not a homogeneous group.	失业者并不都是同一类人。	同义：conspecific	同根：homogenized  成为均匀分布的微粒的；homogeneously  同样地；homogeneity  同质；同种；同次性（等于homogeneousness）
affirm	/əˈfɝm/	vt.  断言， 坚持声称； 证实， 确认	The general affirmed rumors of an attack.	将军证实了袭击的传闻。	同义：declare, recognize	同根：affirmative  肯定的；积极的；affirmable  可断言的；可确定的；affirmatively  肯定地；断然地
profound	/prəˈfaʊnd/	adj.  深度的， 深切的， 深远的； 知识渊博的， 见解深刻的； 深奥的	a profound sense of guilt	强烈的内疚感	同义：encyclopedic	同根：profoundly  深刻地；深深地；极度地；profoundness  深刻；深奥
marble	/ˈmɑrbl/	n.  大理石； 弹子； 弹子游戏	The columns were of white marble.	柱子是白色的大理石。	同义：mable, hard	同根：marbled  大理石的；有大理石般色彩纹理的；marbleization  弄成大理石花纹；大理石状纹理；marbling  大理石花纹；大理石纹加工法；猪、牛肉的细脂肪纹路
anxiety	/æŋˈzaɪəti/	n.  焦虑， 忧虑； 渴望， 热望	his feelings of anxiety	他焦虑的心情	同义：solicitude	
adjust	/əˈdʒʌst/	vi.  适应 vt. 调整，调节；校正	They’ll soon settle in – kids are very good at adjusting.	他们很快就会习惯的——小孩子适应能力很强。	同义：regulate, correct	同根：adjustable  可调节的；adjusted  调整过的，调节了的；adjustive  调节的；调整的
aspiration	/æspəˈreʃən/	n.  强烈的愿望； 志向， 抱负	a high level of political aspiration	崇高的政治抱负	同义：longing for	同根：aspiring  有抱负的；追求…的；高耸的；aspirant  上进的；有野心的；aspirate  送气音的
vigorous	/ˈvɪɡərəs/	adj.  朝气蓬勃的； 有力的， 用力的	Your dog needs at least 20 minutes of vigorous exercise every day.	你的狗每天需要进行至少20分钟的剧烈运动。	同义：male	同根：vigorously  精神旺盛地，活泼地；vigor  [生物] 活力，精力
vocal	/ˈvokl/	adj. 喜欢畅所欲言的，直言不讳的；嗓音的，发声的 n.  声乐节目	vocal music	声乐	同义：audio, vowel	同根：vocalic  元音的；含元音的；元音性的；vocally  用声音；口头地；vocalist  歌手；声乐家
origin	/ˈɔrɪdʒɪn/	n.  起源， 起因； 出身， 血统	The tradition has its origins in the Middle Ages.	这一传统源于中世纪。	同义：birth	同根：original  原始的；最初的；独创的；新颖的；originally  最初，起初；本来；original  原件；原作；原物；原型
clash	/klæʃ/	vi. 发生冲突；不协调；砰地相撞，发出刺耳的撞击声 n.  冲突； 不协调； 刺耳的撞击声	Troops clashed near the border.	军队在边境附近发生了冲突。	同义：interference, tang	
overturn	/ˈovətɝn/	vi.  倾覆， 翻转， 翻倒 vt. 使翻转，使倾覆，使倒下；颠覆，推翻	Leslie jumped to her feet, overturning her chair.	莱斯莉一跃而起，碰倒了椅子。	同义：destroy, tip, capsizal	同根：overturned  倾覆的，倒转的；overturned  颠覆（overturn的过去式）
compel	/kəmˈpɛl/	vt.  强迫， 迫使屈服	...the introduction of legislation to compel cyclists to wear a helmet.	…强制骑车人戴头盔的法律的引入。	同义：pressure	同根：compelling  引人注目的；强制的；激发兴趣的；compelling  强迫；以强力获得（compel的ing形式）
depress	/dɪˈprɛs/	vt.  使沮丧， 使不景气； 按下	Several factors combined to depress the American economy.	几个因素加在一起造成了美国经济的不景气。	同义：drive down	同根：depressed  沮丧的；萧条的；压低的；depressing  压抑的；使人沮丧的；depressive  抑郁的；压抑的
capable	/ˈkepəbl/	adj.  有能力的， 有才能的	I don’t think he’s capable of murder.	我认为他没有能力杀人。	同义：able	同根：capably  能干地；capability  才能，能力；性能，容量
burden	/ˈbɝdn/	n. 重担，精神负担 vt.  加重压于， 烦扰； 负担， 装载	His family responsibilities had started to become a burden.	家庭责任已开始成为他的负担。	同义：liability, eat	
salute	/səˈlut/	vi. 敬礼，致意 vt. 向…敬礼，向…致意；赞扬，颂扬 n.  敬礼， 致意	The two soldiers saluted Lieutenant Cecil.	那两名士兵向塞西尔中尉行了礼。	同义：welcome, greet, say hello	同根：salutatory  致敬意的；表示欢迎的；salutation  称呼；问候；招呼；寒喧；salutatory  祝词；开幕词
clasp	/klæsp/	n. 扣子，钩子；紧抱，紧握 vt.  抱紧， 握紧； 扣住， 扣紧	the firm clasp of her hand	她有力的握手	同义：handshake, press, buckle	
symposium	/sɪmˈpozɪəm/	n.  讨论会， 专题报告会； 专题论文集	He had been taking part in an international symposium on population.	他那时在参加一个有关人口的国际研讨会。	同义：forum	
hover	/ˈhʌvɚ/	vi.  翱翔； 逗留在近旁， 徘徊； 彷徨， 犹豫	Judith was hovering in the doorway.	朱迪丝在门口徘徊。	同义：plane, vibration, brood	
random	/ˈrændəm/	adj.  任意的， 随机的	The company has introduced random drug testing of its employees.	公司已实行对雇员的随机毒品测试。	同义：stochastic, ad libitum, wild	同根：randomized  [数] 随机化的，随机的；randomly  随便地，任意地；无目的，胡乱地；未加计划地；randomness  随意；无安排；不可测性
dine	/daɪn/	vi. 进餐 vt.  宴请	He was dining with friends at the Ritz.	他和朋友在里茨饭店一起进餐。	同义：have a dinner, banquet	同根：dining  吃饭，进餐；diner  用餐者；路边小饭店；餐车式简便餐厅；dining  吃饭（dine的现在分词）
personality	/,pɝsəˈnæləti/	n.  人格， 个性； 人物	Despite their different personalities, they became the best of friends.	尽管个性不同，他们还是成了最好的朋友。	同义：being	同根：personal  个人的；身体的；亲自的；personalized  个性化的；个人化的；personally  亲自地；当面；个别地；就自己而言
sanction	/ˈsæŋkʃən/	vt. 批准，认可 n.  批准， 认可； 约束因素， 约束力； 国际制裁	The church refused to sanction the king’s second marriage.	教会拒绝批准国王的第二次婚姻。	同义：approval, encourage	同根：sanctified  认可的，批准的；神圣化的；sanctionative  认可的；约束的；sanctify  使圣洁；使神圣化；把…奉献给神；认可
alert	/əˈlɝt/	adj. 警觉的，留神的，注意的 vt. 使认识到，使意识到 n.  警戒， 戒备； 警报	The animal raised its head, suddenly alert.	那只动物突然警觉地抬起头来。	同义：alarm, vigilant, guard	同根：alertly  留意地；提高警觉地；alertness  警戒；机敏
oak	/ok/	n.  栎树， 橡树； 栎木， 橡木	an oak door	橡木门	同义：quercine	同根：oaken  用橡木制的
client	/ˈklaɪənt/	n.  委托人， 当事人； 顾客	a meeting with an important client	与一位重要客户的会面	同义：customer	同根：clientele  客户；诉讼委托人
sip	/sɪp/	v. 小口地喝，抿，呷 n.  小口喝， 一小口的量	She was sitting at the table sipping her coffee.	她坐在桌边呷着咖啡。	同义：silp, sup, tiff	同根：sipper  吸者，饮者；吸浆管
dutiful	/ˈdʊtɪfəl/	adj.  恭敬顺从的； 尽职的	a dutiful son	孝顺儿子	同义：faithful	同根：duteous  顺从的；尽职的
contend	/kənˈtɛnd/	vi. 争夺，竞争；搏斗，争斗 vt.  声称， 主张	Inevitably, fights break out between the members of contending groups.	争权夺利的几个团体之间不可避免地发生了打斗。	同义：fight, maintain	同根：contentious  诉讼的；有异议的，引起争论的；爱争论的；contention  争论，争辩；争夺；论点；contender  竞争者；争夺者
conversion	/kənˈvɝʒn/	n.  转变， 变换； 改变信仰， 皈依	...the conversion of disused rail lines into cycle routes.	…把废弃的铁路改变成自行车道。	同义：transformation	同根：converse  相反的，逆向的；颠倒的；convertible  可改变的；同意义的；可交换的；converted  修改的；改变信仰的
brilliant	/ˈbrɪljənt/	adj.  光辉的； 卓越的	She closed her eyes against the brilliant light .	强烈的光线下，她闭起了眼睛。	同义：excellent	同根：brilliantly  灿烂地；辉煌地；光亮地；brilliance  光辉；才华；宏伟；brilliancy  光辉；耀度；宝石光
gamble	/ˈɡæmbl/	vi. 赌博，打赌；投机，冒险 vt. 赌，以…为赌注 n.  赌博； 投机， 冒险	Their religion forbids them to drink or gamble.	他们的宗教禁止饮酒和赌博。	同义：game, put all one's eggs in one basket, risk	同根：gambling  赌博；投机；gambler  赌徒；投机商人；gambling  赌博；打赌（gamble的ing形式）
bound	/baʊnd/	adj. 一定的；有义务的 v. 跳跃；弹回，反跃；成为…的界限，给…划界 n.  跳跃； 界限， 限制			同义：controlled, chain, region, to limit	同根：bounded  有界限的；boundless  无限的；无边无际的；bouncing  跳跃的；巨大的；活泼的
specification	/ˈspɛsəfəˈkeʃən/	n.  规格， 规范； 明确说明； 说明书	The bolts met all the engineering specifications .	这些螺栓符合所有的工程设计规格。	同义：description	同根：specific  特殊的，特定的；明确的；详细的；[药] 具有特效的；specified  规定的；详细说明的；specifiable  可指明的；可列举的
deport	/dɪˈpɔrt/	vt.  把…驱逐出境	...a government decision earlier this month to deport all illegal immigrants.	…本月早些时候政府一项驱逐所有非法移民的决定。	同义：bear oneself	同根：deportation  驱逐出境；放逐；deportment  举止；行为；态度
counter	/ˈkaʊntɚ/	n.  柜台； 计数器； 筹码	He wondered if the girl behind the counter recognised him.	他在想柜台后面的那个女孩是否认出了他。	同义：arithmometer, contrary, Break back, contrary	同根：countless  无数的；数不尽的；countable  可计算的；能算的；counteractive  反作用的；抵抗的；反对的
rhythm	/ˈrɪðəm/	n.  韵律， 节奏	Drums are basic to African rhythm.	非洲音乐节奏少不了鼓。	同义：meter	同根：rhythmic  [生物] 有节奏的（等于rhythmical）；间歇的；合拍的；rhythmical  有节奏的；有韵律的；rhythmically  有节奏地
layman	/ˈlemən/	n.  门外汉， 外行	To the layman (= laymen in general ) all these plants look pretty similar.	对外行的人来说，这些植物看起来都很相似。	同义：layperson	同根：lay  世俗的；外行的；lay  位置；短诗；花纹方向；lay  躺；位于（lie的过去式）
conserve	/kənˈsɝv/	vt.  保护， 保藏， 保存	We must conserve our woodlands for future generations.	我们必须为子孙后代保护林地。	同义：save, confiture	同根：conservatory  有保存力的；保存性的；conserved  保守的；conserving  保存的
stroke	/strok/	n. 中风；一举，一次努力；划桨，划水；击，敲；报时的钟声；笔画，一笔；抚摸 vt.  抚摸	She died following a massive stroke.	她重度中风后去世了。	同义：blow, dong, hit the ball	同根：stroking  扩程；按抚法；stroking  击，打；（用笔等）画；划掉（stroke的ing形式）
breed	/brid/	v.  繁殖； 养育， 培育； 酿成， 产生 n. 品种	Eagles breed during the cooler months of the year.	鹰在一年中较凉爽的季节交配繁殖。	同义：increase, attract, category	同根：breeding  繁殖；饲养；教养；再生；breeder  饲养员；繁殖者；起因；增殖反应堆；breeding  生产；培育；使…繁殖（breed的ing形式）
tease	/tiz/	vt.  戏弄， 取笑； 挑逗， 撩拨	Don’t get upset. I was only teasing .	别生气，我只是在逗你玩。	同义：guy, razz, poke fun at	同根：teasing  戏弄；teaser  戏弄者；强求者
rash	/ræʃ/	adj. 轻率的，鲁莽的 n.  疹， 皮疹； 爆发的一连串	Please Jessie, don’t do anything rash.	求你了，杰西，不要草率行事。	同义：hasty, quat	同根：rashly  轻率地；鲁莽地；无见识地；rashness  轻率；皮肤上短暂出现的疹子
fragrance	/ˈfregrəns/	n.  芳香， 香味； 香水	...a shrubby plant with a strong characteristic fragrance.	…一种有独特浓郁香味的灌木。	同义：flavour	同根：fragrant  芳香的；愉快的；fragrancy  芬芳
management	/ˈmænɪdʒmənt/	n.  管理； 处理； 管理部门， 管理人员	a lack of management skills	缺乏管理技巧	同义：governance	同根：managerial  [管理] 管理的；经理的；manageable  易管理的；易控制的；易办的；manager  经理；管理人员
cylinder	/ˈsɪlɪndɚ/	n.  圆柱体， 圆筒； 气缸， 泵体	The gases are stored in cylinders.	气体储存在圆筒内。	同义：cyclinder	同根：cylindrical  圆柱形的；圆柱体的
fort	/fɔrt/	n.  堡垒， 城堡			同义：tower	同根：fortify  筑防御工事；fortify  加强；增强；（酒）的酒精含量；设防于
avoid	/əˈvɔɪd/	vt.  避免， 躲开； 撤销	Road safety is taught to young children to avoid road accidents.	小孩子受到道路安全知识的教育，以避免交通事故。	同义：eliminate	同根：avoidable  可避免的；可作为无效的；可回避的；avoidance  逃避；废止；职位空缺
tunnel	/ˈtʌnl/	v.  挖， 开 n. 隧道，坑道，地道	The thieves tunnelled under all the security devices.	小偷们在所有的那些安全装置下面都挖了地道。	同义：tube, dig	
assign	/əˈsaɪn/	vt.  指派， 分配； 布置； 指定	How much time have you assigned for the meeting?	你给这个会议定了多长时间？	同义：portion	同根：assignable  [经] 可分配的；可指定的；可让渡的；assignment  分配；任务；作业；功课；assignation  分配；约会；指定；[经] 转让
withdraw	/wɪðˈdrɔ/	v.  收回， 撤回； 撤退	calls for Britain to withdraw from the European Union	要求英国退出欧盟的呼声	同义：beat a retreat, leave	同根：withdrawn  偏僻的；沉默寡言的；孤独的；withdrawable  可抽出的；可更换的；可拆卸的；能够提取的；withdrawal  撤退，收回；提款；取消；退股
straightforward	/,stretˈfɔrwɚd/	adj.  正直的， 坦率的； 易懂的， 简单的	This area of law is far from straightforward (= complicated ) .	法律的这个领域很复杂。	同义：simple, directly	同根：straightforwardly  直截了当地；正直地；straightforwardness  坦率
expert	/ˈɛkspɝt; (for adj., also) ɛksˈpɝt ; ɪkˈspɝt/	adj.  熟练的 n. 专家	...a yoga expert.	…一位瑜伽专家。	同义：skilled, operator	同根：expertly  熟练地；巧妙地；expertise  专门知识；专门技术；专家的意见；expertness  专门性；专业性
decade	/ˈdɛked/	n.  十年， 十年期	...the last decade of the nineteenth century.	…19世纪的最后10年。	同义：decennium	
fulfill		vt.  履行， 实现， 完成； 满足， 使满意			同义：accomplish	同根：fulfillment  履行；实行；fulfilment  实现；成就
crowd	/kraʊd/	vi.  聚集， 挤， 涌 n. 群，一批 vt. 挤；挤满	Holidaymakers crowded the beaches.	海滩上挤满了度假者。	同义：burst at the seams, lot, concentrate	同根：crowded  拥挤的；塞满的；crowded  拥挤（crowd的过去分词）
congress	/ˈkɑŋɡrəs/	n.  代表大会； 国会， 议会	a congress of the ruling Labor Party	执政党工党的代表大会	同义：session	同根：congressional  国会的；会议的；议会的；congressman  国会议员；众议院议员；congresswoman  （美）国会女议员；众议院女议员
mechanical	/mɪˈkænɪkəl/	adj.  机械的， 机械制造的， 机械学的， 力学的； 呆板的	The flight has been cancelled due to mechanical failure .	因机械故障航班被取消了。	同义：wooden	同根：mechanic  手工的；mechanistic  机械论的；机械学的；mechanized  机械化的；呆板的
divine	/dɪˈvaɪn/	adj.  神的， 神授的， 天赐的； 极好的， 极美的	divine power	神的力量	同义：remarkable, predict, soothsay, minister	同根：divinatory  占卜的；预见的；divinely  凭神的力量；象神一样地；庄严地；极好地；divinity  神；神性；神学
slaughter	/ˈslɔtɚ/	n&vt.  屠杀， 杀戮； 屠宰	Hundreds of innocent civilians had been slaughtered by government troops.	数百名无辜平民遭政府军屠杀。	同义：put to the sword, kill	同根：slaughterous  好杀戮的；凶残的；slaughterhouse  屠宰场（等于abattoir）；屠杀场；slaughterer  屠夫；刽子手
foul	/faʊl/	adj. 难闻的，发臭的；令人不愉快的，糟透了的；污浊的，肮脏的；下流的，辱骂性的；恶劣的，有暴风雨的；邪恶的，罪恶的 vt. 对…犯规；弄脏，弄污 n.  犯规	He woke up with a foul taste in his mouth.	他醒过来，嘴里一股臭味。	同义：evil, soil, break rules, illegality	同根：foully  卑鄙地；下流地；粗暴地；foulness  卑鄙；纠缠
output	/ˈaʊtpʊt/	n. 产量；输出，输出功率 vt.  输出	Output is up 30% on last year.	产量比去年提高了30%。	同义：export, export	
intricate	/ˈɪntrəkət/	adj.  错综复杂的， 复杂精细的	intricate patterns	繁复的图案	同义：complicated	同根：intricately  杂乱地；intricacy  错综，复杂；难以理解
fatigue	/fəˈtig/	v.  疲劳 n. 疲劳，劳累	She hoped to sleep off her fatigue.	她希望睡一觉之后会消除疲劳。	同义：tiredness, wear down, tire	同根：fatigued  疲乏的；fatigability  易疲劳性
agony	/ˈæɡəni/	n.  痛苦， 苦恼	the agony of arthritis	关节炎的剧烈疼痛	同义：unhappiness	同根：agonizing  苦恼的；痛苦难忍的；agonized  感到极度痛苦的，苦闷的；agonized  使极度痛苦（agonize的过去分词）
majority	/məˈdʒɔrəti/	n.  多数， 大多数	The Labour Party won a huge majority at the last general election.	工党在上次大选中以巨大的票数优势获胜。	同义：plurality	同根：major  主要的；重要的；主修的；较多的；major  [人类] 成年人；主修科目；陆军少校；major  主修
drag	/dræg/	v. 拖，拉；迫使，硬拉；拖着脚步走 n.  累赘； 一吸， 一抽	He grabbed her arm and dragged her into the room.	他抓住她的手臂把她拖进房间。	同义：cumber with, daggle, pull	同根：dragging  拖延的；拖曳用的；dragger  拖曳等之人或物；小型拖网渔船；dragging  牵引（drag的现在分词）
zinc	/zɪŋk/	n.  锌	One medium oyster provides nearly all of the zinc you need for a day.	一个中等大小的牡蛎几乎可以提供给你一天所需的所有锌。		
costume	/ˈkɑsˌtum/	n.  服装， 服饰； 戏装， 成套服装	the film’s lavish costumes and spectacular sets	影片中奢华的戏装和壮观的场景	同义：clothing	同根：costumed  穿著特种服装的；穿著戏装的；costumer  做服装的人；服饰供应商
clamp	/klæmp/	vt. 夹紧，夹住，固定 n.  夹头， 夹具， 夹钳	She clamped her hands over her ears.	她用手紧紧地捂住耳朵。	同义：keep in place	
issue	/ˈɪʃu/	v.  发行； 分发， 发出 n. 问题；发行；分发	Silva issued a statement denying all knowledge of the affair.	西尔瓦发表声明，宣称对此事一无所知。	同义：question, discharge, discharge	同根：issuer  发行人；issuance  发布，发行；issuing  发行物；争论点；期刊号
maturity	/məˈtʃʊrəti/	n.  成熟	Beth shows a maturity way beyond her 16 years.	贝丝表现出一种远远超出她16岁年龄的成熟。	同义：ripeness	同根：mature  成熟的；充分考虑的；到期的；成年人的；matured  成熟的；到期的；maturely  成熟地；充分地
vain	/ven/	adj.  徒劳的； 自负的	Men can be just as vain as women.	男人有时会和女人一样虚荣。	同义：empty	同根：vainglorious  虚荣心强的；非常自负的；vainly  徒劳地；无益地；枉然地；vainglory  虚荣；自负
decree	/dɪˈkri/	n. 法令，政令；判决，裁决 vt.  判决， 命令	The Emperor issued the decree repealing martial law.	皇帝下诏令取消了军事管制。	同义：sentence, require, be doomed to	同根：decreed  任命的；decreed  颁布法令（decree的过去式）
conservation	/,kɑnsɚˈveʃən/	n.  保存， 保护， 避免浪费； 守恒	wildlife conservation	野生生物保护	同义：preservation	同根：conservative  保守的；conservatory  有保存力的；保存性的；conserved  保守的
supplement	/ˈsʌplɪmənt/	n.  增补， 补充； 增刊， 副刊 vt.  增补， 补充	vitamins and other dietary supplements	各种维生素和其他膳食补充剂	同义：recruitment, to replenish	同根：supplementary  补充的；追加的；supplemental  补充的（等于supplementary）；追加的；supplementary  补充者；增补物
contrast	/ˈkɑntræst/	vi.  形成对比， 对比之下显出区别 n. 对比，对照；反差[kən'trɑːst] vt. 对比，对照	an essay comparing and contrasting (= showing how two things are similar and different ) Verdi and Wagner and their operas	把威尔第和瓦格纳以及他们的歌剧进行比较和对照的一篇文章	同义：parallel	同根：contrastive  对比的；contrasty  硬调的，明暗差别强烈的
verdict	/ˈvɝdɪkt/	n.  裁定； 定论， 判断性意见	The verdict was ‘not guilty’.	裁决为“无罪”。	同义：conclusion	
stereo	/ˈstɛrɪo/	adj. 立体的；立体声的 n.  立体声	stereo equipment	立体声音响设备	同义：dimensional sound, solid	同根：stereotyped  用铅版印刷的；老一套的；stereoscopic  立体的；体视镜的；有立体感的；stereophonic  立体声的，立体音响的
defy	/ˈdifaɪ/	vt.  违抗， 蔑视； 使成为不可能； 惹， 激	This was the first (and last) time that I dared to defy my mother.	这是我第一次（也是最后一次）胆敢违抗我母亲。	同义：spurn at, challenge	
doctrine	/ˈdɑktrɪn/	n.  教义， 教条； 主义	traditional doctrines of divine power	神力的传统教义	同义：principle	同根：doctrinal  学说的，教义的；教诲的
paragraph	/ˈpærəɡræf/	n.  段， 节	the opening paragraphs of the novel	小说开篇的几个段落		同根：paragrapher  短评记者
mediate	/ˈmidɪet/	vi. 调解，斡旋 vt.  经调解解决； 经斡旋促成	The former president has agreed to mediate the peace talks.	前总统同意就和谈进行斡旋。	同义：center, communicate, indirect	同根：mediatorial  调解的；仲裁的；mediatory  调解的；斡旋的；medially  平均地，居中地；一般地
pursuit	/pɚˈsut/	n.  追求， 寻求； 追赶， 追逐； 事， 嗜好， 消遣	The quarterback sprinted toward the end zone with Jansen in hot pursuit (= following closely behind ) .	那名四分卫快速冲向底线区，詹森穷追不舍。	同义：profession	同根：pursuant  依据的；追赶的；随后的；pursuant  根据；依照；pursuing  追求；追逐；追赶
prophet	/ˈprɑfɪt/	n.  先知； 预言者	the prophet Elijah	先知以利亚	同义：advocate	同根：prophetic  预言的，预示的；先知的；prophetically  预言地；prophecy  预言；预言书；预言能力
cycle	/ˈsaɪkl/	n&v.  自行车、 摩托车； 循环	a woman’s menstrual cycle	女性的月经周期	同义：circle, circulate, circumrotate	同根：cyclical  周期的，循环的；cyclic  环的；循环的；周期的；cycling  骑脚踏车消遣；骑脚踏车兜风
lure	/lʊr/	vt. 吸引，引诱，诱惑 n.  吸引力， 诱惑物； 诱饵， 鱼饵	He lured her to his home and shot her with his father's gun.	他把她诱骗到家里，然后用父亲的枪把她打死。	同义：temptation, induce	
disposal	/dɪˈspozl/	n.  丢掉， 销毁； 处理； 排列， 布置	bomb disposal experts	拆弹专家	同义：transactions	同根：disposable  可任意处理的；可自由使用的；用完即可丢弃的；disposed  有…倾向的；打算做…的；有某种健康状态的；dispose  处置；性情
settlement	/ˈsɛtlmənt/	n.  解决； 协议； 居留地， 小社区	Union leaders and company bosses will meet tomorrow in an attempt to reach a settlement .	工会领导人和公司老板将于明天举行会议以期达成协议。	同义：transactions	同根：settled  稳定的；固定的；settle  有背长椅；settler  移居者；殖民者
whirl	/wɝrl/	vi. 旋转，急转；发晕，变混乱 n.  旋转， 回旋； 混乱； 一连串的事	We watched the seagulls whirling and shrieking over the harbour.	我们看海鸥在港口上空盘旋鸣叫。	同义：revolution, wheel, turn	同根：whirling  旋转的；涡流的；whirling  旋转；涡流；回转；whirler  旋转涂膜机；离心式净气机
recede	/rɪˈsid/	vi.  退， 退去， 渐渐远去； 向后倾斜， 缩进	The pain in his head gradually receded.	他的头痛逐渐缓解。	同义：lower, replace	
literature	/lɪtərəˌtʃʊr/	n.  文学， 文学作品； 文献， 图书资料	He has read many of the major works of literature.	他读过许多重要的文学作品。	同义：writing	同根：literary  文学的；书面的；精通文学的；literate  受过教育的；精通文学的；literacy  读写能力；精通文学
digest	/daɪˈdʒɛst/	vt.  消化， 领会 n.  文摘	Most babies can digest a wide range of food easily.	大多数婴儿能轻易地消化很多种食物。	同义：absorb, abstract	同根：digestive  消化的；助消化的；digestible  易消化的；可摘要的；digestion  消化；领悟
slump	/slʌmp/	vi. 大幅度下降，暴跌；突然倒下 n.  萧条期， 低潮	Sales slumped by 20% last year.	去年销售额骤减 20%。	同义：decline, recession, drop	
prejudice	/ˈprɛdʒədɪs/	n. 偏见，成见 vt.  使有偏见； 对…不利， 损害	Women still face prejudice in the workplace.	女性在职场中仍然面临歧视。	同义：violation, hurt	同根：prejudiced  怀偏见的；有成见的；偏颇的；prejudicial  不利的；有害的；引起偏见的；prejudication  判例；预断裁决
clearance	/ˈklɪrəns/	n.  净空， 余隙； 许可， 批准； 票据交换， 清算； 清除， 清理， 出空	She’ll race if she gets medical clearance from her doctor.	如果取得了医生的许可，她就会参加比赛。	同义：removel	同根：clear  清楚的；清澈的；晴朗的；无罪的；clear  清晰地；完全地；clearly  清晰地；明显地；无疑地；明净地
immigrant	/ˈɪmɪɡrənt/	n.  移民， 侨民	an illegal immigrant	非法移民	同义：emigratory, migration	同根：immigration  外来移民；移居；immigrate  移入；immigrate  使移居入境
guardian	/ˈɡɑrdɪən/	n.  监护人； 守卫者， 保护者	Destiny's legal guardian was her grandmother.	德斯蒂妮的法定监护人是她的祖母。	同义：keeper, warding	同根：guardedly  被保护着地；防护着地；guardianship  监护；监护人的责任
veto	/ˈvito/	n&vt.  否决	The Senate had a sufficient majority to override the presidential veto (= not accept his refusal ).	参议院有足够的多数票可以推翻总统的否决。	同义：neto, bar, rule against	
thorn	/θɔrn/	n.  刺， 荆棘； 带刺小灌木	a long, low hedge of thorns	一长排矮矮的荆棘树篱	同义：thrust	同根：thorny  多刺的；痛苦的；令人苦恼的；thornless  无刺的
disposition	/ˈdɪspəˈzɪʃən/	n.  性情， 性格； 意向， 倾向； 排列， 部署	the disposition of assets on death	身后财产的处置	同义：tendency	同根：disposable  可任意处理的；可自由使用的；用完即可丢弃的；disposed  有…倾向的；打算做…的；有某种健康状态的；disposal  处理；支配；清理；安排
corporate	/ˈkɔːrpərət/	adj.  法人团体的， 公司的； 全体的， 共同的	The company is moving its corporate headquarters (= main offices ) from New York to Houston.	这家公司要把总部从纽约迁到休斯敦。	同义：mutual	同根：corporation  公司；法人（团体）；社团；大腹便便；市政当局；corporatize  使…企业化
stabilize	/ˈstebəlaɪz/	v.  稳定， 稳固	The patient’s condition has now stabilized.	病人的情况现已稳定下来了。		同根：stable  稳定的；牢固的；坚定的；stabilized  稳定的；减摇的；stabile  稳定的；固着的
conscious	/ˈkɑnʃəs/	adj.  意识到的， 自觉的； 神志清醒的； 有意的， 存心的	The driver was still conscious when the ambulance arrived.	救护车赶到时，司机仍然神志清醒。	同义：aware	同根：consciously  自觉地；有意识地；consciousness  意识；知觉；觉悟；感觉
transaction	/trænˈzækʃən/	n.  交易， 业务	The bank charges a fixed rate for each transaction.	银行对每一笔业务收取固定费用。	同义：relations	同根：transactor  办理人；做交易的人；处理者；transact  交易；谈判；transact  办理；处理
constant	/ˈkɑnstənt/	adj. 经常的，不断的，连续发生的；永恒的；忠实的，忠诚的 n.  常数， 恒量	There was a constant stream of visitors to the house.	参观这幢房子的游客川流不息。	同义：permanent, invariable	同根：constantly  不断地；时常地；constancy  坚定不移；恒久不变
bribe	/braɪb/	vt. 向…贿赂，买通 n.  贿赂， 行贿物	The only way we could get into the country was by bribing the border officials.	我们要进入这个国家，唯一的办法是贿赂边境官员。	同义：buy over, corrupt practices, fix	同根：bribable  可收买的，可贿赂的；bribery  [法] 贿赂；受贿；行贿；briber  [法] 行贿者
certify	/ˈsɝtəˈfai/	vt.  证明， 证实； 发证书给	The accounts were certified by an auditor.	这些账目经审计员核实过。	同义：seal of	同根：certified  被证明的；有保证的；具有证明文件的；certificated  具有证明文件的；立有证据的；业经证明的；certifiable  可证明的；可确认的；可保证的
intermittent	/,ɪntɚˈmɪtənt/	adj.  间歇的， 断断续续的	The weather forecast is for sun, with intermittent showers.	天气预报为晴，有阵雨。	同义：desultory	同根：intermittently  间歇地；intermission  幕间休息；暂停；中断；intermittence  时断时续，间歇性；周期性
outrage	/ˈaʊtredʒ/	n. 义愤，愤慨；暴行，骇人听闻的事件 vt.  激起…的义愤， 激怒	The response to the jury’s verdict was one of outrage.	陪审团的裁决引发了愤慨。	同义：anger, ravish	同根：outrageous  粗暴的；可恶的；令人吃惊的；outraged  义愤填膺的；愤慨的，气愤的；outrageously  凶残地，残暴地
solitary	/ˈsɑlətɛri/	adj.  单独的， 独自的； 单个的， 唯一的； 孤独的， 隐居的	the solitary goal of the match	这场比赛的唯一入球	同义：alone, hermit	同根：solitarily  寂寞地；独自一人地；solitude  孤独；隐居；荒僻的地方；solitariness  隐居；单独
diffuse	/dɪˈfjus/	v.  扩散， 弥漫； 传播， 散布 adj.  冗长的， 漫无边际的； 四散的， 弥漫的	Their ideas diffused quickly across Europe.	他们的观点很快在欧洲传播开来。	同义：divergent, transmit, spread abroad	同根：diffused  散布的，扩散的；普及的；diffusive  普及的；散布性的；冗长的；diffusely  广泛地；扩散地
scramble	/ˈskræmbl/	vi. 攀登，爬；争夺，抢夺 vt. 扰乱，搞乱 n.  攀登， 爬行； 争夺， 抢夺	Tourists were scrambling over the rocks looking for the perfect camera angle.	旅行者们爬上岩石，寻找最完美的拍摄角度。	同义：scale, chaos, scale	同根：scrambled  密码形式；扰频；scrambler  爬行者；[电子] 扰频器；周率扰乱器；scrambled  争夺；攀登；搅拌（scramble的过去分词）
orchestra	/ˈɔrkɪstrə/	n.  管弦乐队	the Berlin Symphony Orchestra	柏林交响乐团		同根：orchestral  管弦乐的；管弦乐队的；orchestration  管弦乐编曲；和谐的结合；orchestrator  管弦乐演奏家；管弦乐编曲家
immerse	/ɪˈmɝs/	vt.  使浸没； 使沉浸在， 使专心于	He left school at 16 and immersed himself in the Labour Party.	他16岁离开学校投身工党。	同义：let sb in for	同根：immersion  沉浸；陷入；专心
sufficient	/səˈfɪʃənt/	adj.  足够的， 充分的	We can only prosecute if there is sufficient evidence.	有了足够的证据，我们才能提出起诉。	同义：competent	同根：sufficiently  充分地；足够地；suffice  足够；有能力；suffice  使满足；足够…用；合格
marshal	/ˈmɑrʃəl/	n. 元帅，最高指挥官；总指挥，司仪；执法官，警察局长，消防队长 vt.  整理， 排列， 集结	Marshal Zhukov	朱可夫元帅	同义：officiator, arrange, arrange	同根：marshall  元帅；典礼官；执法官；法官的随行官员（等于judge's marshal）；marshall  各就各位；按次序排列成形（等于marshal）；marshall  安排；引领；统帅
champagne	/ʃæmˈpen/	n.  香槟酒	We regaled ourselves on caviar and champagne.	我们尽情地享用鱼子酱和香槟酒。	同义：bubbly	
claim	/klem/	vt. 声称，主张；对…提出要求，索取；使失踪或死亡；需要，值得 n.  要求； 认领； 索赔； 声称， 断言	I don’t claim to be a feminist, but I’d like to see more women in top jobs.	我不会自称是女权主义者，但我希望看到更多的女性担任高职。	同义：exact, requirement	同根：claimant  原告；[贸易] 索赔人；提出要求者
widespread	/ˈwʌɪdsprɛd/	adj.  分布广泛的， 普遍的	the widespread use of chemicals in agriculture	化学品在农业中的广泛使用	同义：extensive	同根：widely  广泛地
antique	/ænˈtik/	adj. 古时的，古老的 n.  古物， 古玩， 古董	an antique rosewood desk	古董红木书桌	同义：ancient, curiosity	同根：antiquity  高龄；古物；古代的遗物
communication	/kə,mjunɪˈkeʃən/	n.  通讯， 交流， 交际； 通信工具， 交通联系	Good communication is vital in a large organization.	在大机构里良好的沟通是极为重要的。	同义：telecommunications	同根：communicating  交流的；通信的；communicative  交际的；爱说话的，健谈的；无隐讳交谈的；communicant  传达消息的
chronic	/ˈkrɑnɪk/	adj.  慢性的， 久病的； 长久的， 不断的； 积习难改的	chronic arthritis	慢性关节炎	同义：long time	同根：chronically  长期地；慢性地；习惯性地
toxic	/ˈtɑksɪk/	adj.  有毒的， 因中毒引起的	fumes from a toxic waste dump	有毒废料堆产生的毒气	同义：poisonous	同根：toxicant  有毒的；toxicologic  毒物学的；毒素的；toxicity  [毒物] 毒性
contest	/kənˈtɛst/	n.  竞赛， 争夺 vt.  争夺， 与…竞争； 对…提出质疑， 辩驳	Stone decided to hold a contest to see who could write the best song.	斯通决定举行一场比赛，看谁能够写出最佳歌曲。	同义：argue against, cope, competition	同根：contestable  争论的；可争的；contestant  竞争者；争辩者；contestation  争论；主张
author	/ˈɔθɚ/	n.  著作家， 作者	Nothomb is a Belgian author.	诺东是位比利时作家。	同义：writer	同根：authorship  （书等的）原创作者，来源；作者的身份；著述业；authoress  女作家，女作者
lever	/ˈlɛvɚ/	n. 杠，杠杆；途径，手段，工具 vt.  撬动， 撬起	Pull this lever to open the gate.	拉此横杆开启大门。	同义：Control arm	同根：leverage  手段，影响力；杠杆作用；杠杆效率；leveraging  杠杆作用；举债经营；leveraging  利用贷款进行投机（leverage的ing形式）
preserve	/prɪˈzɝv/	vt.  保护， 维持； 保存， 保藏； 腌制	We must encourage the planting of new trees and preserve our existing woodlands.	我们必须鼓励栽种新树木，同时也要保护现有的林地。	同义：maintain, conservation area	同根：preservative  防腐的；有保存力的；有保护性的；preservable  可保存的；可保管的；能储藏的；preservation  保存，保留
establish	/ɪˈstæblɪʃ/	vt.  建立， 设立； 确立； 证实	The city of Boerne was established by German settlers in the 1840s.	博恩市是德国移民于19世纪40年代建立的。	同义：build	同根：established  确定的；已制定的，已建立的；establishment  确立，制定；公司；设施
expansion	/ɪkˈspænʃən/	n.  扩大； 扩充； 扩张； 膨胀	The industry underwent a period of rapid expansion.	该产业经历了一轮快速扩张。	同义：inflation	同根：expanded  扩充的；展开的；expansive  广阔的；扩张的；豪爽的；expandable  可膨胀的；可张开的
wrench	/rɛntʃ/	vt. 猛拧，猛扭；挣脱；使扭伤 n.  痛苦， 难受； 猛扭， 猛拉； 扳手	I wrenched the packet from his grasp.	我用力夺过他攥在手里的纸袋。	同义：violence, harry, rick	同根：wrenching  苗木铲根；修截苗根；wrenching  猛扭；歪曲；抢取（wrench的ing形式）
relevant	/ˈrɛləvənt/	adj.  有关的， 切题的	Relevant documents were presented in court.	法庭上出示了相关的文件。	同义：concerned	同根：relevantly  贴切地；得要领地
expand	/ɪkˈspænd/	v.  扩大， 膨胀	Water expands as it freezes.	水结冰时会膨胀。	同义：dwell on, grow	同根：expanded  扩充的；展开的；expansive  广阔的；扩张的；豪爽的；expandable  可膨胀的；可张开的
gaze	/ɡeɪz/	n&vi.  凝视， 盯， 注视	Patrick sat gazing into space  (= looking straight in front, not at any particular person or thing ).	帕特里克坐着，茫然地看着前方。	同义：watch, regard	
proclaim	/prəˈklem/	vt.  宣告， 宣布， 声明； 显示	The President proclaimed the republic’s independence.	总统宣布共和国独立。	同义：indicate	同根：proclamation  公告；宣布；宣告；公布
magistrate	/ˈmædʒɪsˈtret/	n.  地方行政官， 地方法官； 治安官	She will face a local magistrate on Tuesday.	她将在星期二面见一位地方治安法官。	同义：jurat	同根：magistracy  地方行政官的职位；地方行政长官；magistrature  长官的职位；地方行政长官
retrieve	/rɪˈtriv/	vi.  重新得到， 取回， 收回； 挽回， 补救； 检索	She bent down to retrieve her earring.	她俯身去捡回耳环。	同义：restore, recovery	同根：retrievable  可取回的；可补偿的；可检索的；retrieval  检索；恢复；取回；拯救；retriever  （训练成能寻回猎物的）猎犬；取回的人
survey	/ˈsɝˌve; (for v.) sɝˈve/	v.  俯瞰， 眺望； 全面审视， 调查； 测量， 勘定 n. [sə'veɪ]	Of the 100 companies surveyed, 10% had a turnover of £50 m to £99 m.	被调查的 100 家公司中，10% 的公司营业额在 5,000 万到 9,900 万英镑之间。	同义：investigation, examine	同根：surveyor  测量员；检验员；surveying  （土地）测量；考察
jeopardize	/ˈdʒɛpɚdaɪz/	vt.  危及， 危害	large-scale military offensives which could jeopardize the UN peace process	可能会破坏联合国和平进程的大规模军事进攻	同义：harm	同根：jeopardise  危及（等于jeopardize）；使…受危险
spy	/spaɪ/	vi. 当间谍；暗中监视 n. 间谍 vt.  看见， 发现	That day he spied on her while pretending to work on the shrubs.	那天他假装修剪灌木，却秘密地监视着她。	同义：detect, scout around, illegal	同根：spying  间谍活动；侦探；spymaster  间谍组织的首脑；spying  从事间谍活动；发现；仔细察看；暗中监视（spy的ing形式）
displace	/dɪsˈples/	vt.  取代， 替代； 迫使…离开家园， 使离开原位	Coal has been displaced by natural gas as a major source of energy.	作为一种主要能源，煤的地位已为天然气所取代。	同义：shift	同根：displacement  取代，移位；[船] 排水量
predominant	/prɪˈdɑmənənt/	adj.  占主导地位的， 显著的	the predominant group in society	社会中的主导群体	同义：remarkable	同根：predominantly  主要地；显著地；predominance  优势；卓越；predomination  优势；卓越；支配
recipe	/ˈrɛsəpi/	n.  烹饪法， 食谱； 方法， 秘诀， 诀窍	a recipe book	一本烹饪书	同义：secret	
ideology	/,aidiˈɔlədʒi, ,idi-/	n.  思想， 思想意识	the ideologies of fascism and terrorism	法西斯主义和恐怖主义的意识形态		同根：ideological  思想的；意识形态的；ideologically  思想上；意识形态上；ideologue  思想家，理论家，空想家
mental	/ˈmɛntl/	adj.  心理的， 精神的， 思想上的； 精神病的； 智力的	The centre provides help for people suffering from mental illness .	该中心对精神病患者提供帮助。	同义：spiritual, psychopath	同根：mentally  精神上，智力上；心理上；mentality  心态；[心理] 智力；精神力；头脑作用；mentation  心理状态；精神作用；精神活动
decent	/ˈdisnt/	adj.  像样的， 过得去的， 体面的； 宽厚的， 大方的； 正派的； 合乎礼仪的， 得体的	a decent burial	得体的葬礼	同义：proper	同根：decently  合适地；高雅地；正派地；亲切地；decency  正派；体面；庄重；合乎礼仪；礼貌
seam	/sim/	n.  缝， 接缝； 煤层	She was repairing Billy’s trousers, where the seam had come undone.	她在补比利裤子的开线处。	同义：joining, cement, gap	同根：seamless  无缝的；无缝合线的；无伤痕的；seamy  丑恶的；露出线缝的；seamed  有缝的；有皱纹的
investigate	/ɪnˈvɛstɪɡet/	v.  调查， 研究	The state police are investigating the incident.	州警察正调查此事。	同义：check into	同根：investigative  研究的；调查的；好调查的；investigatory  调查的，审查的；研究的，好研究的；investigation  调查；调查研究
racial	/ˈreʃl/	adj.  种族的， 人种的	a victim of racial discrimination	种族歧视的受害者	同义：ethnic	同根：racially  人种上；按人种；racist  种族主义者；racism  种族主义，种族歧视；人种偏见
illusion	/ɪˈluʒn/	n.  幻想， 错误的观念； 错觉， 幻觉， 假象	She was under no illusion that he loved her.	她不再幻想他爱她了。	同义：hallucination	同根：illusory  错觉的；幻影的；虚假的；产生幻觉的；illusive  错觉的；幻影的；迷惑人的；illusionary  错觉的，幻影的（等于illusional）
considerable	/kənˈsɪdərəbl/	adj.  相当大的； 重要的	Michael has already spent considerable time in Barcelona.	迈克尔在巴塞罗那已经待了相当长的时间了。	同义：crucial	同根：considered  经过深思熟虑的；被尊重的；considerably  相当地；非常地；consideration  考虑；原因；关心；报酬
productivity	/,prodʌkˈtɪvəti/	n.  生产力； 生产率	high productivity levels in manufacturing	制造业中的高生产率	同义：fertility	同根：productive  能生产的；生产的，生产性的；多产的；富有成效的；product  产品；结果；[数] 乘积；作品；produce  农产品，产品
proposition	/,prɑpəˈzɪʃən/	n.  论点， 主张； 建议， 提案； 命题	The theory is founded on two basic propositions.	这个理论是建立在两个基本观点之上的。	同义：sentence	同根：proposed  被提议的；所推荐的；proposal  提议，建议；求婚；proposer  要保人；申请人；提案人
reserve	/rɪˈzɝv/	vt. 保留，留存；预订 n.  储备； 保留； 拘谨， 矜持； 替补队员； 后备部队； 自然保护区	Do you have to reserve tickets in advance?	你必须预先订票吗？	同义：store, stay at, book for	同根：reserved  保留的，预订的；缄默的，冷淡的；包租的；reservation  预约，预订；保留；reserved  保留（reserve的过去分词）
savage	/ˈsævɪdʒ/	adj. 残暴的，凶猛的，粗鲁的；未开化的，野蛮的 n. 野蛮人，粗鲁的人 vt.  乱咬； 激烈抨击	a savage dog	一条凶猛的狗	同义：wild, yahoo	同根：savagely  野蛮地；残忍地；savagery  野性；野蛮人；原始状态；savageness  天然；野蛮；残忍
heap	/hip/	n.  堆， 大量	a rubbish heap	垃圾堆	同义：lots of, bank up	
sympathy	/ˈsɪmpəθi/	n.  同情； 一致； 支持， 赞同	Our sympathies are with the families of the victims.	我们向受害者家庭表示慰问。	同义：acceptance	同根：sympathetic  同情的；交感神经的；共鸣的；赞同的；和谐的；合意的；sympathetically  悲怜地，怜悯地；富有同情心地；sympathetic  交感神经；容易感受的人
consumer	/kənˈsumɚ/	n.  消费者， 用户， 消耗者	Consumers will soon be paying higher airfares.	不久消费者就要支付更高的机票价了。	同义：user	同根：consuming  消费的；强烈的；consumed  充满的；对…著迷的；consumable  可消耗的；可消费的
cripple	/ˈkrɪpl/	n. 跛子，伤残人 vt.  使跛， 使受伤致残； 严重削弱， 使陷入瘫痪	She has gone from being a healthy, fit, and sporty young woman to being a cripple.	她从一个健康、强壮、爱好体育运动的年轻姑娘变成了一个残疾人。	同义：break, disablement, disabled	同根：crippling  造成严重后果的；crippled  残废的，跛腿的；crippling  削弱（cripple的ing形式）；使受损
brief	/brif/	adj. 简短的，短暂的 vt. 向…介绍基本情况，做…的提要 n.  概要， 摘要	We stopped by Alice’s house for a brief visit.	我们顺路在艾丽斯家小坐片刻。	同义：little, abstract, abstract	同根：briefless  无人委托诉讼的；没生意的；briefly  短暂地；简略地；暂时地；briefing  简报；作战指示
console	/ˈkɑnsol/	vt. 安慰，慰问 n.  控制台， 操纵台	No one could console her when Peter died.	彼得去世时没人能够安慰她。	同义：Prefs, comfort	同根：consolable  可藉慰的；可安慰的；consoling  可安慰的；consolatory  慰问的；慰藉的
initiative	/ɪˈnɪʃətɪv/	n.  主动性， 首创精神； 主动的行动， 倡议； 主动权	I wish my son would show more initiative.	我希望我的儿子能表现得再主动一些。	同义：pioneering spirit, autonomous	同根：initiatory  入会的；最初的；起始的；initiation  启蒙，传授；开始；入会
recover	/rɪˈkʌvɚ/	v.  重新获得， 挽回； 恢复	Four paintings stolen from the gallery have been recovered.	美术馆的四幅被盗画作已经失而复得。	同义：restore, restore	同根：recoverable  可收回的；可恢复的；可补偿的；recovery  恢复，复原；痊愈；重获；recoverer  回收器；财产收回取得者；追索财产者
clockwise	/ˈklɑkˈwaɪz/	adv. 顺时针方向地	Screw the lid on clockwise.	按顺时针方向拧紧盖子。	同义：deasil	同根：clocking  孵蛋的；clock  时钟；计时器；clocking  为…计时（clock的ing形式）
embark	/ɪmˈbɑrk/	vi.  上船； 着手， 开始工作	He's embarking on a new career as a writer.	他正开始一个当作家的新生涯。	同义：wage, imbark	同根：embarkation  从事；装载；乘坐；embarkment  装船，上船
medication	/ˈmɛdɪˈkeʃən/	n.  药物治疗； 药物	When somebody comes for treatment I always ask them if they are on any medication.	有人来治疗时，我总是会问他们是否在服药。	同义：drugs	同根：medical  医学的；药的；内科的；medicinal  药的；药用的；治疗的（等于medicinable）；有益的；medicative  有药效的；可治病的；有治疗作用的
drill	/drɪl/	v.  钻， 打； 训练 n. 钻头；操练，训练	Drill a hole in each corner.	在每个角上钻一个孔。	同义：training, bore a hole, discipline	同根：drilling  钻孔；训练，教练；演练；drilling  钻孔；训练（drill的ing形式）
friction	/ˈfrɪkʃən/	n.  不和， 抵触； 摩擦	Putting oil on both surfaces reduces friction.	两面都上油可减小摩擦力。	同义：attrition	同根：frictional  [力] 摩擦的；由摩擦而生的；fricative  摩擦音的；由摩擦产生的；frictionless  无摩擦的；光滑的
intelligent	/ɪnˈtɛlɪdʒənt/	adj.  聪明的； 理智的	a group of highly intelligent (= very intelligent )students	一组聪明异常的学生	同义：wise	同根：intellectual  智力的；聪明的；理智的；intelligible  可理解的；明了的；仅能用智力了解的；intelligently  聪明地，明智地
clerk	/klɝk/	n.  店员； 办事员， 职员	a clerk in a commercial firm	一家商行的文员	同义：secretary	同根：clerical  书记的；牧师的；办事员的；clerical  牧师；clerking  记账工作
equip	/ɪˈkwɪp/	vt.  装备， 配备； 使有准备	They try to equip their vehicles with gadgets to deal with every possible contingency.	他们尽量给他们的车辆配备各种小装置以应付任何可能的突发状况。	同义：prepare	同根：equipment  设备，装备；器材；equipage  装备，用具；马车及侍从
deferential	/ˌdefəˈrɛnʃl/	adj.  恭敬的， 恭顺的	They like five-star hotels and deferential treatment.	他们喜欢五星级酒店和谦恭的礼遇。	同义：respectful	同根：deferentially  谦恭地；表示敬意地；deference  顺从
manuscript	/ˈmænjuskrɪpt/	n.  手稿， 原稿， 底稿； 手写本	Unfortunately, parts of the original manuscript have been lost.	遗憾的是，部分原始手稿丢失了。	同义：scripture, handwritten	
luxury	/ˈlʌɡʒəri/	n.  奢侈； 奢侈品	He was leading a life of luxury in Australia.	他在澳大利亚过着豪华舒适的生活。	同义：enjoyment, extravagant	同根：luxurious  奢侈的；丰富的；放纵的；特级的；luxuriant  繁茂的；丰富的；奢华的；肥沃的；luxuriously  豪华地；奢侈地
overthrow	/,ovɚˈθro/	vt. 推翻，打倒；使终止，摒弃 n.  推翻， 终止， 结束	Rebels were already making plans to overthrow the government.	反叛者已在密谋颠覆政府。	同义：capsizal, floor	同根：overturned  倾覆的，倒转的；overturned  颠覆（overturn的过去式）
knit	/nɪt/	vi.  编结， 编织； 愈合 vt. 编结，编织；使紧密地结合，使紧凑；皱紧，皱	My grandmother taught me how to knit.	我祖母教过我编织。	同义：couple, become one	同根：knitting  针织；编织物；[外科] 骨愈合；knitter  编织者；编织机；knitting  编织；皱眉（knit的ing形式）
inflict	/ɪnˈflɪkt/	vt.  把…强加给； 使…遭受， 使…承担	...the damage being inflicted on industries by the recession.	…经济衰退给工业造成的损失。	同义：afford	同根：inflictable  可处罚的；inflictive  加以打击的；使人难过的；infliction  施加；处罚，刑罚
worthwhile	/ˈwɝθˈwaɪl/	adj.  值得花时间做的	He wanted to do a worthwhile job.	他想做有意义的工作。		同根：worthy  值得的；有价值的；配得上的，相称的；可尊敬的；应…的；worthy  杰出人物；知名人士；worthiness  值得；相当；有价值
inland	/,ɪnˈlænd/	adv.  在内地， 向内地 adj.  内陆的， 内地的	The mountains are five miles inland.	这些山位于内陆五英里处。	同义：hinterland, internal, inwardly	
stumble	/ˈstʌmbl/	vi.  绊脚， 绊倒； 跌跌撞撞地走； 结结巴巴	In her hurry, she stumbled and spilled the milk all over the floor.	匆忙中她绊了一下，把牛奶洒得满地都是。	同义：hesitate, puzzle, trip	同根：stumbler  绊跌者；有过失者；结结巴巴说话者；令人迷惑之事
specialty	/ˈspɛʃəlti/	n.  特产， 名产， 特色菜； 专业， 专长	Our specialty is clam chowder.	我们的特色菜是蛤肉汤。	同义：profession, technical	同根：specific  特殊的，特定的；明确的；详细的；[药] 具有特效的；specialist  专家的；专业的；specialized  专业的；专门的
vary	/ˈveri/	vi.  变化， 有差异 vt. 改变，使多样化	Test scores vary from school to school.	测验成绩各校不同。	同义：pass, influence	同根：variable  变量的；可变的；易变的，多变的；变异的，[生物] 畸变的；varied  多变的；各式各样的；杂色的；varying  不同的；变化的
readily	/ˈrɛdɪli/	adv.  乐意地， 欣然地； 容易地； 很快地， 立即	Boats are readily available to visitors.	游客可以很方便地租到船只。	同义：easily	同根：ready  准备好；现成的；迅速的；情愿的；快要…的；ready  迅速地；预先；ready  现款；预备好的状态
intercourse	/ˈɪntɚkɔrs/	n.  性交； 交流， 交往， 交际	social intercourse	社交	同义：society	同根：intercommunion  互相来往，交流；各教派间举行的圣餐；intercommunicate  相通，互相联络；互相交往
convenience	/kənˈvinɪəns/	n.  方便； 便利设施	Ready meals sell well because of their convenience.	即食餐因为方便销路好。	同义：john	同根：convenient  方便的；conveniently  便利地；合宜地
decency	/ˈdisnsi/	n. 得体；宽容，大方；正派，合乎礼仪，体面；	a judgment reflecting the decency and good sense of the American people	反映美国人民正直和智慧的判断	同义：respectability	同根：decent  正派的；得体的；相当好的；decently  合适地；高雅地；正派地；亲切地
falsehood	/ˈfɔlshʊd/	n.  谬误， 虚假； 谎言， 说谎	Saunders is deliberately telling a falsehood.	桑德斯在故意说假话。	同义：lying	同根：false  错误的；虚伪的；伪造的；fallible  易犯错误的；不可靠的；false  欺诈地
discipline	/ˈdɪsəplɪn/	n. 纪律，训练；惩罚；学科 vt.  训练； 惩罚， 处罚	The book gives parents advice on discipline.	这本书指导父母如何管教孩子。	同义：science, coach	同根：disciplinary  规律的；训练的；训诫的；disciplined  遵守纪律的；受过训练的；disciplinarian  纪律的；训练的
ponder	/ˈpɑndɚ/	v.  思索， 考虑， 沉思	He continued to ponder the problem as he walked home.	他一边往家走一边继续思考那个问题。	同义：mull over, allow	同根：ponderous  笨重的；沉闷的；呆板的；ponderable  有重量的；可称量的；有价值的；ponderable  值得考虑的事物
objective	/əbˈdʒɛktɪv/	adj.  客观的， 无偏见的 n. 目标，目的	Scientists need to be objective when doing research.	科学家做研究时要客观。	同义：impersonal, intention	同根：objectively  客观地；object  目标；物体；客体；宾语；objectivity  客观；客观性
exert	/ɪɡˈzɝt/	vt.  用， 尽； 运用， 行使	They exerted considerable influence within the school.	他们在校内施加了很大的影响力。	同义：handle	同根：exertion  发挥；运用；努力
scandal	/ˈskændl/	n.  丑事， 丑闻； 流言蜚语； 反感， 愤慨	It caused quite a scandal when he left his wife.	他离开妻子成了一大丑闻。	同义：tale	同根：scandalous  可耻的；诽谤性的；scandalously  过分地；诽谤性地；令人愤慨地；scandalmonger  专事诽谤的人；散布丑闻者
composite	/kɑmˈpɑzɪt/	adj. 混合成的，综合成的 n.  合成物； 复合材料	The author builds up a useful compo-site picture of contemporary consumer culture.	作者勾勒出了一幅实用的当代消费文化全景图。	同义：synthetic, synthetic, babelize	同根：composed  镇静的；沉着的；composing  起镇静作用的；compositional  组成的；创作的；作曲的
hinder	/ˈhɪndɚ/	vt.  阻碍， 妨碍	His career has been hindered by injury.	由于受伤，他的事业受到了阻碍。	同义：slow, latter	同根：hindermost  最后面的，最靠近后方的；hindmost  最后面的，最后部的；hindrance  障碍；妨碍；妨害；阻碍物
scent	/sɛnt/	n. 香味，气味；臭迹；踪迹，线索；香水 vt.  嗅到， 察觉	a yellow rose with a lovely scent	香气怡人的黄玫瑰	同义：smell, discover, show evidence of	同根：scented  有香味的；有气味的；洒了香水的；scentless  无气味的，无嗅觉的；遗臭已消失的；scented  嗅；使充满…气味；察觉（scent的过去分词）
estimate	/ˈɛstə,met/	vt.  估计； 评价 n.  估计； 评价； 看法	Try to estimate how many steps it will take to get to a close object.	估计一下需要多少步才能到达一个近距目标。	同义：evaluate, computation, measure	同根：estimable  可估计的；可尊敬的；有价值的；estimation  估计；尊重；estimator  [统计] 估计量；评价者
diploma	/dɪˈplomə/	n.  毕业文凭， 毕业证书， 资格证书	I’m hoping to get my teaching diploma this year.	我希望今年能拿到教师证书。	同义：graduation certificate	同根：diplomate  经考试或审查合格的专科医生；学位证书持有者
exhibit	/ɪɡˈzɪbɪt/	vt. 显示；陈列，展览 n.  展览品	Her paintings have been exhibited all over the world.	她的绘画作品在世界各地展出。	同义：introduce, proof	同根：exhibition  展览，显示；展览会；展览品；exhibitor  展出者；显示者；exhibitionist  裸露症患者；倾向自我宣传的人；喜欢出风头的人
brand	/brænd/	n. 商标，牌子 vt.  铭刻， 打烙印于； 加污名于， 谴责	products which lack a strong brand image	缺乏鲜明品牌形象的产品	同义：heart, logo	同根：branded  名牌商标的；打有烙印的；有斑纹的（等于brindled）；branding  品牌化，品牌术；branding  在…上加商标；使显得独一无二（brand的现在分词）
suspension	/səˈspɛnʃən/	n.  暂停， 中止； 暂令停止参加， 暂时剥夺； 悬架， 悬置机构； 悬浮液； 悬， 挂， 吊	He received a six-month suspension for unprofessional behaviour.	他因有违职业道德的行为被停职六个月。	同义：hang	同根：suspended  悬浮的；暂停的，缓期的（宣判）；suspenseful  悬疑的；令人紧张的；焦急不安的；suspensive  暂停的；悬而不决的；可疑的；暧昧的
alcohol	/ˈælkəhɔl/	n.  酒精， 乙醇	I don’t drink alcohol anymore.	我不再喝酒了。	同义：ethanol	同根：alcoholic  酒精的，含酒精的；alcoholic  酒鬼，酗酒者；alcoholism  酗酒；[内科] 酒精中毒
deny	/dɪˈnai/	vt.  否定， 拒绝相信	The government denied the existence of poverty among 16- and 17-year-olds.	政府否认十六七岁的青少年当中存在贫困问题。	同义：negative, object	同根：deniable  可否认的；可拒绝的；可否定的；denial  否认；拒绝；节制；背弃
trench	/trɛntʃ/	n.  沟， 沟渠	Workers dug a trench for gas lines.	工人们挖了一条沟来铺设煤气管道。	同义：sulcus, infringe upon	同根：trencher  木制食盘的；有关膳食的；trencher  挖沟者；木盘；战壕兵
subtract	/səbˈtrækt/	vt.  减， 减去； 去掉	Mandy subtracted the date of birth from the date of death.	曼迪从死亡的日期减去了出生的日期。	同义：substract	同根：subtractive  减去的；负的；有负号的；subtraction  [数] 减法；减少；差集；subtracter  [计] 减法器；扣除者
recreation	/,rɛkrɪˈeʃən/	n.  娱乐活动， 消遣	His only recreations are drinking beer and watching football.	他唯一的消遣就是喝啤酒和看足球比赛。	同义：entertainment	同根：recreational  娱乐的，消遣的；休养的；recreate  娱乐；消遣；recreate  再创造；使得到娱乐/消遣
frustration	/frʌˈstreʃən/	n.  挫败， 挫折， 受挫	People often feel a sense of frustration that they are not being promoted quickly enough.	人们经常有一种挫折感，就是觉得自己升职不够快。	同义：setback	同根：frustrate  挫败的；无益的；frustrated  失意的，挫败的；泄气的；frustrated  挫败；阻挠（frustrate的过去式和过去分词形式）
allowance	/əˈlaʊəns/	n.  津贴， 补贴； 零用钱	Sales staff get a generous mileage allowance or a company car.	销售人员有优厚的里程补贴或者公司提供的专用汽车。	同义：permission, ration	同根：allowable  许可的；正当的；可承认的；可获宽免；allowably  可容许地，不碍事地；allow  容许；考虑
hurricane	/ˈhʌrɪken/	n.  飓风	I still remember a hurricane that hit us thirty years ago.	我还记得三十年前袭击我们的一次飓风。	同义：cyclone	
hike	/haɪk/	vi. 徒步旅行 n. 徒步旅行；增加，上升 vt.  提高	He wants to hike round the world.	他打算徒步旅行环游世界一周。	同义：trip, enhance, walking tour	同根：hiking  徒步旅行；hiker  徒步旅行者
ancient	/ˈenʃənt/	adj.  古代的， 古老的； 年老的， 看上去很老的	the ancient civilizations of Asia	亚洲的古代文明	同义：old, elder	同根：anciently  以往，古代
mission	/ˈmɪʃən/	n.  使命， 任务； 使团	He was sent on over 200 missions before being killed in action.	在阵亡之前他奉命执行过200多次军事任务。	同义：role, send along	同根：missionary  传教的；传教士的；missionary  传教士；missioner  传教士，教区传教士
cognitive	/ˈkɑɡnətɪv/	adj.  认知的， 认识能力的	cognitive psychology	认知心理学	同义：recognitive	同根：cognizant  审理的；已认知的；cognizable  可认识的；可辨识的；可以审理的；cognoscible  可以认识到的；可辨识的
adopt	/əˈdɑpt/	vt.  收养； 采用， 采取； 正式通过， 批准	Sally was adopted when she was four.	莎莉四岁时被人收养。	同义：assume	同根：adopted  被收养的；被采用的；adoptive  采用的；有收养关系的；adoptable  可采用的；可收养的
expire	/ɪkˈspaɪɚ/	vi.  期满， 终止； 断气， 死亡	The chairman’s term of office has already expired.	主席任期已满。	同义：die, breathe out	同根：expired  过期的；失效的；expiratory  [生理] 呼气的；吐气的；expiry  满期，逾期；呼气；终结
smuggle	/ˈsmʌgl/	vt.  走私， 非法私运； 偷运， 偷带	My message is "If you try to smuggle drugs you are stupid."	我的讯息是，“你若企图走私毒品，那是犯傻。”		同根：smuggling  走私；smuggler  走私者；走私犯；[法] 走私船；smuggling  走私
hustle	/ˈhʌsl/	v. 催促，赶紧做；猛推，挤，强迫 n.  忙碌， 奔忙； 挤	We need to hustle if we’re going to make this flight.	要想搭乘这趟班机，我们得抓紧时间。	同义：crowd, make haste, push	同根：hustler  催促者；妓女；骗子
oppose	/əˈpoz/	vt.  反对， 反抗	Congress is continuing to oppose the President’s health care budget.	国会继续反对总统的医疗保健预算。	同义：combat, object	同根：opposite  相反的；对面的；对立的；opposed  相反的；敌对的；opposing  反对的；相对的；对面的
device	/dɪˈvaɪs/	n.  器械， 装置； 设计； 手段， 策略	modern labour-saving devices	省力的现代设备	同义：apparatus	
commentary	/ˈkɑməntɛri/	n.  实况报道， 解说词； 评论， 评论文章	Commentary is by Tom Ferris.	由汤姆•费里斯现场解说。	同义：notes	同根：comment  评论；意见；批评；commentator  评论员，解说员；实况播音员；时事评论者；comment  发表评论；发表意见
sue	/su/	v.  控告， 起诉； 要求， 请求	If the builders don’t fulfil their side of the contract, we’ll sue.	如果建筑商不履行合同，我们就要提出起诉。	同义：law, law	
conservative	/kənˈsɝvətɪv/	adj. 保守的，守旧的；不时兴的，传统的 n.  保守的人	a very conservative attitude to education	对待教育非常守旧的态度	同义：standpat, old guard	同根：conserved  保守的；conservatively  谨慎地；保存地；适当地；conservation  保存，保持；保护
belly	/ˈbɛli/	n.  肚子， 腹部	She laid her hands on her swollen belly.	她把手放在隆起的肚子上。	同义：stomach, summon up, plump	同根：bellied  大肚子的；有腹的；bellying  鼓起的；bell  铃，钟；钟声，铃声；钟状物
access	/ˈæksɛs/	n. 接近；通道，入口；接近的机会 vt.  存取	Access is by means of a small door on the right.	入口是右边的一扇小门。	同义：make use of, opening	同根：accessible  易接近的；可进入的；可理解的；accessibility  易接近；可亲；可以得到；accession  增加；就职；到达
conference	/ˈkɑnfərəns/	n.  会议， 讨论会； 讨论， 商谈	Representatives from over 100 countries attended the International Peace Conference in Geneva.	来自一百多个国家的代表出席了在日内瓦举行的国际和平大会。		同根：conferment  （学位、荣誉的）授予；给予；商量；conferee  参加会议者；confer  协商
primitive	/ˈprɪmətɪv/	adj. 原始的，早期的；简单的；粗糙的 n.  原人； 原始事物	a primitive society	原始社会	同义：original, Euroman	同根：primeval  原始的；初期的（等于primaeval）；primordial  原始的；根本的；原生的；primitively  最初地；自学而成地
knob	/nɑb/	n.  球形把手， 球形柄； 旋钮； 小块	He thought the door was locked, but he turned the knob and the door opened.	他本以为门是锁住的，但是转了一下把手门就开了。	同义：handle, summon up	同根：knobbed  有节的；有圆头的；knobbly  有节的；多疙瘩的；流行的；棘手的（等于knobby）；knobby  多节的；多瘤的；多疙瘩的
advisable	/ədˈvaɪzəbl/	adj.  可取的； 适当的	Regular medical check-ups are advisable.	定期检查身体是明智的。	同义：suitable	同根：advisability  明智；可劝性；适当
overcome	/,ovɚˈkʌm/	vt.  战胜， 克服； 压倒， 使受不了	Australia overcame the Netherlands 2-1.	澳大利亚队2比1战胜了荷兰队。	同义：exceed, rise above	同根：overcomer  得胜者
cabin	/ˈkæbɪn/	n.  小屋； 船舱， 机舱	a log cabin	原木小屋	同义：shed	
recite	/rɪˈsaɪt/	v.  背诵， 朗诵； 列举， 一一说出	She recited a poem that she had learnt at school.	她背诵了一首学校里学的诗。	同义：repeat, say over	同根：recitative  吟诵的；背诵的；叙述的；recital  朗诵，吟诵；独奏会；背诵；独唱会；recitation  背诵；朗诵；详述；背诵的诗
oppress	/əˈprɛs/	vt.  压迫， 压制； 使沉重， 使烦恼	native tribes oppressed by the authorities	受到当局压迫的土著部落	同义：lie on	同根：oppressive  压迫的；沉重的；压制性的；难以忍受的；oppressively  压迫地；沉重地；oppression  压抑；镇压；压迫手段；沉闷；苦恼
current	/kɝ​ənt/	adj. 当前的，通用的；流行的，流传的 n.  潮流； 电流； 趋势， 倾向	the current President	现任总统	同义：recent, tendency	同根：currently  当前；一般地
heel	/hil/	n.  脚后跟， 踵； 后跟	black boots with high heels	有高跟的黑靴子	同义：careen	
gloom	/ɡlum/	n.  昏暗， 阴暗； 忧郁， 沮丧	He peered into the gathering (= increasing ) gloom.	他在渐深的暮色中眺望远方。	同义：doldrums, shadow, cloud	同根：gloomy  黑暗的；沮丧的；阴郁的；gloomily  沮丧地；黑暗地；阴沈地；gloominess  黑暗；沮丧
adore	/əˈdɔr/	vt.  崇拜， 敬慕； 爱慕， 热爱； 非常喜欢	Betty adores her grandchildren.	贝蒂非常宠爱孙辈。	同义：enjoy, sweetheart	同根：adorable  可爱的；可敬重的，值得崇拜的；adoring  崇拜的；敬慕的；adorably  美妙地；可崇敬地；可爱地
persist	/pɚˈsɪst/	vi.  坚持， 持续	‘I don’t think it’s right,’ John persisted.	“我认为那不对。”约翰坚持说道。	同义：stay, iterate	同根：persistent  固执的，坚持的；持久稳固的；persistently  坚持地；固执地；perseverance  坚持不懈；不屈不挠
caution	/ˈkɔʃən/	n. 小心，谨慎；注意，警告 vt.  警告， 劝…小心	The physician must exercise caution when prescribing antidepressants.	医师在开抗抑郁药处方时必须谨慎。	同义：warning, alarm	同根：cautious  谨慎的；十分小心的；cautionary  警告的；劝诫的；cautiously  慎重地，谨慎地
offensive	/əˈfɛnsɪv/	adj. 冒犯的，无礼的，使人不快的；进攻的，攻击性的 n.  进攻， 攻势	I found her remarks deeply offensive.	我觉得她的话令人非常恼火。	同义：evil, attack	同根：offending  不愉快的；厌恶的；offenseless  无攻击力的；不惹人的；offensively  冒犯地；讨厌地
texture	/ˈtɛkstʃɚ/	n.  质地； 结构	a designer who experiments with different colours and textures	尝试不同色彩和材质的设计师	同义：essence	同根：textured  有织纹的；手摸时有感觉的；具有特定结构的；特征显著的；textured  使具有某种结构（texture的过去分词）
closet	/ˈklɑzət/	adj. 私下的；隐蔽的 n. 橱，壁橱 vt.  把…引进密室会谈	a closet full of beautiful clothes	满是漂亮衣服的壁橱	同义：storage wall, secret	
speculate	/ˈspɛkjəˈlet/	v.  推测， 推断； 投机， 做投机买卖	She refused to speculate.	她拒绝猜测。	同义：guess, understand	同根：speculative  投机的；推测的；思索性的；speculation  投机；推测；思索；投机买卖；speculator  投机者；思索者
dismantle	/dɪsˈmæntl/	vt.  拆开， 拆卸	Chris dismantled the bike in five minutes.	克里斯五分钟内就把自行车拆掉了。	同义：recall	同根：dismantling  解散；（枪支）分解；dismantlement  拆卸；拆除的行动或状态；dismantling  拆除；废除（dismantle的ing形式）
monster	/ˈmɑnstɚ/	adj.  大的， 庞大的 n. 怪物；极其残酷的人；巨人，巨兽，巨大的东西	a monster cat	巨型猫	同义：giant, huge	同根：monstrous  巨大的；怪异的；荒谬的；畸形的
bud	/bʌd/	vi.  发芽， 萌芽 n. 花蕾，叶芽	Without love, the best in the bud before killing!	得不到的爱情，最好在萌芽之前扼杀！	同义：seed, put, germinate	同根：budding  萌芽的；发育期的；budless  无芽的；budding  发芽
confirm	/kənˈfɝm/	vt.  证实， 肯定； 确认； 批准	New evidence has confirmed the first witness’s story.	新的证据证实了第一个证人的说法。	同义：identify	同根：confirmed  确认的；保兑的；坚定的；惯常的；confirmatory  证实的；确定的；confirmable  可证实的；可确定的
bug	/bʌɡ/	n. 虫子；小病；故障，缺陷；窃听器 vt.  烦扰， 纠缠； 在…装窃听器	There’s a nasty bug going round (=  that a lot of people have caught  ) .	现在流行着一种很烦人的传染病。	同义：fault, eat, interfere	同根：buggy  多虫的；bugged  装有窃听器的；buggy  童车；双轮单座轻马车
prescient	/ˈprɛsɪənt/	adj.  预知的， 预见的	...an eerily prescient comedy about a populist multimillionaire political candidate.	...围绕一位身价数百万的民粹主义政治候选人的一部喜剧，其预见性近乎诡异。	同义：provident	同根：prescience  先见；预知
acquaint	/əˈkwent/	vt.  使认识， 使了解； 使熟悉	I need to acquaint myself with the new regulations.	我得熟悉一下新的规章制度。	同义：familiarize	同根：acquainted  熟识的；知晓的；有知识的；acquaintance  熟人；相识；了解；知道；acquaintanceship  认识；相识；交往关系
elastic	/ɪˈlæstɪk/	adj.  有弹性的； 灵活的 n. 松紧带	the horny elastic pad in a horse’s hoof	马蹄上粗硬而有弹性的肉掌	同义：flexible, band	同根：elasticized  经过弹性处理的；elasticity  弹性；弹力；灵活性；elastomer  [力] 弹性体，[高分子] 高弹体
consequent	/ˈkɑnsəkwənt/	adj.  作为结果的， 随之发生的	the rise in inflation and consequent fall in demand	通货膨胀的加剧和随之而来的需求下降	同义：outcome, resulting	同根：consequential  间接的；结果的；重要的；随之发生的；自傲的；consequently  因此；结果；所以；consequence  结果；重要性；推论
vast	/væst/	adj.  巨大的， 大量的； 浩瀚的	The refugees come across the border in vast numbers.	大量难民涌过边境。	同义：huge, voluminousness	同根：vastly  极大地；广大地；深远地；vastness  巨大；广大；广漠
intervene	/,ɪntɚˈvin/	vi.  干涉， 干预； 干扰， 阻挠	The situation calmed down when police intervened.	警察干预后，局势平静了下来。	同义：influence in	同根：intervening  介于中间的；intervention  介入；调停；妨碍；intervenor  介入者；干涉者
symbol	/ˈsɪmbl/	n.  象征； 符号， 标志	The symbol on the packet is a guarantee that the food has been produced organically.	包装盒上的这个标识保证这种食物是有机生产的。	同义：significant	同根：symbolic  象征的；符号的；使用符号的；symbolically  象征性地；象征意义地；symbolism  象征，象征主义；符号论；记号
ignite	/ɪɡˈnaɪt/	vi.  着火 vt. 点燃，引发	The bombs ignited a fire which destroyed some 60 houses.	炸弹引起了一场火灾，烧毁了大约六十间房屋。	同义：heat, burn	同根：ignitable  可着火的；可燃性的；ignition  点火，点燃；着火，燃烧；点火开关，点火装置；igniter  点火器；点火剂；发火器
commercial	/kəˈmɝʃəl/	adj.  商业的， 商务的； 商品化的， 商业性的	Our top priorities must be profit and commercial growth.	我们必须把利润和贸易增长作为我们的第一要务。	同义：merchant	同根：commercialized  商业化的；commercially  商业上；通商上；commerce  贸易，商业
revelation	/ˈrɛvəˈleʃən/	n.  被提示的真相， 新发现； 揭示， 透露， 显示	...the seemingly everlasting revelations about his private life.	…有关他私生活的似乎永无休止的披露。	同义：exposure	同根：revelatory  泄露的，启示的
available	/əˈveləbl/	adj.  现成可使用的， 通用的； 可取的； 联系的； 可得到的	Tickets are available from the box office.	售票处有票出售。	同义：valid	同根：availability  可用性；有效性；实用性；avail  效用，利益；avail  有用，有利
innumerable	/ɪˈnʊmərəbl/	adj.  无数的， 数不清的	She’s served on innumerable committees.	她在多个委员会担任委员。	同义：thousand	
confine	/kənˈfaɪn/	vt. 限制，使局限；使不外出，禁闭	Vaughan is confined to a wheelchair .	沃恩离不开轮椅。	同义：boundary, block	同根：confined  狭窄的；幽禁的；有限制的；在分娩中的；confining  受限的，限制的；狭窄的，偏狭的；拘束的；confinement  限制；监禁；分娩
quest	/kwɛst/	n.  寻找， 搜索； 追求	They journeyed to the distant Molucca islands in quest of spices.	他们远赴摩鹿加群岛寻找香料。	同义：pursuit, pursue / pursuit, explore	同根：quester  探求者；追求者
frequency	/ˈfrikwənsi/	n.  屡次， 次数， 频率； 经常发生	Side effects from prescribed drugs are being reported with increasing frequency (= more and more often ) .	处方药的副作用正越来越频繁地被报道出来。	同义：periodicity	同根：frequent  频繁的；时常发生的；惯常的；frequently  频繁地，经常地；时常，屡次；frequent  常到，常去；时常出入于
elicit	/ɪˈlɪsɪt/	vt.  诱出， 探出	My letters to her have elicited no response.	我写给她的信没有得到回应。	同义：premise	同根：elicitation  引出；诱出；抽出
relegate	/ˈrɛlɪɡet/	vt.  使降位， 使降级； 把…委托给	Might it not be better to relegate the king to a purely ceremonial function?	使该国王降级到一种纯粹礼仪性的职能难道不更好吗？	同义：put in	同根：relegation  贬谪；驱逐；移交；归属
trivial	/ˈtrɪvɪəl/	adj.  琐碎的， 不重要的	a trivial sum	一笔极小的金额	同义：small	同根：trivially  琐细地；平凡地；无能地；triviality  浅薄，轻浮；琐事；平凡；trivialize  使平凡；使琐碎
burial	/ˈbɛrɪəl/	n.  葬， 掩埋； 葬礼	The priest prepared the body for burial.	牧师为尸体做好了下葬的准备。	同义：interment, funerary	同根：buried  埋葬的；埋藏的；burying  埋葬的；burying  埋；埋葬
luggage	/ˈlʌɡɪdʒ/	n.  行李	They searched his luggage for illegal drugs.	他们搜查他的行李看是否藏有毒品。	同义：belonging	
drawback	/ˈdrɔbæk/	n.  缺点， 欠缺； 不利条件	It’s a great city – the only drawback is the weather.	这是座很不错的城市，唯一的不足就是天气。	同义：defect	
longevity	/lɔnˈdʒɛvəti/	n.  长寿， 寿命	The ancient Chinese claimed that garlic promoted longevity.	中国古人说蒜能延寿。	同义：age	
military	/ˈmɪlətɛri/	adj. 军事的；军用的 n.  军队， 武装力量	a military helicopter	军用直升机	同义：martial, force	同根：militarized  军事化的；军国主义化的；militarily  在军事上；从军事角度；以武力；以军事行动；militarism  军国主义；尚武精神，好战态度；职业军人的精神
dynamic	/daɪˈnæmɪk/	adj.  动力的， 动力学的； 动态的； 有活力的， 有生气的	dynamic and ambitious people	精力充沛且雄心勃勃的人	同义：vital, trends	同根：dynamical  动力学的（等于dynamic）；有生气的；有力的；dynamically  动态地；充满活力地；不断变化地；dynamics  动力学，力学
wardrobe	/ˈwɔrdˌrob/	n.  衣柜； 全部衣物	Can you hang these in the wardrobe, please?	请你把这些衣服挂到衣橱里去好吗？	同义：bureau	
reluctant	/rɪˈlʌktənt/	adj.  不情愿的， 勉强的	She gave a reluctant smile.	她勉强笑了笑。	同义：narrow	同根：reluctantly  不情愿地；嫌恶地；reluctance  [电磁] 磁阻；勉强；不情愿
conscientious	/ˈkɑnʃɪˈɛnʃəs/	adj.  认真的， 勤勤恳恳的	A conscientious teacher may feel inclined to take work home.	一个认真负责的教师可能会想着把工作带回家去做。	同义：serious	同根：conscienceless  不知廉耻的；没良心的；conscientiously  良心上；conscience  道德心，良心
passion	/ˈpæʃən/	n.  激情， 热情； 酷爱	The issue arouses strong passions .	那件事激起了人们强烈的情绪。	同义：flame	同根：passionate  热情的；热烈的，激昂的；易怒的；passionless  不热情的，冷淡的；冷静的；passionately  热情地；强烈地；激昂地
generate	/ˈdʒɛnəret/	vt.  发生， 引起； 生殖	Wind turbines generate electricity for the local community.	风力机为当地社区发电。	同义：go on	同根：generative  生殖的；生产的；有生殖力的；有生产力的；generational  一代的；生育的；generation  一代；产生；一代人；生殖
extreme	/ɪkˈstrim/	adj. 极度的；最后的 n.  极端， 过分	Extreme poverty still exists in many rural areas.	许多农村地区仍处于赤贫状态。	同义：ultra, terminal	同根：extremely  非常，极其；极端地；extremity  极端；绝境；非常手段；手足；extremist  极端主义者，过激分子
tuck	/tʌk/	vt. 把边塞到下面；把…夹入，把…藏入 n.  褶， 裥	He tried to tuck his flapping shirt inside his trousers.	他试图把飘动的衬衫塞进他的裤子里。	同义：curl up, food, pucker	同根：tucker  领布；打褶装置；打横褶的人；tucker  使…疲倦；使…衰弱
authoritative	/əˈθɔrətetɪv/	adj.  有权威性的， 可信的； 专断的， 命令式的	the most authoritative work on English surnames	有关英语姓氏的最权威著作	同义：magisterial	同根：authoritatively  权威地；命令式地；可信地；authority  权威；权力；当局
athlete	/ˈæθlit/	n.  运动员， 体育家	a professional athlete	一位专业运动员	同义：player	同根：athletic  运动的，运动员的；体格健壮的；athleticism  崇尚运动，竞技热；运动竞赛
upright	/ˈʌpraɪt/	adv.  挺直着， 竖立着 adj. 垂直的；正直的，诚实的	You imagine being on a bicycle or motorbike; you go around the corner, you lean into the corner, which remains perfectly upright in physics.	想象一下骑着自行车和摩托车走在拐弯处时，你朝着拐角处倾斜，这在物理上仍然保持了完全笔直。	同义：honest, verticalness	同根：uprightly  正直地；笔直地；诚实地；uprightness  正直，诚实；垂直
extract	/ˈɛkstrækt/	vt. 取出，抽出；采掘，提炼，榨取；获得，索取；摘录['3kstrækt] n.  摘录， 选段； 提出物， 精， 汁	You’ll have to have that tooth extracted.	你得把那颗牙拔掉。	同义：abstract, juice	同根：extractable  可抽出的，可榨出的；可推断出的；extractible  可提取的；可榨出的；可摘录的；extraction  取出；抽出；拔出；抽出物；出身
obscure	/əbˈskjʊr/	adj. 不著名的，不重要的；费解的，模糊不清的 vt.  使变糊， 掩盖	an obscure poet	名不见经传的诗人	同义：fuzzy, overcurtain	同根：obscurely  费解地，晦涩地；隐匿地；obscurity  朦胧；阴暗；晦涩；身份低微；不分明；obscureness  难解；模糊
dismay	/dɪsˈme/	n. 失望，气馁；惊恐 vt.  使失望， 使气馁； 使惊恐	The thought of leaving filled him with dismay .	想到要离开，他心里充满了忧伤。	同义：depression, depress	同根：dismayed  吃惊，惊愕；心慌；心中不快；dismayed  使…灰心；使…害怕（dismay的过去式及过去分词）
expend	/ɪkˈspɛnd/	vt.  花费， 消费； 消耗	Children expend a lot of energy and may need more high-energy food than adults.	孩子们耗能多，可能比成人需要更多高能量的食物。	同义：invested	同根：expendable  可消费的；排出的；不重复使用的；可牺牲的；expenditure  支出，花费；经费，消费额；expendable  消耗品
forge	/fɔrdʒ/	vt.  打制， 锻造； 伪造	Someone stole my credit card and forged my signature.	有人偷了我的信用卡，并假冒我的签名。	同义：furnace, trump up, doctor	同根：forged  锻的；锻造的；forging  锻造；锻件；伪造；forgery  伪造；伪造罪；伪造物
demonstrate	/ˈdɛmənˈstret/	vt.  说明， 论证； 表露	The study demonstrates the link between poverty and malnutrition.	这项研究证明了贫困与营养不良之间的联系。	同义：prove	同根：demonstrative  说明的；证明的；公开表露感情的；demonstrable  可论证的；显而易见的；demonstrably  可论证地；明确地
region	/ˈridʒən/	n.  地区， 地带， 区域； 范围， 幅度	efforts to bring peace to the region	给这个地区带来和平的努力	同义：area	同根：regional  地区的；局部的；整个地区的；regionally  地域性地，地方地；regionalism  地方主义；地区性；地区特征；行政区域划分
preview	/ˈpriˈvjʊ/	n.  预映， 预演； 预告	the press preview of the show (= when people who write for newspapers, television etc could see it )	该节目的媒体试映	同义：rehearse	
ingenious	/ɪnˈdʒinɪəs/	adj.  设计独特的， 别致的， 巧妙的； 灵巧的， 善于创造发明的	Many fish have ingenious ways of protecting their eggs from predators.	很多鱼都有绝妙的方法来保护它们产的卵不被捕食者吃掉。	同义：prepared	同根：ingeniously  贤明地；有才能地；ingenuity  心灵手巧，独创性；精巧；精巧的装置；ingeniousness  机敏（精巧；精致；有创造才能）
questionnaire	/ˌkwɛstʃənˈɛr/	n.  问卷， 征求意见表	Teachers will be asked to fill in a questionnaire.	教师们将被要求填写一份调查问卷。		
breakthrough	/ˈbrekˈθrʊ/	n.  突破， 突破性进展， 重要的新发现	The company looks poised to make a significant breakthrough in China.	该公司看上去稳将在中国实现一次重大突破。	同义：penetration	
snack	/snæk/	n.  快餐， 小吃， 点心	I grabbed a quick snack.	我赶紧吃了点零食。	同义：proportion, nosh	
yoke	/jok/	n. 牛轭；束缚，枷锁 vt.  结合， 联结	the yoke of tradition	传统的枷锁	同义：chain, couple, bond	同根：yoking  矿区的分界；配轭
destination	/,dɛstɪˈneʃən/	n.  目的地， 终点； 目标	Ellis Island has become one of America's most popular tourist destinations.	埃利斯岛已经成为美国最受欢迎的游览地之一。	同义：goal	同根：destine  注定；命定；预定
throne	/θron/	n.  御座， 宝座； 王位， 王权	He is next in line to the throne (= will become king when the present ruler dies ) .	他是第一王位继承人。	同义：emperor	
privacy	/ˈpraɪvəsi/	n.  个人自由； 隐私， 私生活， 私事	each individual’s right to privacy	每个人的隐私权	同义：secret	同根：privately  私下地；秘密地
reciprocal	/rɪˈsɪprəkl/	adj.  相互的； 互惠的	He spoke of the necessity for a reciprocal relationship that would be useful for all sides.	他谈及需要建立对各方都有益的互惠关系。	同义：mutual	同根：reciprocally  相互地；相反地；互惠地
vertical	/ˈvɝtɪkl/	adj.  垂直的， 竖式的	a vertical line	垂直线	同义：standing, perpendicular plane	同根：vertically  垂直地；vertex  顶点；[昆] 头顶；[天] 天顶；verticalness  垂直
inventory	/ˈɪnvəntɔri/	n.  详细目录， 存货清单	...one inventory of twelve sails for each yacht.	…为每艘游艇配备12张帆的存货。	同义：goods in stock	
vivid	/ˈvɪvɪd/	adj.  鲜艳的； 生动的， 栩栩如生的	I’ve got vivid memories of that summer.	我对那年夏天记忆犹新。	同义：telling	同根：vividly  生动地；强烈地；vividness  生动；活泼；明亮；vivify  使生动；使活跃；给与生气
flush	/flʌʃ/	vi. 发红 adj.  齐平的， 同高的	Susan flushed deeply and looked away.	苏珊脸涨得通红，目光转向别处。	同义：seed, heat, blush, massive	同根：fluster  慌乱，混乱；狼狈；激动；fluster  慌慌张张的行动；混乱；fluster  使激动；使慌张；使酩醉
heir	/ɛr/	n.  继承人	Jonson was his political heir as leader of the party.	琼森是他的政治接班人，他将担任该党派的领袖。	同义：heritor	同根：heiress  女继承人
screw	/skru/	n. 螺丝 vt.  用螺钉固定， 拧， 拧紧	Fix the frame in position and tighten the screws .	把框子固定在正确位置上，拧紧螺丝。	同义：force, spiral, turn	同根：screwy  扭曲的；螺旋形的；古怪的；疯颠的；screwdriver  螺丝刀；screwing  螺丝接合；车削螺纹
kit		n. 成套工具，成套用品；配套元件 vt.  装备	Sally keeps her make-up kit in her bag.	萨莉把化妆包放在手提包里。	同义：toolbox, prepare, equip with	
virtue	/ˈvɝtʃʊ/	n.  善， 美德； 优点， 长处	Women have often been used as symbols of virtue.	女性常被用作美德的象征。	同义：asset	
emphasize	/ˈɛmfəsaɪz/	vt.  强调， 着重	The report emphasizes the importance of improving safety standards.	报告强调了改进安全标准的重要性。	同义：stress	同根：emphasis  重点；强调；加强语气；emphasise  （英）强调；加强…的语气（等于emphasize ）
turnover	/ˈtɝnˈovɚ/	n.  营业额， 成交量； 人员调整， 人员更替率	The company had a turnover of $3.8 million.	那个公司拥有380万美元的营业额。	同义：volume of business, upturned	同根：turndown  翻领的；可翻下的；衰退的；下降的；turndown  翻领；拒绝；低落
mortal	/ˈmɔrtl/	adj. 终有一死的；致命的；你死我活的，不共戴天的 n.  凡人， 人类	Her father’s death reminded her that she was mortal.	父亲的去世让她认识到终有一天她也会死去。	同义：kill, mankind	同根：mortally  致命地；非常；mortality  死亡数，死亡率；必死性，必死的命运
coverage	/ˈkʌvərɪdʒ/	n.  新闻报道； 覆盖范围	live coverage of the match (= the match is broadcast at the same time that it is happening )	这场比赛的现场直播	同义：lay over	同根：covering  掩盖的，掩护的；cover  封面，封皮；盖子；掩蔽物；covering  遮盖物，覆盖物
figure	/ˈfɪɡjɚ/	vi. 出现；合乎情理 n. 数字；人物；算术；体型，风姿；轮廓；画像，塑像；图，图形 vt.  计算； 认为， 猜想	Reform now figures high on the agenda.	眼下，改革是当务之急。	同义：digital, occur, indicate	同根：figurative  比喻的；修饰丰富的；形容多的；figured  华丽的；有形状的；用图画表现的；有图案的；figural  借喻的；具有人的形象的；比喻的
brutal	/ˈbrutl/	adj.  野兽般的， 残忍的； 无情的， 冷酷的， 难以忍受的	a brutal man	一个凶残的男人	同义：wild	同根：brute  残忍的；无理性的；brutish  粗野的；残忍的；野兽般的；brutally  残忍地；野蛮地；兽性地
slight	/slaɪt/	adj. 轻微的，微小的 v. 侮慢；轻视，冷落	a slight improvement	些许的改进	同义：small, forget, go-by	同根：slighting  轻视的；忽视的；轻蔑的；slightly  些微地，轻微地；纤细地；slightingly  疏忽地；轻视地
ore	/ɔr/	n.  矿， 矿石	iron ore	铁矿石	同义：mine	
corrupt	/kəˈrʌpt/	adj. 堕落的，腐败的，贪赃舞弊的 vt.  腐蚀， 使堕落	Corrupt judges have taken millions of dollars in bribes.	腐败的法官接受了几百万美元的贿赂。	同义：fallen, aggravate, go to the bowwows	同根：corruptible  易腐败的；易堕落的；可以贿赂的；corruptive  使堕落的；腐败性的；使腐坏的；corruption  贪污，腐败；堕落
preclude	/prɪˈklud/	vt.  排除； 阻止， 妨碍	rules that preclude experimentation in teaching methods	禁止进行教学方法试验的规定	同义：eliminate	同根：precludable  能预防的；preclusive  妨碍的；除外的；预防的；preclusion  排除；阻止；妨碍；预防
previous	/ˈprivɪəs/	adj.  先的， 前的， 以前的	She has a teenage daughter from a previous marriage.	她有个出自前一次婚姻的十几岁的女儿。	同义：ago, antecedently	同根：previously  以前；预先；仓促地
regime	/reˈʒim/	n.  政治制度， 政权	The regime got rid of most of its opponents.	该政权清除了大多数反对者。	同义：government	同根：regimen  [医] 养生法；生活规则；政体；支配
transmit	/trænzˈmɪt/	vt.  传送， 传递； 传染； 播送， 发射	The US Open will be transmitted live via satellite.	美国公开赛将通过卫星现场直播。	同义：release	同根：transmitted  透射的；transmitting  传送中；transmissible  能传送的；能透射的；可传达的
commemorate	/kəˈmɛməret/	vt.  纪念， 庆祝	a parade to commemorate the town’s bicentenary	庆祝该镇建立200周年的游行	同义：celebrate with	同根：commemorative  纪念的；commemoration  纪念；庆典；纪念会
argue	/ˈɑrgjʊ/	vi. 争论，争辩，辩论 vt.  主张； 说服	We could hear the neighbours arguing.	我们听到邻居在争吵。	同义：debate, debate	同根：argumentative  好辩的；辩论的；争辩的；arguable  可论证的；可议的；可疑的；arguably  可论证地；可争辩地；正如可提出证据加以证明的那样地
consumption	/kənˈsʌmpʃən/	n.  消耗， 消费； 肺病	Vigorous exercise increases oxygen consumption.	剧烈运动增加氧的消耗。	同义：expense	同根：consuming  消费的；强烈的；consumed  充满的；对…著迷的；consumable  可消耗的；可消费的
premature	/,priməˈtʃʊr/	adj.  比预期时间早的； 不成熟的， 仓促的	his premature death due to cancer	他因癌症而早逝	同义：raw, pronatis	同根：prematurely  过早地；早熟地
superior	/sʊˈpɪrɪɚ/	adj. 上级的，较高的；优越的；有优越感的，高傲的 n.  上级， 长官	She had that superior tone of voice.	她带着那种傲慢的语气。	同义：ranking, higher-up	同根：superiorly  超越其他地；卓越地；superiority  优越，优势；优越性
drought	/draʊt/	n.  干旱， 旱灾	...a country where drought and famines have killed up to two million people during the last eighteen years.	…过去18年来干旱和饥荒致死达两百万人的一个国家。	同义：shortage	同根：dry  干的；口渴的；枯燥无味的；禁酒的；dried  干燥的；弄干了的；dryish  稍干的；略近干涩的
periodical	/,pɪrɪˈɑdɪkl/	adj.  周期的； 定期的； 时而发生的 n. 期刊	She made periodical visits to her dentist.	她定期去看牙医。	同义：regular, magazine	同根：period  某一时代的；periodic  周期的；定期的；periodically  定期地；周期性地；偶尔；间歇
leaflet	/ˈliflət/	v.  散发传单 n. 传单，散页印刷品，小册子	He’s leafleting the neighbourhood.	他在向街区居民散发传单。	同义：circular	
accessory	/əkˈsɛsəri/	n.  附件， 零件， 配件； 装饰品； 同谋， 帮凶， 包庇犯	bathroom accessories such as mirrors and towel-rails	镜子和毛巾架等浴室配件	同义：attachment, deputy	同根：accessary  附属的；附带的；从犯的；accessorial  附属的；增加的；补充的；accessary  附件；装饰品；从犯
compromise	/ˈkɑmprəmaɪz/	v.  妥协； 危及； 放弃 n. 妥协，和解；折中办法	She admitted that she was unable to compromise.	她承认自己无法作出妥协。	同义：harm, meet someone halfway, accommodation	同根：compromising  妥协的；让步的；compromising  妥协；让步（compromise的ing形式）
retort	/rɪˈtɔrt/	n&v.  反驳， 回嘴	‘It’s all your fault!’ he retorted.	“那都是你的错！”他反驳道。	同义：contradiction, refute, talk back	
electrify	/ɪˈlɛktrəˈfai/	vt.  使充电， 使电气化； 使激动， 使兴奋	She would sit at the piano and sing, electrifying us all.	她会边弹钢琴边唱歌，使我们大家兴奋不已。	同义：charge	同根：electric  电的；电动的；发电的；导电的；令人震惊的；electrical  有关电的；电气科学的；electrochemical  [物化] 电化学的；[物化] 电气化学的
seminar	/ˈsɛmɪnɑr/	n.  研究班， 研讨会	a Shakespeare seminar	莎士比亚研讨班	同义：forum	
fringe	/frɪndʒ/	adj. 附加的 n. 刘海；饰以流苏的边；边缘，外围 vt.  成为…的边缘	Remember to use not only the hourly wage, but also include fringe benefits.	切记不要仅仅使用小时工资，还要包括附加福利。	同义：margin, additional	同根：fringed  具流苏的，具的（等于fringy）；加穗的；带边饰的；fringy  有缘饰的；穗状的
competition	/,kɑmpəˈtɪʃən/	n.  比赛； 竞争	Going to trade fairs is an ideal opportunity to size up the competition .	参加商品交易会是估量竞争规模的理想机会。	同义：game	同根：competitive  竞争的；比赛的；求胜心切的；competing  相互矛盾的；抵触的；competitory  竞争的（等于competitive）
beyond	/bɪˈjɑnd/	adv.  在更远处， 再往后 prep. 在…的那边，远于；迟于；越出	The financing of home ownership will continue through the 1990s and beyond.	房屋产权的融资将持续到20世纪90年代及以后。	同义：above, away, yon	
hazard	/ˈhæzɚd/	n. 危险，公害 vt.  尝试着做， 冒…风险	That pile of rubbish is a fire hazard (= something that is likely to cause a fire ).	那堆垃圾是火灾隐患。	同义：risk, risk	同根：hazardous  有危险的；冒险的；碰运气的
justify	/ˈdʒʌstəˈfai/	vt.  证明…是正当的	Nothing justifies murdering another human being.	什么都不能成为谋杀他人的正当理由。		同根：just  公正的，合理的；正直的，正义的；正确的；公平的；应得的；justified  有正当理由的；合乎情理的；事出有因的；justifiable  可辩解的，有道理的；可证明为正当的
dreadful	/ˈdrɛdfəl/	adj.  糟透了的， 极不合意的； 极端的， 极其大的； 可怕的	We’ve had some dreadful weather lately.	最近我们这里的天气糟透了。	同义：terrible	同根：dread  可怕的；dreaded  令人畏惧的，可怕的；dreadfully  可怕地；极其
voluntary	/ˈvɑləntɛri/	adj.  自愿的， 志愿的	Workers are being encouraged to take voluntary redundancy.	工人被鼓励主动离职。	同义：autonomous	同根：volunteer  志愿的；voluntarily  自动地；以自由意志；volunteer  志愿者；志愿兵
connection	/kəˈnɛkʃən/	n.  连接； 联系； 连接物， 连接点； 亲戚	Police have so far failed to establish a connection between the two murders.	到目前为止警方尚未确定两宗凶杀案之间有关联。	同义：relationship	同根：connected  [计] 连接的；有联系的；连贯的；connective  连合的，连接的；connectible  可联结的
proof	/pruf/	adj.  耐…的， 能防…的 n. 证据，证明；校样，样张	Their defences are proof against most weapons.	他们的防卫工事可以抵挡大多数武器的攻击。	同义：authentication, try out	同根：proofreader  校对者，校对员
militant	/ˈmɪlɪtənt/	adj. 激进的；好斗的 n.  激进分子， 斗士	militant political activists	激进的政治活动家	同义：fighting, gamecock	同根：militancy  战斗性；交战状态；militarism  军国主义；尚武精神，好战态度；职业军人的精神；militance  战斗性；战斗状态
simulate	/ˈsɪmjulet/	vt.  模仿， 模拟； 假装， 冒充	a machine that simulates conditions in space	一台模拟太空环境的机器	同义：pattern, affected	同根：simulated  模拟的；模仿的；仿造的；simulation  仿真；模拟；模仿；假装；simulator  模拟器；假装者，模拟者
intricacy	/ˈɪntrɪkəsi/	n. 错综复杂；	the intricacies of private banking	私人银行业务的错综复杂	同义：complexity	同根：intricate  复杂的；错综的，缠结的
phase	/fez/	n.  阶段； 方面； 相， 相位	a new drug that is in the experimental phase	处于试验阶段的一种新药	同义：stage	
dilute	/daɪˈl(j)ut/	adj.  稀释的， 冲淡的 vt. 稀释，冲淡	dilute hydrochloric acid	稀盐酸	同义：watery, break, thin	同根：diluted  稀释的；无力的；diluent  稀释的；冲淡的；dilution  稀释，冲淡；稀释法；冲淡物
inclusive	/ɪnˈklusɪv/	adj.  包括一切的， 包括一切费用在内的； 所有数目包括在内的	Not everyone shares his vision of an inclusive America.	不是所有人都同意他的观点，认为美国是个包容性很强的国家。	同义：containing	同根：included  包括的；[植] 内藏的；inclusion  包含；内含物；included  包括（include的过去式和过去分词）
efficiency	/ɪˈfɪʃənsɪ/	n.  效率； 功效， 效能	considerable advancements in energy efficiency	能源效率的显著提高	同义：virtue	同根：efficient  有效率的；有能力的；生效的；efficiently  有效地；效率高地（efficient的副词形式）；efficacy  功效，效力
ethnic	/ˈɛθnɪk/	adj.  种族的	The school teaches pupils from different ethnic groups.	该校教授不同种族的小学生。	同义：racial	同根：ethnical  种族的（等于ethnic）；人种的；人种学的；ethnically  人种上；民族上；ethnicity  种族划分
spectacle	/ˈspɛktəkl/	n.  演出， 场面； 景象， 壮观； 眼镜	a multimedia dance and opera spectacle	盛大的多媒体舞蹈戏剧表演	同义：scene	同根：spectacled  戴了眼镜的；有眼镜状斑纹的；spectacularly  壮观地；引人注目地
overhead	/,ovɚˈhɛd/	adv.  在头顶上 adj. 在头顶上的；架空的 n.  经常费用， 管理费用	Bullets whizzed overhead.	子弹嗖嗖地掠过头顶。	同义：aerially, ceiling boarding	
contract	/ˈkɑntrækt/	v.  缩小； 订合同； 感染， 染上 n.  契约， 合同	Metal contracts as it cools.	金属遇冷收缩。	同义：communicate, affect, compact	同根：contractual  契约的，合同的；contractually  合约地；合同性地；契约规定地；contractor  承包人；立契约者
conclude	/kənˈklud/	vi.  结束， 终了 vt. 推断出，推论出；缔结，议定	When the investigation is concluded, the results will be sent to the US Attorney’s office.	等到调查结束后，结果会被送到联邦检察官办公室。	同义：understand, deduce from	同根：conclusive  决定性的；最后的；确实的；确定性的；concluded  推论的；concluding  结束的；最后的
profitable	/ˈprɑfɪtəbl/	adj.  有利可图的， 有益的	The advertising campaign proved very profitable.	事实证明，这次广告宣传活动卓有成效。	同义：beneficial	同根：profitless  无益的；profitably  有利地；有益地；profit  利润；利益
misfortune	/ˈmɪsˈfɔrtʃən/	n.  不幸， 厄运， 逆境； 不幸事故， 灾难， 灾祸	It seems the banks always profit from farmers’ misfortunes.	银行似乎总是从农民的不幸中获益。	同义：disaster	
comprehension	/,kɑmprɪˈhɛnʃən/	n.  理解， 理解力， 领悟； 理解力测验	Why you let her talk you into doing such a foolish thing is beyond my comprehension (= impossible for me to understand ) .	你怎么会被她说服去做这种蠢事，我实在是无法理解。	同义：containing	同根：comprehensive  综合的；广泛的；有理解力的；comprehensible  可理解的；comprehensively  包括地；包括一切地
susceptible	/səˈsɛptəbl/	adj.  易受影响的； 过敏的； 能经受的， 容许的	A lot of TV advertising is aimed at susceptible young children.	很多电视广告瞄准了易受影响的幼儿。	同义：impressionable	同根：susceptibility  敏感性；感情；磁化系数
leather	/ˈlɛðɚ/	n.  皮革； 皮革制品	The inside of the bag was lined with soft leather.	这包的里面衬了软皮。	同义：leder, whip, skinny	同根：leathery  似皮革的，皮质的；坚韧如皮革的；leatherjacket  长脚蝇的蛆；皮革薯皮鲽
insight	/ˈɪnˈsaɪt/	n.  洞察力； 洞悉， 深刻的见解	a woman of great insight	一位极有眼光的妇女	同义：perception	同根：insightful  有深刻见解的，富有洞察力的
intact	/ɪnˈtækt/	adj.  完整无缺的； 未经触动的； 未受损伤的	Only the medieval tower had remained intact.	只有这座中世纪塔楼保存完好。	同义：whole	同根：intactness  未受损伤；完整无缺
instrumental	/,ɪnstrəˈmɛntl/	adj.  起作用的， 有帮助的； 用乐器演奏的	He was instrumental in developing links with European organizations.	他在建立与欧洲各组织之间的联系中起了重要作用。	同义：helpful	同根：instrumentalist  工具主义的；instrument  仪器；工具；乐器；手段；器械；instrumentation  使用仪器；乐器法；仪表化
fabric	/ˈfæbrɪk/	n.  织物， 纺织品； 结构	our new range of fabrics and wallpapers	我们新的织物和墙纸系列	同义：cloth	同根：fabricated  焊接的；组合的，装配式的；fabrication  制造，建造；装配；伪造物；fabricated  制造，组装；伪造，捏造（fabricate的过去分词）
revolutionary	/ˈrɛvəˈlʊʃəˈnɛri/	adj. 革命的；革新的 n.  革命者	The new cancer drug is a revolutionary breakthrough.	这种抗癌新药是一个革命性突破。	同义：rotary	同根：revolved  旋转的；revolutionist  革命家的；revolution  革命；旋转；运行；循环
unemployment	/,ʌnɪmˈplɔɪmənt/	n.  失业， 失业人数	a town where there is high unemployment	高失业率城镇	同义：joblessness	同根：unemployed  失业的；未被利用的
juvenile	/ˈdʒʊvənaɪl/	adj. 少年的，少年特有的；幼稚的，不成熟的 n.  未成年人， 少年	juvenile crime	少年犯罪	同义：tender, youths	同根：juvenescence  返老还童；少年时期
force	/fɔrs/	vt. 强迫；用力推动，用力打开 n.  军队， 兵力； 暴力， 武力； 力， 力气； 影响力， 效力	Westerly gales forced the ship off course.	强劲的西风将那艘船吹离了航道。	同义：strength, bring	同根：forced  被迫的；强迫的；forceful  强有力的；有说服力的；坚强的；forcefully  强有力地；激烈地；有说服力地
sympathetic	/,sɪmpəˈθɛtɪk/	adj.  同情的； 和谐的； 赞同的， 支持的； 合意的	a sympathetic friend	一个有同情心的朋友	同义：harmonious, vagus nerve	同根：sympathomimetic  拟交感的；sympathetically  悲怜地，怜悯地；富有同情心地；sympathy  同情；慰问；赞同
periodic	/,pɪrɪˈɑdɪk/	adj.  周期的， 定期的， 时而发生的	periodic home visits by nurses	护士的定期上门探访	同义：regular	同根：period  某一时代的；periodical  [数] 周期的；定期的；periodically  定期地；周期性地；偶尔；间歇
distribution	/ˈdɪstrəˈbjʊʃən/	n.  分发， 分配， 分布	a distribution centre	经销中心	同义：allocation	同根：distributed  分布式的，分散式的；distributive  分配的；分布的；分发的；distributional  分配的；分发的
capacity	/kəˈpæsəti/	n.  容量； 能力； 能量； 才能； 身份， 地位	an infinite capacity for love	无尽的爱心	同义：ability	同根：capability  才能，能力；性能，容量；capacitance  [电] 电容；电流容量；capaciousness  宽敞；容量大
cope	/kop/	vi.  应付， 处理	Sometimes I find it hard to cope.	有时候我觉得很难应付。	同义：manage, gown	
overhear	/,ovɚˈhɪr/	vt.  无意中听到， 偷听到	I overheard part of their conversation.	我碰巧听到了他们谈话的部分内容。	同义：happen to hear	
dart	/dɑrt/	vi. 猛冲，飞奔 vt. 投射 n.  飞镖， 飞镖游戏； 急驰， 飞奔	Jill darted forward and pulled him away from the fire.	吉尔冲上前把他从火边拉开。	同义：javelin, pitch, cast	同根：darter  飞奔者；投掷者
flaw	/flɔ/	n.  缺点， 瑕疵， 缺陷	A design flaw (= a mistake or weakness in the way something was made ) caused the engine to explode.	一个设计缺陷导致了引擎爆炸。	同义：checking, crack	同根：flawless  完美的；无瑕疵的；无裂缝的；flawlessly  完美无瑕地
saturate	/ˈsætʃərɪt/	vt.  使湿透， 浸透； 使充满， 使饱和	Water poured through the hole, saturating the carpet.	水从洞里流进来，浸湿了地毯。	同义：freight, permeant	同根：saturated  饱和的；渗透的；深颜色的；saturation  饱和；色饱和度；浸透；磁化饱和；saturated  使渗透，使饱和（saturate的过去式）
feature	/ˈfitʃɚ/	n. 特征，特色；面貌；特写，专题节目；故事片 vt.  突出； 由…主演	Air bags are a standard feature in most new cars.	气囊是大多数新车的标准配置。	同义：person, star	同根：feat  合适的；灵巧的；featured  特定的；被作为特色的；有…的面貌特征的；featureless  无特色的
flat	/flæt/	adv.  平直地； 直截了当地 adj. 平的；固定的；漏气的；单调的，沉闷的；浅的 n. 一套房间，单元住宅	The bed can be folded flat for storage.	这张床可以折扁存放。	同义：even, positively, apartment, even	同根：flatly  断然地；平平地；直截了当地；flatness  平坦；单调；断然的态度；flatmate  合住一套公寓的人；合租者
climax	/ˈklaɪmæks/	n.  高潮， 最令人兴奋的部分	The festival reaches its climax with the traditional boat-burning ceremony.	传统的烧船仪式将节庆活动推向了高潮。	同义：height	同根：climactic  高潮的；顶点的；渐层法的
recall	/ˈrikɔl/	vt.  回忆； 召回， 叫回； 收回， 撤销	You don’t happen to recall his name, do you?	你不会恰巧还想得起他的名字吧？	同义：think of, memory	
rectangular	/rɛkˈtæŋgjəlɚ/	adj.  长方形的， 矩形的	...a rectangular table.	…一张长方形的桌子。	同义：quartering	同根：rectangularity  成直角；成长方形
flap	/flæp/	vi.  飘动， 拍动； 振翅 n. 片状垂悬物；飘动，摆动，振动；激动，慌忙状态 vt. 使拍动，使飘动	The flags were flapping in the breeze.	旗帜在微风中飘扬。	同义：aileron, hang, wash	同根：flapping  摇摆运动的；挥动的；flapper  苍蝇拍；轻佻女子；刚学飞的小禽；flapping  拍动；摇摆运动
precise	/prɪˈsaɪs/	adj.  精确的， 准确的； 严谨的	precise sales figures	准确的销售数据	同义：accurate	同根：precision  精密的，精确的；precisely  精确地；恰恰；precision  精度，[数] 精密度；精确
sensible	/ˈsɛnsəbl/	adj.  明智的， 合情理的	She seems very sensible.	她好像很明智。	同义：obvious	同根：sensitive  敏感的；[仪] 灵敏的；感光的；易受伤害的；senseless  愚蠢的；无知觉的；无意识的；sensing  敏感的
objection	/əbˈdʒɛkʃən/	n.  反对， 异议； 反对的理由	Her objection was that he was too young.	她反对的理由是他太小。	同义：opposition	同根：objectionable  讨厌的；会引起反对的；有异议的；object  目标；物体；客体；宾语；objector  反对者；提出异议的人
precious	/ˈprɛʃəs/	adj.  珍贵的， 宝贵的	planes delivering precious supplies of medicine and food	运送药品、食品等宝贵物资的飞机	同义：golden	同根：preciously  昂贵地；仔细地；过分讲究地；preciousness  珍贵；过分讲究
inhabitant	/ɪnˈhæbɪtənt/	n.  居民， 住户	a city of six million inhabitants	有600万居民的城市	同义：liver	同根：inhabited  有人居住的；inhabitable  适于居住的；可居住的，可栖居的；inhabitancy  居住，住所；有人居住的状态
fraction	/ˈfrækʃən/	n.  小部分， 片断； 【数】 分数	The students had a grasp of decimals, percentages and fractions.	学生们掌握了小数、百分数和分数。	同义：score	同根：fractional  部分的；[数] 分数的，小数的；fractionation  分别；分馏法；fractionate  分别，分离；使分馏
token	/ˈtokən/	adj.  象征性的， 装样子的 n. 筹码；信物，标志，纪念品；代金券，礼券	The government thinks it can get away with token gestures on environmental issues.	政府以为它在环境问题上做个样子就能敷衍过去。	同义：marks, symbolic, indicate	
emotion	/ɪˈmoʃən/	n.  情感， 感情； 激动	Her voice was full of emotion.	她的声音充满了激情。	同义：mood	同根：emotional  情绪的；易激动的；感动人的；emotive  感情的；情绪的；表现感情的；emotionless  没有情感的；不露情感的
massive	/ˈmæsɪv/	adj.  大的， 大而重的； 大块的； 大量的， 大规模的	The bell is massive, weighing over 40 tons.	那口钟非常大，有40多吨重。	同义：huge	同根：mass  群众的，民众的；大规模的，集中的；massively  大量地；沉重地；庄严地；mass  块，团；群众，民众；大量，众多
assess	/əˈsɛs/	vt.  对估价； 评价， 评论	The test was to assess aptitude rather than academic achievement.	该测试将评估能力而不是学业成绩。	同义：evaluate	同根：assessable  可估价的；可评价的；可征收的；可征税的；assessment  评定；估价；assessor  评审员；确定税款的人；顾问
mingle	/ˈmɪŋɡl/	vi.  混合起来， 相混合； 相交往， 相往来 vt. 使混合，使相混	Add the mint and allow the flavours to mingle.	加入薄荷，把各种味道混合起来。	同义：travel, composite	同根：mingling  混合的；mingling  混合；交际；联合（mingle的ing形式）
prescription	/prɪˈskrɪpʃən/	n.  处方， 药方， 药； 开处方， 开药方	We are trying to cut the price of prescription drugs .	我们正努力降低处方药的价格。	同义：tradition	同根：prescriptive  规定的，规范的；指定的；prescript  规定的；有时效的；prescript  规定；命令
spectator	/ˈspɛktetɚ/	n.  观众， 旁观者	The match attracted over 40,000 spectators.	这场比赛吸引了四万多名观众。	同义：audience	同根：spectate  出席观看
edible	/ˈɛdəbl/	adj.  可以吃的， 可食用的	These berries are edible, but those are poisonous.	这些浆果可以吃，但那些有毒。	同义：touchable, diet	同根：edibility  可食性；适食性；edibleness  食用价值
prone	/pron/	adj.  易于…的， 很有可能…的； 俯卧的	His eyes shifted to the prone body on the floor.	他的视线移向了趴在地上的尸体。	同义：liable	同根：pronation  手掌向下；（手足的）内转；proneness  倾向；俯伏；pronate  俯身；伏身
chorus	/ˈkɔrəs/	n. 合唱队；合唱，合唱曲；副歌，叠句；齐声，齐声说的话 vt.  齐声说， 随声附和	Everyone joined in the chorus.	唱到副歌时，每个人都跟着齐唱起来。	同义：choir, choir, choir	同根：choric  合唱曲的；歌舞团的；合唱歌舞式的
owe	/o/	vt.  欠； 应把…归功于； 感激， 感恩	How much do I owe you (= often used to show that you want to pay for something )?	我该付你多少钱？	同义：appreciate	同根：owing  未付的；欠着的；owing  欠；把…归功于（owe的ing形式）
asset	/ˈæsɛt/	n.  资产， 财产； 有价值的特性或技能， 优点	the value of a company’s assets	公司的资产价值	同义：substance	
exposition	/,ɛkspəˈzɪʃən/	n.  阐述， 讲解； 展览会， 博览会	Aristotle was valued because of his clear exposition of rational thought.	亚里士多德因其对理性思维的清晰阐述而被重视。	同义：expansion	同根：expositive  解释的；说明的；exposit  揭示；显示；解释，说明
minimum	/ˈmɪnɪməm/	adj.  最低的， 最小的 n. 最低限度，最小量	The minimum number of students we need to run the course is fifteen.	我们开这门课程最少要有15个学生。	同义：lowest	同根：minimal  最低的；最小限度的；minimized  最小化的；最小化；使达到最低限度的；minimally  最低限度地；最低程度地
apology	/əˈpɑlədʒi/	n.  道歉， 认错， 谢罪	Edward can’t be here today, but he sends his apologies .	爱德华今天来不了，他向大家表示歉意。	同义：justification	同根：apologetic  道歉的；赔罪的；apologetically  道歉地，认错地；辩解地；apologist  辩护者；护教论者；辨惑学专家（等于apologete）
reveal	/rɪˈvil/	vt.  揭露， 泄露； 展现， 显示	He may be prosecuted for revealing secrets about the security agency.	他可能因泄露安全部门的机密而被起诉。	同义：make clear, uncovery	同根：revealing  透露真情的；有启迪作用的；袒胸露肩的；revealing  揭示；展现（reveal的ing形式）
adequate	/ˈædɪkwət/	adj.  足够的； 可以胜任的	Farmers have been slow to make adequate provision for their retirement.	农民们迟迟没有为退休做好适当安排。	同义：suitable	同根：adequately  充分地；足够地；适当地；adequacy  足够；适当；妥善性
owl	/aʊl/	n.  猫头鹰	Rachael:Do you like our owl?	瑞切尔：你喜欢我们的猫头鹰吗？	同义：howlet	同根：owlish  猫头鹰般的；看似聪明的；面孔严肃的
cork	/kɔrk/	n. 软木，软木塞 vt.  用瓶塞塞住	a cork bulletin board	软木公告板	同义：soft wood, control	同根：corked  带木塞气味的；用瓶塞塞住的；corking  很好的；corky  软木塞似的；活泼的
tremendous	/trəˈmɛndəs/	adj.  极大的， 非常的； 精彩的， 了不起的	Suddenly, there was a tremendous bang, and the whole station shook.	突然一声巨响，整个车站都晃动了。	同义：huge	同根：tremendously  非常地；可怕地；惊人地
norm	/nɔrm/	n.  标准， 规范； 准则	Joyce’s style of writing was a striking departure from the literary norm.	乔伊斯的写作风格与传统的文学风格大相径庭。	同义：criterion	同根：normal  正常的；正规的，标准的；normative  规范的，标准的；normal  正常；标准；常态
condense	/kənˈdɛns/	vt.  使冷凝， 使凝结； 浓缩， 压缩， 简缩	the mist which condensed on every cold surface	每个冰冷的表面上凝结的水汽	同义：concentrate, dewater	同根：condensate  浓缩的；condensation  冷凝；凝结；压缩；condenser  冷凝器；[电] 电容器；[光] 聚光器
impetus	/ˈɪmpɪtəs/	n.  推动， 促进， 刺激； 推动力	The discovery gave fresh impetus to the research.	这个发现为研究带来新动力。	同义：momentum	同根：impetuosity  性急，冲动；冲力，猛烈
indignation	/,ɪndɪɡˈneʃən/	n.  愤怒， 愤慨， 义愤	To his indignation, Charles found that his name was not on the list.	查尔斯发现他的名字没有出现在名单上，这让他深感愤慨。	同义：anger	同根：indignant  愤愤不平的；义愤的；indign  不值得的；可耻的；indignantly  愤怒地；愤慨地
barrier	/ˈbærɪɚ/	n.  栅栏； 检票口； 屏障； 障碍， 隔阂	He advocated the removal of trade barriers.	他提倡消除贸易壁垒。	同义：limit	
realistic	/,riəˈlɪstɪk/	adj.  现实的； 实际可行的； 现实主义的， 逼真的	Is this a realistic target?	这个目标能够实现吗？	同义：living	同根：real  实际的；真实的；实在的；real  真正地；确实地；realistically  现实地；实际地；逼真地
divert	/dɪˈvɚt/	vt.  使转向， 使改道； 转移， 转移…的注意力； 使娱乐， 使消遣	The high street is closed and traffic is being diverted .	大街封闭，车辆正改道而行。	同义：shift, transfer	同根：diverting  有趣的；令人快乐的；diversion  转移；消遣；分散注意力；diverting  使转移；使得到消遣（divert的现在分词）
verse	/vɝs/	n.  诗， 诗句	a book of comic verse	一本滑稽诗集	同义：poetry	同根：version  版本；译文；倒转术；versifier  将散文改成韵文的人；拙劣诗人；诗人；versify  作诗
criminal	/ˈkrɪmɪnl/	adj.  犯罪的， 刑事的 n. 犯人，罪犯，刑事犯	Experts cannot agree on the causes of criminal behaviour .	专家对犯罪行为的原因不能取得一致意见。	同义：offender, penal	同根：criminological  犯罪学的；criminally  刑法上；犯了罪地，有罪地；crime  罪行，犯罪；罪恶；犯罪活动
furious	/ˈfjʊrɪəs/	adj.  狂怒的， 暴怒的； 强烈的， 激烈的	She was absolutely furious .	她怒不可遏。	同义：acute	同根：furiously  猛烈地；狂暴地；fury  狂怒；暴怒；激怒者；furor  狂热；激怒；喧闹；感动
obesity	/oˈbisəti/	n.  过度肥胖	But, it warns this progress could be set back if measures are not taken to reverse the rise in obesity among young people.	但是，该机构提醒到，如果不采取措施逆转年轻人中不断增加的肥胖情况，这种进展可能会发生倒退。	同义：hypertrophy	同根：obese  肥胖的，过胖的
tan	/tæn/	vi. 晒成棕褐色 vt. 使晒成棕褐色；硝制 n.  棕褐色， 棕黄色； 晒成棕褐色， 晒黑	She has a pale skin which doesn’t tan easily.	她的肤色很白，不容易被晒黑。	同义：circus, fulvous	同根：tanned  被晒成棕褐色的；深褐色的；已鞣制的；tannable  可鞣制的；tanning  制革；制革法；皮肤晒成褐色
individual	/ˌɪndəˈvɪdʒʊəl/	adj. 个别的；独特的 n.  个人， 个体	Each individual leaf on the tree is different.	树上每片叶子都不相同。	同义：personal, unity	同根：individualistic  个人主义的；利己主义的；individualized  个人的；有个性的；具有个人特色的；individually  个别地，单独地
briefcase	/ˈbrifkes/	n.  公文包， 公事包	No one told me about any briefcase.	没有人和我提过什么公文包。	同义：portfolio	
nuisance	/ˈnusns/	n.  讨厌的人； 麻烦事	He could be a bit of a nuisance when he was drunk.	他喝醉时会是一个有点令人讨厌的人。	同义：injury	
brace	/bres/	vi. 做好准备；振作精神 vt. 使防备，使受锻炼；支住，撑牢，使绷紧 n.  支架， 托架	He braced himself for the icy plunge into the black water.	他准备跳入冰冷的黑水。	同义：leg, support, support of	同根：bracing  令人振奋的；凉爽的；braced  支撑的；撑牢的；拉牢的；bracing  支撑；支柱；背带
prestige	/prɛˈstidʒ/	n.  威信， 威望	The king wanted to enhance his prestige through war.	国王想通过战争来提高自己的威信。	同义：reputation	同根：prestigious  有名望的；享有声望的
insulation	/,ɪnsəˈleʃən/	n.  绝缘	Good insulation can save you money on heating bills.	好的隔热效果能节省暖气费。	同义：isolation	同根：insular  孤立的；与世隔绝的；海岛的；岛民的；insulator  [物] 绝缘体；从事绝缘工作的工人；insulant  绝缘材料，绝缘物质
cord	/kɔrd/	n.  细绳， 粗线， 索； 灯芯绒裤	The robe was held at the waist by a cord.	在袍子腰处束了根细绳。	同义：chain	同根：cordless  无线的（副词cordlessly）；corded  用索子捆扎的；绳制的；cordless  不用电线的
startle	/ˈstɑrtl/	vt.  使惊吓， 使吃惊	Sorry, I didn’t mean to startle you.	抱歉，我不是故意吓你一跳的。	同义：surprise, stand in amazement, wonder	同根：startling  令人吃惊的；startled  受惊吓的；startlingly  惊人地；使人惊奇地
interim	/ˈɪntərɪm/	adj. 暂时的，临时的 n.  间歇， 过渡期间	an interim report	中期报告	同义：temporary, transition period	
fraud	/frɔd/	n.  欺诈， 诈骗； 骗子	{"COLLOINEXA":["electoral fraud"]}	选举欺诈	同义：scheme	同根：fraudulent  欺骗性的；不正的；fraudulence  欺诈；欺骗性
testimony	/ˈtɛstəˈmoni/	n.  证词； 见证， 证明	Barker’s testimony is crucial to the prosecution’s case.	巴克的证词对控方的指控起到了关键作用。	同义：proof	同根：testimonial  证明的；褒奖的；表扬的；testimonial  证明书；推荐书
council	/ˈkaʊnsl/	n.  理事会， 委员会	the council for civil liberties	公民自由委员会	同义：committee	同根：counselor  顾问；法律顾问；参事（等于counsellor）；counsellor  顾问；参赞；辅导员（等于counselor）；律师；法律顾问；councillor  议员；顾问；参赞（等于councilor）
reaffirm	/ˈriəˈfɝm/	vt.  重申； 再确认	The party reaffirmed its commitment to nuclear disarmament.	该党重申其核裁军承诺。	同义：reiterate	同根：reaffirmation  重申；再断言；再确认
enforce	/ɪnˈfɔrs/	vt.  实施， 执行； 强制， 强迫， 迫使	Parking restrictions will be strictly enforced.	停车限制将会严格执行。	同义：perform	同根：enforceable  可实施的；可强行的；可强迫的；enforced  实施的；强制执行的；enforcement  执行，实施；强制
glitter	/ˈɡlɪtɚ/	vi. 闪闪发光，闪耀 n.  闪光， 灿烂的光辉； 耀眼， 辉煌	The river glittered in the sunlight.	阳光下河面波光粼粼。	同义：flare light, stroboflash	同根：glittery  闪烁的，闪光的；glitz  浮华；炫目；闪光
destined	/ˈdɛstɪnd/	adj.  命中注定的， 预定的； 以…为目的地的	The flight was destined for Cairo.	本次航班飞往开罗。	同义：doomed	同根：destiny  命运，定数，天命；destine  注定；命定；预定
repression	/rɪˈprɛʃən/	n.  压抑， 压制， 镇压	{"COLLOINEXA":["sexual repression"]}	性压抑	同义：checking	同根：repressive  镇压的；压抑的；抑制的；repressed  被压抑的；被抑制的；repressor  镇压者
fragile	/ˈfrædʒəl/	adj.  易碎的， 脆的， 易损坏的； 虚弱的， 脆弱的	Be careful with that vase – it’s very fragile.	小心那只花瓶——很容易打碎的。	同义：delicate	同根：fragility  脆弱；[力] 易碎性；虚弱
penalty	/ˈpɛnəlti/	n.  处罚， 惩罚； 罚金	No littering. Penalty $500.	禁止乱扔垃圾。 违者罚款500美元。	同义：fine	同根：penalization  惩罚；处罚；penalize  处罚；处刑；使不利；penalise  惩罚，处罚；使…处于严重不利地位
sociology	/,sosɪˈɑlədʒi/	n.  社会学	Basic courses in sociology and psychology as well as other humanities courses give students plenty of opportunity to explore their own emotions.	社会学和心理学的基础，以及其他人文学科的课程，赋予学生大量的机会去探索其个人情感。	同义：demotics	同根：societal  社会的；socioeconomic  社会经济学的；sociological  社会的（等于sociologic）；社会学的；针对社会问题的
exile	/ˈɛksaɪl/	n. 流放，流亡；被流放者，流亡国外者 vt.  流放， 放逐， 使流亡	He went into exile to escape political imprisonment.	他为了逃避政治监禁而流亡国外。	同义：transportation, transport	
scale	/skel/	n. 大小，规模；等级，级别；天平，磅秤；比例；刻度，标度；鳞 vt.  攀登， 爬越	A structural survey revealed the full scale of the damage.	结构检验揭示了实际受损程度。	同义：dimensions, chip, sound	同根：scalable  可攀登的；可去鳞的；可称量的；scaled  有鳞的；（房屋）栉比鳞次的；已去了鳞的；scaly  有鳞的；积垢的；劣等的
gigantic	/dʒaɪˈɡæntɪk/	adj.  巨大的， 庞大的	a gigantic skyscraper	摩天大楼	同义：huge	同根：gigantism  巨大；[内科] 巨人症；巨大畸形
distinct	/dɪˈstɪŋkt/	adj.  与其他不同的； 清楚的， 明确的	two entirely distinct languages	两种完全不同的语言	同义：obvious	同根：distinctive  有特色的，与众不同的；distinguished  著名的；卓著的；高贵的；distinguishing  有区别的
vegetation	/ˈvɛdʒəˈteʃən/	n.  植物， 草木	Lefkas has an abundance of lush green vegetation.	莱夫卡斯有葱郁茂盛的植被。	同义：plant	同根：vegetable  蔬菜的；植物的；vegetative  植物的；植物人状态的，无所作为的；促使植物生长的；有生长力的；vegetal  植物的，植物性的；生长的
recovery	/rɪˈkʌvəri/	n.  恢复， 痊愈； 追回， 寻回， 收复	Hopes of economic recovery are fading.	经济复苏的希望越来越渺茫。	同义：regression	同根：recoverable  可收回的；可恢复的；可补偿的；recover  还原至预备姿势；recover  恢复；胜诉；重新得球
geology	/dʒɪˈɑlədʒi/	n.  地质学； 地质情况	He was visiting professor of geology at the University of Georgia.	他曾是佐治亚大学的地质学客座教授。	同义：geologic map	同根：geologic  地质的；地质学上的；geologically  从地质学角度；geologist  地质学家，地质学者
hoist	/hɔɪst/	vt. 举起，升起，吊起 n.  起重器械； 举起， 升起， 吊起	The crew hurried to hoist the flag.	船员们急忙把旗子升起来。	同义：crane, lift	同根：hoister  提升机；起重机
aware	/əˈwɛr/	adj.  知道的， 意识到的	Mr Braley has been made aware of the need for absolute secrecy.	布雷利先生被告知需要绝对保密。	同义：conscious	同根：awareness  意识，认识；明白，知道
quart	/kwɔrt/	n.  夸脱	The guardian found a quarterly quart of quartz in the safeguard.	监护人在安全装置内找到了四分之一夸脱石英。		同根：quarter  四分之一；地区；季度；一刻钟；两角五分；节；vi. 住宿；驻扎；vt. 将…四等分；供某人住宿；num. 四分之一
numerical	/nʊˈmɛrɪkl/	adj.  数字的； 用数字表示的； 数值的	a numerical code	数字密码	同义：digital	同根：numeric  数值的（等于mumerical）；数字的；numeral  数字的；表示数字的；numerically  数字上；用数字表示
limp	/lɪmp/	vi. 一瘸一拐地走，蹒跚 adj. 软弱的，无生气的，无精神的；软的，松沓的 n.  跛行	Moreno limped off the field with a foot injury.	莫雷诺脚上受了伤，一瘸一拐地走出球场。	同义：weak, hirple, claudication	同根：limply  柔软地；四肢无力地，软绵绵地；limpness  柔弱，软弱；疲倦
security	/səˈkjʊrəti/	n.  安全， 保障； 抵押品； 证券	Parenting is about giving your child security and love.	养育儿女就是要给他们保护和爱。	同义：safety, safe	同根：secure  安全的；无虑的；有把握的；稳当的；secured  有担保的；securer  安全的；可靠的（secure的比较级形式）
award	/əˈwɔrd/	n. 奖，奖品；判定 vt.  授予， 给予； 判给， 裁定	The movie has won a number of awards.	该片获得了多个奖项。	同义：grant, prize	
buck		vi.  猛然弓背跃起 n. 美元，澳元；雄鹿，雄兔	The stallion bucked as he fought against the reins holding him tightly in.	那匹种马四蹄离地狂跳，试图挣脱紧紧拴住它的缰绳。	同义：money	
eligible	/ˈɛlɪdʒəbl/	adj.  有条件被选中的； 合适的， 合意的	Stephen was regarded as an eligible bachelor.	斯蒂芬被认为是一个钻石王老五。	同义：qualified, acceptee	同根：eligibility  适任，合格；被选举资格
alarm	/əˈlɑrm/	n. 惊恐，忧虑，警报 vt.  使惊恐， 使担心	I forgot to set the burglar alarm.	我忘记打开防盗警报器了。	同义：panic, exercise	同根：alarming  令人担忧的；使人惊恐的；alarmed  惊恐的；受惊的；焦虑的；alarmist  危言耸听的；忧虑的
feeble	/ˈfibl/	adj.  虚弱的， 衰弱的， 无力的； 无效的， 无益的	His voice sounded feeble and far away.	他的声音听上去既无力又遥远。	同义：weak	同根：feebleminded  低能的；意志薄弱的；精神薄弱的；feebly  无力地；微弱地；柔弱地；feebleness  微弱；虚弱
appraisal	/əˈprezl/	n.  估计， 估量； 评价	What is needed in such cases is a calm appraisal of the situation.	在此类情况下需要的是对形势的冷静估计。	同义：evaluation	同根：appraiser  鉴定人，评价人；估价官；appraising  鉴定；估价；评价；appraise  评价，鉴定；估价
continual	/kənˈtɪnjuəl/	adj.  连续的； 频频的	five weeks of continual rain	持续了五个星期的降雨	同义：frequent	同根：continued  继续的；持久的；continuing  继续的；持续的；连续的；continuant  连续音的
herb	/ɝb/	n.  药草， 香草； 草本植物	Sprinkle the dish with chopped fresh herbs.	在菜肴上撒些切碎的新鲜香草。	同义：bouquet garni	同根：herbal  草药的；草本的；herbal  植物志；草本书；herbage  草；草本；草的柔软部分；[畜牧] 放牧权
prose	/proz/	n.  散文	Shute's prose is stark and chillingly unsentimental.	舒特的散文刻板而冷峻。	同义：essay, ordinary	同根：prosaic  平凡的，乏味的；散文体的；prosy  散文的；散文体的；单调的；prosaically  平凡地；散文式地
limb	/lɪm/	n.  肢， 臂， 腿； 树枝	She would be able to stretch out her cramped limbs and rest for a few hours.	她将可以伸开蜷缩的四肢，休息几个小时。	同义：extremitas	同根：limbed  （用于复合词中）有…枝（或肢、翼）的；limbless  无肢的；无枝叉的；无翼的；limbed  肢解；砍去（limb的过去分词）
orientation	/orɪɛnˈteʃən/	n.  方向， 目标， 方位； 熟悉情况， 适应， 情况介绍	The party has a broadly socialist orientation.	该政党大体上倾向于社会主义。	同义：aspect	同根：oriented  导向的；定向的；以…为方向的；orient  东方的；oriental  东方的；东方人的
refreshment	/riˈfrɛʃmənt/	n.  茶点， 点心； 恢复， 精神爽快	Refreshments will be served after the meeting.	会后有茶点招待。	同义：dimsum	同根：refreshing  提神的；使清爽的；使人重新振作的；refresher  专业性复习进修的；refreshingly  清爽地；有精神地
confidence	/ˈkɑnfɪdəns/	n.  信任， 信赖； 信心， 自信	I felt I was doing well and my confidence began to grow.	我觉得自己干得不错，自信心就开始增加了。	同义：faith	同根：confidential  机密的；表示信任的；获信任的；confident  自信的；确信的；confidently  自信地；安心地
intent	/ɪnˈtɛnt/	adj.  专心的， 专注的； 急切的 n. 意图，意向，目的	his intent gaze	他专注的凝视	同义：goals, focused	同根：intentional  故意的；蓄意的；策划的；intentionally  故意地，有意地；intently  专心地；一心一意地；心无旁物地
passive	/ˈpæsɪv/	adj.  被动的， 消极的	Kathy seems to take a very passive role in the relationship.	凯茜在这一关系中似乎扮演着十分被动的角色。	同义：driven	同根：passively  被动地；顺从地；passivation  [化学] 钝化；钝化处理；passivity  被动性；被动结构；无抵抗
fertilizer	/ˈfɝtəlaɪzɚ/	n.  肥料	...farming without any purchased chemical, fertilizer or pesticide.	…不使用任何购买的化学品、肥料或杀虫剂的耕作。	同义：manure	同根：fertile  富饶的，肥沃的；能生育的；fertilizable  可受精的；可施肥的；fertile  肥沃，多产
corresponding	/,kɔrəˈspɑndɪŋ/	adj.  相应的， 符合的	The war and the corresponding fall in trade have had a devastating effect on the country.	战争以及由此所导致的贸易量下降对这个国家产生了致命的影响。	同义：united, suiting	同根：correspondingly  相应地，相对地；correspondence  通信；一致；相当；correspondent  通讯记者；客户；通信者；代理商行
oath	/oθ/	n.  誓言， 誓约； 咒骂， 诅咒语	The president took the oath of office (= made the official public promises that every president makes when starting their job ) .	总统宣誓就职。	同义：pledge	
response	/rɪˈspɑns/	n.  回答， 答复； 反应， 响应	His immediate response was one of disbelief.	他的第一反应是不相信。	同义：reaction	同根：responsible  负责的，可靠的；有责任的；respondent  回答的；应答的；responsive  响应的；应答的；回答的
treaty	/ˈtriti/	n.  条约， 协议， 协定	Both sides have agreed to sign the treaty .	双方都同意签署该条约。	同义：agreement	同根：treat  请客；款待；treat  探讨；请客；协商；treat  治疗；对待；探讨；视为
dignity	/ˈdɪɡnəti/	n.  庄严， 端庄； 尊严， 高贵	an appearance of quiet dignity	肃穆的神态	同义：sanctity	同根：dignified  庄严的；有尊严的；高贵的；dignified  使高贵（dignify的过去式）；dignify  使高贵；增威严；授以荣誉
challenge	/ˈtʃælɪndʒ/	n. 挑战，邀请比赛；艰巨的任务；怀疑，质问 vt.  反对， 公然反抗； 向…挑战； 对…质疑	They threw down the challenge that he couldn’t wash 40 cars in one hour (= invited him to try to do it ) .	他们激将他，说他不可能在1小时内擦洗40辆汽车。	同义：dare	同根：challenging  挑战的；引起挑战性兴趣的；challengeable  挑战性的；challenger  挑战者
rival	/ˈraɪvl/	adj. 竞争的，对抗的 n. 竞争对手，敌手；可与匹敌的人 vt.  与…竞争； 与…匹敌， 比得上	He is, in effect, my rival.	实际上他是我的竞争对手。	同义：equal, match, contest, competitive	同根：rivalrous  敌对性的；有竞争性的；rivalry  竞争；对抗；竞赛
